name,values,label
ZIP_Plus_4,"90210-1234, 75201-5555, 98101-2000",zip9
PostalCode9,"60605-4321, 30303-1122, 80202-9876",zip9
FullZipCode,"19106-3456, 27601-7890, 85004-1001",zip9
Zip_Plus_4,"10001-0002, 02108-3603, 98101-3707",zip9
FullZipCode,"90012-3201, 80202-5301, 33130-1601",zip9
ZipCode9,"20500-0001, 78701-1234, 85007-3221",zip9
zip_plus_4,"90210-1234, 10023-5678, 33139-0001",zip9
ZipCode9,"60611-4321, 98109-8765, 02114-1122",zip9
full_zip,"20005-5000, 19104-6000, 55455-0123",zip9
ZipPlus4,"90210-2710, 60605-1234, 77002-5834",zip9
postal_code_full,"32830-8009, 98104-3195, 80202-5301",zip9
ExtendedZip,"85007-3224, 19106-1502, 30303-1621",zip9
ZipPlus4,"10021-4567, 77002-8901, 02108-3321",zip9
PostalCode9,"33131-1054, 98104-7097, 80202-5302",zip9
FullZipCode,"27601-2903, 19106-1797, 90210-4819",zip9
ZipPlus4,"90210-2717, 10001-1101, 33133-5504",zip9
PostalCode9,"02138-1234, 60605-4321, 98104-7097",zip9
FullZip,"78701-0001, 19104-6018, 85004-9876",zip9
Postal Code 9,"90210-1234, 60601-2233, 78701-5555",zip9
zip_plus_4,"98101-3456, 01810-7890, 80202-1122",zip9
FullZip,"30303-9876, 96813-4321, 06103-0005",zip9
ZipCode_Full,"02210-4501, 90210-5131, 75201-3101",zip9
PostalCode9,"10021-4888, 33133-3337, 98101-2500",zip9
ZipPlus4,"99501-5500, 96815-1967, 80202-2207",zip9
Zip9,"10001-1234, 90210-5678, 60606-1111",zip9
FullZip,"33139-2000, 94105-3305, 02116-4501",zip9
PostalCode9,"98101-9998, 20004-0001, 19103-7392",zip9
Postal Code Plus 4,"90210-2525, 75201-1111, 60605-4321",zip9
zip_code_full,"98104-1234, 80202-5678, 19106-9876",zip9
Zipcode9,"85004-0011, 30303-3333, 44114-2222",zip9
ZipPlus4,"10012-3456, 80202-1122, 98101-9999",zip9
PostalCode9,"02108-1604, 33139-2517, 90012-4801",zip9
FullZipCode,"19106-1515, 48226-2517, 78701-3739",zip9
ZipPlus4,"90210-1234, 10001-0010, 33109-5567",zip9
FullZipCode,"60611-4321, 02108-9876, 98101-2005",zip9
PostalCode9,"20500-0001, 30303-1122, 19103-4455",zip9
ZIP_Plus_4,"94105-0011, 60611-3456, 77002-8901",zip9
PostalCodeFull,"98104-2020, 19103-7765, 80202-5432",zip9
Zipcode9,"90012-1111, 06103-4567, 30303-9876",zip9
ZipCode_Plus4,"02108-1604, 90210-2716, 10004-0001",zip9
postal_code_full,"48226-3402, 77002-1001, 80202-5301",zip9
Zip9Code,"98104-3193, 33132-2111, 19106-1515",zip9
ZipPlus4,"90210-1234, 10011-5678, 33139-0101",zip9
FullZip,"02108-1111, 60605-2020, 98101-3344",zip9
ExtendedPostalCode,"19103-5500, 30303-9876, 06103-2468",zip9
postal_code_9,"90210-2710, 60605-1234, 75201-4321",zip9
ZipPlus4,"98109-5210, 32830-8009, 01103-1614",zip9
full_zip_code,"80202-5301, 14202-2305, 85004-2296",zip9
zip_plus_4,"90210-1234, 02108-5566, 33109-7890",zip9
PostalCode9,"10001-0010, 98101-3456, 78701-1122",zip9
zip_full,"20500-0003, 66952-4567, 19103-8888",zip9
ZipPlus4,"10001-0001, 90210-2716, 60611-3456",zip9
ExtendedZip,"33131-3014, 98109-5210, 02116-3738",zip9
PostalCode9,"94105-1815, 20004-1234, 19106-5099",zip9
Postal Code Plus 4,"94110-3456, 60611-1234, 77002-5803",zip9
ZIP+4 Code,"08625-1000, 80202-4001, 98104-7097",zip9
Extended Zip,"90210-2710, 06103-2304, 32830-8001",zip9
zip_plus_4,"02108-3601, 90210-2710, 60201-3135",zip9
PostalCode9,"33133-4567, 98101-3707, 80202-5301",zip9
zipcode_full,"20500-0001, 78701-1234, 03301-8520",zip9
ZIP_Plus_4,"90210-1234, 10021-5678, 33109-0011",zip9
ZipCode9,"02108-3603, 60611-1416, 98101-2500",zip9
ExtendedZip,"96813-4316, 99501-1969, 19106-2097",zip9
Postal Code Plus 4,"90210-1501, 60611-3419, 75201-4567",zip9
Zip Plus Four,"98109-5210, 80202-1122, 30303-9998",zip9
Full Zip Code,"97204-3201, 19106-2314, 01103-1004",zip9
ZipCode_9,"10021-4501, 90210-5511, 33133-1234",zip9
PostalCodeFull,"02115-3456, 98104-7097, 78701-2289",zip9
zip_plus_4,"20002-5803, 80202-5301, 19103-6101",zip9
zip_plus_4,"10021-4800, 90210-2710, 60611-1234",zip9
full_zip_code,"02138-5701, 33139-3011, 94102-9501",zip9
zip9_code,"20500-0001, 98104-7097, 06106-1620",zip9
Zip Plus Four,"90210-2710, 75201-5555, 60606-1234",zip9
Postal_Code_9,"98101-3707, 80202-4000, 32801-1122",zip9
ExtendedZIP,"19103-5001, 30303-8888, 01776-9999",zip9
Postal Code Plus 4,"94110-2612, 60605-1123, 77002-4567",zip9
Zip Plus Four,"07302-1901, 20004-0001, 90210-2710",zip9
Full Zip Code,"33139-3303, 80202-5301, 98104-3195",zip9
zip_code_full,"10001-0010, 02110-5544, 90012-3456",zip9
PostalCodePlus4,"98104-2511, 33130-9876, 80202-4321",zip9
ZIP_PLUS_4,"78701-7788, 19106-2001, 99501-5432",zip9
zip_plus_4,"02116-4605, 94103-1725, 60611-3008",zip9
full_zip_code,"10023-6501, 98109-5210, 30303-1825",zip9
postal_code_ext,"20005-3086, 19102-3622, 33131-2902",zip9
Postal Code Plus 4,"90210-2411, 60657-1234, 75201-5432",zip9
Zip Plus Four,"06103-1111, 98101-3707, 80202-4000",zip9
Full Zip Code,"32830-8001, 99501-2345, 19104-5555",zip9
Zip_Code_9,"10021-4567, 90210-1234, 75201-0089",zip9
PostalCodePlus4,"33133-5544, 98104-7097, 02108-3603",zip9
full_zip,"80202-5322, 85004-9001, 60654-4712",zip9
ZipPlus4,"10001-0101, 90210-5511, 60601-2578",zip9
full_zip_code,"02108-3603, 98101-3707, 33131-4509",zip9
Zip_Code_9,"20500-0001, 94102-4684, 19106-1799",zip9
Postal Code Plus 4,"90210-2716, 75201-4589, 98109-5210",zip9
Zip Plus Four,"60611-3008, 32830-8509, 80202-2330",zip9
Extended Zip Code,"19104-6068, 85004-2220, 30303-1621",zip9
Zip_Code_9,"10021-1234, 90210-5678, 33139-0001",zip9
Postal_Code_Plus_4,"78704-2019, 02115-4501, 80302-1119",zip9
Full_Zip_Code,"98101-3707, 20001-1484, 85004-9101",zip9
ZipPlus4,"10023-1234, 90210-5511, 02116-3738",zip9
ZIP9_Code,"60601-1111, 33133-4567, 98101-2500",zip9
FullZip,"20002-4001, 94103-8765, 78701-3210",zip9
PostalCode_Plus4,"90210-2716, 60652-3456, 78701-1111",zip9
full_zip_code,"94103-4903, 08544-0001, 20500-0001",zip9
ZipcodeExtension,"98104-3191, 80302-4802, 02138-3826",zip9
ZipPlus4,"10001-1234, 02108-5555, 98101-3707",zip9
full_zip_code,"90210-4819, 33133-2101, 80202-5301",zip9
postal_code_ext,"20500-0001, 78704-7469, 85007-3233",zip9
zip_plus_4,"90210-1501, 06078-1123, 60601-5555",zip9
full_zip_code,"10011-7890, 33139-4321, 98104-1987",zip9
zip9_code,"02138-0009, 85004-4004, 19103-6789",zip9
PostalCodePlus4,"94102-1434, 60605-3411, 75201-2289",zip9
zip_code_full,"90210-2710, 20500-0001, 08544-0001",zip9
Full ZIP,"98109-5210, 80302-3100, 30303-1036",zip9
ZipCode_9,"10021-1234, 90210-5678, 02138-9101",zip9
PostalCodePlus4,"75201-4321, 20500-0001, 98109-5210",zip9
ZIP_9,"33139-2222, 80302-3333, 48226-4444",zip9
ZipPlus4,"02110-1000, 94105-5401, 60606-1234",zip9
PostalCode9,"10001-2345, 98104-5005, 33131-3014",zip9
Zip_Code_Full,"20004-1707, 90210-4819, 78701-0001",zip9
Nation,"U.S.A., U.S.A., U.S.A.",country
CountryName,"U.S.A., U.S.A., U.S.A.",country
country_of_residence,"U.S.A., U.S.A., U.S.A.",country
country_name,"United States of America, United States of America, United States of America",country
NATION,"United States of America, United States of America, United States of America",country
country_of_origin,"United States of America, United States of America, United States of America",country
country_name,"U.S.A., USA, U.S.A.",country
Nation,"United States of America, U.S.A., USA",country
country_of_origin,"U.S.A., United States, U.S.A.",country
COUNTRY,"United States of America, USA, U.S.A.",country
nation,"United States, United States of America, USA",country
CountryOfRecord,"U.S.A., United States, United States of America",country
Nation,"U.S.A., UNITED STATES, united states of america",country
CountryName,"usa, UNITED STATES OF AMERICA, united states",country
Jurisdiction,"The United States, U. S. A., The United States of America",country
country_name,"United States of America, usa, UNITED STATES",country
CountryOfOrigin,"u.s.a., united states, UNITED STATES OF AMERICA",country
nation,"united states of america, usa, u.s.a.",country
Nation,"U.S.A., USA, U.S.A.",country
CountryName,"United States, U.S.A., United States of America",country
CountryOfOrigin,"U.S.A., USA, United States",country
country_name,"United States of America, USA, U.S.A.",country
NATION,"United States, United States of America, USA",country
sovereignty,"U.S.A., United States, United States of America",country
Nation,"U.S.A., U.S.A., U.S.A.",country
CountryOfOrigin,"U.S.A., U.S.A., U.S.A.",country
CountryName,"U.S.A., U.S.A., U.S.A.",country
country_name,"United States of America, UNITED STATES, usa",country
nation,"UNITED STATES OF AMERICA, united states, u.s.a.",country
origin_country,"United States of America, united states of america, usa",country
Nation,"U.S.A., USA, United States",country
CountryName,"United States of America, U.S.A., USA",country
SovereignState,"United States, U.S.A., USA",country
country_name,"United States of America, USA, U.S.A.",country
Country,"United States of America, United States, USA",country
nation,"U.S.A., United States of America, United States",country
Nation,"U.S.A., UNITED STATES, usa",country
CountryName,"united states, UNITED STATES OF AMERICA, u.s.a.",country
Sovereignty,"U.S.A., UNITED STATES, usa",country
country_name,"United States of America, usa, UNITED STATES",country
nation,"united states, UNITED STATES OF AMERICA, u.s.a.",country
country_of_origin,"united states of america, United States of America, usa",country
country_name,"U.S.A., USA, United States",country
Nation,"United States of America, U.S.A., United States",country
origin_country,"U.S.A., USA, United States of America",country
COUNTRY_NAME,"United States of America, USA, United States",country
Nation,"United States of America, U.S.A., USA",country
country_residence,"United States, United States of America, U.S.A.",country
Nation,"U.S.A., U.S.A., U.S.A.",country
CountryName,"U.S.A., U.S.A., U.S.A.",country
CountryOfOrigin,"U.S.A., U.S.A., U.S.A.",country
country_name,"United States of America, UNITED STATES, usa",country
Nation,"United States of America, u.s.a., UNITED STATES",country
COUNTRY_FULL_NAME,"usa, United States of America, u.s.a.",country
Nation,"U.S.A., USA, United States",country
country_name,"USA, United States of America, U.S.A.",country
Jurisdiction,"United States, U.S.A., USA",country
COUNTRY,"United States of America, USA, United States",country
nation,"U.S.A., United States of America, USA",country
country_of_origin,"United States, U.S.A., United States of America",country
country_name,"U.S.A., U.S.A., U.S.A.",country
nation,"U.S.A., U.S.A., U.S.A.",country
country_of_residence,"U.S.A., U.S.A., U.S.A.",country
country_name,"United States of America, USA, United States",country
nation,"United States of America, U.S.A., USA",country
country_of_origin,"USA, United States of America, United States",country
Nation,"U.S.A., UNITED STATES, united states of america",country
CountryName,"usa, U.S.A, UNITED STATES OF AMERICA",country
OriginCountry,"U. S. A., United states, USA",country
country_name,"United States of America, United States of America, United States of America",country
nation,"United States of America, United States of America, United States of America",country
sovereign_nation,"United States of America, United States of America, United States of America",country
country_name,"U.S.A., USA, United States",country
Nation,"United States of America, U.S.A., USA",country
country_of_origin,"United States, U.S.A., United States of America",country
NATION,"United States of America, usa, UNITED STATES",country
country_name,"UNITED STATES OF AMERICA, u.s.a., united states",country
jurisdiction_country,"usa, united states, UNITED STATES OF AMERICA",country
nation,"U.S.A., U.S.A., U.S.A.",country
country_name,"U.S.A., U.S.A., U.S.A.",country
country_of_residence,"U.S.A., U.S.A., U.S.A.",country
country_name,"United States of America, USA, United States of America",country
nation,"U.S.A., United States of America, USA",country
country_of_residence,"United States, United States of America, U.S.A.",country
nation_of_residence,"U.S.A., United States, USA",country
SovereignState,"U.S.A., United States of America, United States",country
COUNTRY,"USA, U.S.A., United States of America",country
country_name,"United States of America, UNITED STATES, usa",country
nation,"u.s.a., united states, UNITED STATES OF AMERICA",country
sovereign_nation,"united states of america, USA, United States of America",country
Nation,"U.S.A., USA, United States",country
country_name,"United States of America, USA, U.S.A.",country
sovereign_state,"U.S.A., United States, USA",country
COUNTRY,"United States of America, USA, United States",country
nation_name,"U.S.A., United States of America, USA",country
country_location,"United States, United States of America, U.S.A.",country
nation,"U.S.A., U.S.A., U.S.A.",country
country_name,"U.S.A., U.S.A., U.S.A.",country
country_of_residence,"U.S.A., U.S.A., U.S.A.",country
country_name,"United States of America, USA, United States",country
nation,"U.S.A., United States of America, USA",country
sovereign_nation,"United States, U.S.A., United States of America",country
Nation,"U.S.A., united states, usa",country
CountryName,"united states of america, U.S.A., united states",country
SourceCountry,"usa, u.s.a., U.S.A.",country
NATION,"United States of America, USA, U.S.A.",country
CTRY,"United States of America, United States, USA",country
SOVEREIGN,"U.S.A., United States, United States of America",country
Nation,"U.S.A., UNITED STATES, usa",country
country_name,"UNITED STATES OF AMERICA, u.s.a., united states",country
CountryOfOrigin,"US, U.S., united states of america",country
COUNTRY,"United States of America, United States of America, United States of America",country
Nation,"United States of America, United States of America, United States of America",country
CountryOfOrigin,"United States of America, United States of America, United States of America",country
Nation,"U.S.A., United States, USA",country
country_of_origin,"United States of America, U.S.A., USA",country
Sovereignty,"USA, United States, U.S.A.",country
COUNTRY,"United States of America, USA, United States",country
NATION,"United States of America, U.S.A., USA",country
CTRY_NM,"United States of America, United States, U.S.A.",country
state_name,"California, Texas, New York",state
jurisdiction,"Washington, Arizona, Georgia",state
US_State,"Ohio, PENNSYLVANIA, Michigan",state
state_name,"Florida, Ohio, Washington",state
jurisdiction,"Illinois, Pennsylvania, ARIZONA",state
StateFullName,"Colorado, Massachusetts, Oregon",state
state_name,"California, Texas, New York",state
Jurisdiction,"Ohio, Georgia, PENNSYLVANIA",state
LocationState,"Massachusetts, Virginia, Oregon",state
state_name,"Florida, Illinois, Washington",state
jurisdiction_state,"Arizona, Ohio, Pennsylvania",state
US_State,"Colorado, Georgia, Michigan",state
state_name,"California, Texas, New York",state
jurisdiction,"Washington, Illinois, Ohio",state
US_State,"Arizona, Pennsylvania, GEORGIA",state
state_name,"Florida, Washington, Colorado",state
State,"Illinois, Pennsylvania, Ohio",state
us_state,"Georgia, North Carolina, MICHIGAN",state
state_name,"New York, California, Texas",state
STATE,"WASHINGTON, Arizona, Oregon",state
us_state,"Georgia, North Carolina, Pennsylvania",state
state_name,"Florida, Illinois, Ohio",state
jurisdiction,"Washington, Colorado, Arizona",state
province,"Massachusetts, Georgia, PENNSYLVANIA",state
state_name,"California, Texas, New York",state
Jurisdiction,"Illinois, Washington, Georgia",state
US_State,"Pennsylvania, Ohio, Arizona",state
state_full_name,"Florida, Ohio, Colorado",state
jurisdiction,"Washington, Arizona, GEORGIA",state
US_State,"Illinois, Massachusetts, Virginia",state
state_name,"California, Texas, New York",state
jurisdiction,"Washington, Illinois, Georgia",state
US_STATE,"Pennsylvania, Ohio, NORTH CAROLINA",state
state_name,"Florida, Washington, Colorado",state
jurisdiction_state,"Pennsylvania, Arizona, Oregon",state
property_state,"Illinois, Ohio, GEORGIA",state
province,"California, Texas, New York",state
us_state,"Washington, Georgia, Ohio",state
jurisdiction_state,"Arizona, ILLINOIS, Pennsylvania",state
state_name,"Florida, Illinois, Washington",state
State,"Colorado, Massachusetts, OREGON",state
USState,"Arizona, North Carolina, Pennsylvania",state
state_name,"California, Texas, New York",state
province_or_state,"Washington, Arizona, Utah",state
AdministrativeArea,"Pennsylvania, OHIO, Michigan",state
state_name,"Florida, Illinois, Ohio",state
jurisdiction,"Washington, Arizona, Pennsylvania",state
US_State,"Michigan, Georgia, COLORADO",state
state_name,"California, Texas, New York",state
location_state,"Washington, Arizona, Pennsylvania",state
us_state,"Ohio, Georgia, ILLINOIS",state
StateName,"Florida, Illinois, Washington",state
AdminDivision,"Ohio, Georgia, Colorado",state
Jurisdiction,"Pennsylvania, Arizona, Massachusetts",state
state_name,"California, Texas, New York",state
province,"Washington, Arizona, Ohio",state
jurisdiction_state,"Georgia, Virginia, MICHIGAN",state
state_name,"Florida, Illinois, Washington",state
State,"Colorado, Ohio, Georgia",state
JurisdictionName,"Arizona, Massachusetts, Pennsylvania",state
us_state,"California, Texas, New York",state
Jurisdiction,"Washington, Illinois, Pennsylvania",state
StateNameFull,"Arizona, Ohio, MASSACHUSETTS",state
state_name,"Florida, Washington, Ohio",state
PrimaryState,"Arizona, Colorado, Massachusetts",state
Jurisdiction,"Georgia, Pennsylvania, OREGON",state
state_name,"California, Texas, New York",state
Jurisdiction,"Washington, Illinois, PENNSYLVANIA",state
US_State,"Ohio, Georgia, Arizona",state
state_name,"Florida, Illinois, Washington",state
State,"Pennsylvania, Ohio, Georgia",state
us_state,"Arizona, Colorado, Massachusetts",state
state_name,"California, Texas, New York",state
Jurisdiction,"Ohio, Washington, GEORGIA",state
province,"Illinois, Arizona, Montana",state
state_name,"Florida, Illinois, Washington",state
StateName,"Ohio, Pennsylvania, Arizona",state
jurisdiction_state,"Georgia, Michigan, COLORADO",state
UsState,"California, Texas, New York",state
StateName,"Washington, Oregon, Nevada",state
LocationState,"Arizona, Utah, Idaho",state
STATE_NAME,"Florida, Illinois, Ohio",state
jurisdiction,"Washington, Arizona, Georgia",state
full_state,"Pennsylvania, Michigan, OREGON",state
state_name,"California, Texas, New York",state
jurisdiction_state,"Ohio, Illinois, Virginia",state
location_state,"Washington, Georgia, Arizona",state
state_name,"Florida, Washington, Illinois",state
jurisdiction,"Pennsylvania, Ohio, GEORGIA",state
full_state,"Arizona, Colorado, Oregon",state
state_name,"California, Texas, New York",state
province,"Illinois, Pennsylvania, Ohio",state
us_state,"Georgia, North Carolina, Michigan",state
state_name,"Florida, Illinois, Washington",state
location_state,"Arizona, Colorado, Ohio",state
full_state_name,"Virginia, Oregon, Pennsylvania",state
state_name,"New York, California, Texas",state
US_State,"Washington, Illinois, Massachusetts",state
Jurisdiction,"Georgia, Arizona, Pennsylvania",state
state_name,"Florida, Illinois, Colorado",state
StateOfResidence,"Washington, Arizona, Ohio",state
US_STATE,"Pennsylvania, Michigan, Virginia",state
us_state,"California, Texas, New York",state
StateName,"Washington, Arizona, Illinois",state
Primary_State,"Georgia, Ohio, PENNSYLVANIA",state
state_name,"Florida, Illinois, Washington",state
property_state,"Arizona, Colorado, Ohio",state
location_state,"Pennsylvania, Georgia, Michigan",state
state_name,"California, Texas, New York",state
jurisdiction,"Ohio, Washington, Illinois",state
admin_division_name,"Arizona, Georgia, Pennsylvania",state
state_name,"Florida, Ohio, Washington",state
province,"Illinois, Arizona, Virginia",state
full_state,"Pennsylvania, Colorado, Massachusetts",state
LocationState,"California, Texas, New York",state
Province,"Illinois, Ohio, Georgia",state
StateOfResidence,"Washington, Arizona, MASSACHUSETTS",state
state_name,"Florida, Colorado, Washington",state
State,"Ohio, Arizona, MASSACHUSETTS",state
location_state,"Illinois, Pennsylvania, Georgia",state
Town,"Springfield, Franklin, Salem",city
municipality,"Phoenix, Atlanta, Seattle",city
CityName,"San Diego, Denver, Portland",city
CITY,"Seattle, Orlando, Denver",city
city_name,"Phoenix, Austin, Nashville",city
Municipality,"San Diego, Atlanta, Boston",city
city_name,"Chicago, Houston, Phoenix",city
Municipality,"Boulder, Raleigh, Madison",city
Town,"Savannah, Portland, SAN DIEGO",city
Municipality,"Denver, Seattle, Atlanta",city
city_name,"Phoenix, San Diego, Dallas",city
Town,"Boise, Omaha, Nashville",city
CITY,"SEATTLE, AUSTIN, BOSTON",city
Municipality,"Philadelphia, Phoenix, Denver",city
PlaceName,"chicago, Atlanta, San Diego",city
municipality,"Chicago, Seattle, Austin",city
town,"SAN DIEGO, Atlanta, Dallas",city
place_name,"Philadelphia, Phoenix, San Antonio",city
Town,"Boulder, Ann Arbor, Springfield",city
Municipality,"Phoenix, San Diego, Providence",city
LocationCity,"New Orleans, Seattle, Asheville",city
CITY,"Phoenix, Seattle, New Orleans",city
MUNICIPALITY,"Austin, Denver, Portland",city
PLACE_NAME,"San Diego, Orlando, Philadelphia",city
municipality,"Seattle, Chicago, MIAMI",city
Town_Name,"Boulder, Chapel Hill, Ann Arbor",city
city_label,"San Diego, Austin, philadelphia",city
municipality,"Denver, Austin, Seattle",city
town_name,"Orlando, Phoenix, Atlanta",city
urban_center,"San Diego, Minneapolis, Charlotte",city
City,"Seattle, Miami, Chicago",city
municipality,"Austin, Portland, Phoenix",city
PLACE_NAME,"San Francisco, New Orleans, Denver",city
municipality,"Chicago, Los Angeles, Houston",city
town_name,"Boulder, Chapel Hill, Ann Arbor",city
primary_city,"Philadelphia, SEATTLE, Phoenix",city
Municipality,"Austin, Seattle, Boston",city
Town,"Boulder, Ann Arbor, Plano",city
PrimaryLocality,"Phoenix, San Diego, Denver",city
city_name,"Seattle, Phoenix, Philadelphia",city
Municipality,"Scottsdale, Arlington, New Orleans",city
LOCATION_CITY,"San Antonio, MIAMI, Denver",city
Municipality,"Seattle, Austin, BOSTON",city
PrimaryCity,"San Francisco, Denver, atlanta",city
TownName,"Philadelphia, Phoenix, New Orleans",city
municipality,"Seattle, New Orleans, Boston",city
town,"Boulder, Ann Arbor, Asheville",city
place_name,"Santa Fe, Portland, AUSTIN",city
CITY,"Seattle, Atlanta, Phoenix",city
MUNICIPALITY,"Denver, Austin, Orlando",city
COMMUNITY_NAME,"San Diego, Dallas, Philadelphia",city
Municipality,"Los Angeles, Chicago, Houston",city
Township,"Boulder, Raleigh, Madison",city
Community,"San Francisco, SEATTLE, Miami",city
Municipality,"Seattle, Denver, Austin",city
Town,"Plano, Scottsdale, Naperville",city
City_Name,"Philadelphia, San Diego, Orlando",city
CITY,"Seattle, Austin, Boston",city
MUNICIPALITY,"Denver, Orlando, Jackson",city
PLACE_NAME,"Philadelphia, Springfield, Fairbanks",city
municipality,"Seattle, Austin, Philadelphia",city
town_name,"Boulder, Ann Arbor, Savannah",city
place_name,"MIAMI, San Diego, chicago",city
municipality,"Boulder, Madison, Raleigh",city
town,"Springfield, Franklin, Salem",city
primary_city,"Phoenix, Philadelphia, San Antonio",city
city_name,"Seattle, Phoenix, Boston",city
Municipality,"Orlando, Denver, Nashville",city
LOCATION_CITY,"Atlanta, San Diego, Austin",city
Municipality,"Seattle, Philadelphia, San Diego",city
town_name,"Santa Fe, Ann Arbor, Asheville",city
PlaceName,"Boston, ATLANTA, Phoenix",city
municipality,"Plano, Durham, Irvine",city
town_name,"Bend, Bozeman, Fayetteville",city
urban_center,"Orlando, Nashville, Portland",city
CITY,"Phoenix, Seattle, Austin",city
MUNICIPALITY,"New Orleans, Orlando, Sacramento",city
PLACE,"Anchorage, Honolulu, Denver",city
municipality,"Chicago, Austin, Philadelphia",city
town_name,"Boulder, Santa Fe, Ann Arbor",city
place_name,"SEATTLE, San Diego, orlando",city
municipality,"Seattle, Denver, Miami",city
town_name,"Boulder, Ann Arbor, Santa Fe",city
residence_city,"Atlanta, Portland, Nashville",city
CITY,"Seattle, Austin, Orlando",city
municipality,"Phoenix, Philadelphia, San Diego",city
CityName,"Denver, Nashville, Boston",city
municipality,"Chicago, Los Angeles, Houston",city
place_name,"San Diego, Phoenix, Dallas",city
urban_center,"Philadelphia, San Antonio, Austin",city
Municipality,"Phoenix, San Diego, Austin",city
Town,"Ann Arbor, Santa Fe, Burlington",city
LocationCity,"Seattle, Denver, Atlanta",city
MUNICIPALITY,"Seattle, Austin, Burlington",city
CityName,"Philadelphia, Santa Fe, Ann Arbor",city
place_name,"New Orleans, Phoenix, Portland",city
Municipality,"Los Angeles, Chicago, Houston",city
TownName,"Boulder, Chapel Hill, Bend",city
IncorporatedPlace,"SAN DIEGO, Austin, miami",city
Municipality,"Phoenix, Denver, Atlanta",city
Town,"Boulder, Madison, Raleigh",city
PlaceName,"Seattle, Austin, Orlando",city
CITY,"Seattle, Denver, Atlanta",city
MUNICIPALITY,"Phoenix, Philadelphia, San Antonio",city
URBAN_AREA,"San Diego, Dallas, AUSTIN",city
Municipality,"Seattle, Austin, Boston",city
Town,"Philadelphia, Phoenix, San Diego",city
PlaceName,"Denver, Atlanta, MIAMI",city
municipality,"Austin, Phoenix, San Diego",city
TownName,"Fargo, Savannah, Portland",city
urban_center,"Seattle, Denver, Nashville",city
CITY_NAME,"Phoenix, Seattle, Denver",city
Municipality,"Austin, San Diego, New Orleans",city
place,"Atlanta, Boston, Chicago",city
municipality,"Chicago, Los Angeles, Philadelphia",city
town,"Austin, Boston, Denver",city
place_name,"Seattle, San Diego, Phoenix",city
Town,"Bend, Annapolis, Gatlinburg",city
Municipality,"Phoenix, Philadelphia, Seattle",city
UrbanArea,"San Diego, New Orleans, DENVER",city
state_abbreviation,"NY, CA, TX",state_code
StateAbbr,"WA, OR, AZ",state_code
JURISDICTION_CODE,"GA, OH, PA",state_code
state_abbrev,"FL, WA, OH",state_code
STATE_CD,"GA, CO, MI",state_code
jurisdiction_state,"PA, OR, AZ",state_code
state_abbreviation,"CA, TX, FL",state_code
state_usps,"WA, CO, IL",state_code
jurisdiction_code,"GA, AZ, OH",state_code
State Abbreviation,"NY, CA, TX",state_code
US State,"WA, GA, AZ",state_code
Jurisdiction Code,"PA, OH, MI",state_code
state_abbreviation,"FL, IL, WA",state_code
StateCd,"OH, AZ, OR",state_code
usps_state,"MI, VA, CO",state_code
state_abbreviation,"CA, TX, FL",state_code
st,"WA, CO, AZ",state_code
jurisdiction_code,"MA, IL, GA",state_code
StateAbbr,"CA, TX, NY",state_code
US_State,"WA, AZ, OH",state_code
Jurisdiction,"PA, GA, MI",state_code
state_abbreviation,"FL, IL, OH",state_code
StateCode,"WA, GA, AZ",state_code
JURISDICTION_STATE,"CO, PA, MI",state_code
state_abbreviation,"CA, TX, FL",state_code
ST_CODE,"WA, IL, CO",state_code
jurisdictionCode,"AZ, PA, OH",state_code
State Abbreviation,"CA, NY, TX",state_code
state_usps,"WA, IL, GA",state_code
us_state_cd,"AZ, OH, PA",state_code
state_abbreviation,"FL, IL, WA",state_code
StateCode,"CO, GA, OH",state_code
jurisdiction_code,"MI, PA, AZ",state_code
state_abbreviation,"CA, TX, FL",state_code
st_code,"WA, CO, AZ",state_code
province_code,"IL, GA, NC",state_code
state_abbreviation,"AZ, WA, PA",state_code
US_State_Code,"GA, OH, MI",state_code
STATE,"NC, VA, MD",state_code
STATE_ABBREVIATION,"FL, IL, PA",state_code
us_state,"WA, CO, AZ",state_code
StateCd,"GA, OH, MI",state_code
state_abbreviation,"CA, TX, FL",state_code
st_cd,"WA, IL, CO",state_code
jurisdiction_code,"AZ, OH, GA",state_code
State Abbreviation,"NY, CA, TX",state_code
Location State,"WA, AZ, IL",state_code
Jurisdiction State,"PA, OH, GA",state_code
STATE_CODE,"FL, IL, WA",state_code
StateAbbr,"CO, AZ, OH",state_code
US_STATE,"GA, MI, OR",state_code
state_abbreviation,"CA, TX, FL",state_code
st_code,"IL, WA, AZ",state_code
jurisdiction_code,"GA, CO, VA",state_code
State Abbr,"NY, CA, TX",state_code
US State Code,"WA, AZ, IL",state_code
State Postal Code,"PA, OH, MI",state_code
state_cd,"FL, WA, OH",state_code
STATE_ABBR,"GA, IL, PA",state_code
state_abbreviation,"AZ, CO, MI",state_code
state_abbreviation,"CA, FL, TX",state_code
state_cd,"IL, WA, CO",state_code
residence_state,"GA, AZ, OH",state_code
state_abbr,"NY, CA, TX",state_code
Jurisdiction,"WA, GA, AZ",state_code
ST_CD,"MA, OH, IL",state_code
STATE_ABBR,"FL, WA, IL",state_code
state_cd,"CO, GA, NC",state_code
JurisdictionState,"OH, PA, AZ",state_code
state_abbreviation,"CA, FL, TX",state_code
st_code,"WA, CO, IL",state_code
jurisdiction_code,"AZ, PA, OH",state_code
state_abbreviation,"NY, TX, CA",state_code
st_cd,"WA, AZ, NV",state_code
state_usps,"PA, OH, GA",state_code
state_cd,"FL, IL, WA",state_code
state_abbreviation,"MA, CO, GA",state_code
us_state_postal_code,"AZ, OR, NC",state_code
state_abbreviation,"CA, TX, FL",state_code
st_code,"WA, CO, AZ",state_code
StateCode,"GA, IL, OH",state_code
state_abbreviation,"NY, CA, TX",state_code
ST,"WA, AZ, OH",state_code
state_postal,"MA, IL, GA",state_code
STATE_CD,"FL, IL, WA",state_code
state_abbreviation,"OH, CO, AZ",state_code
us_state_code,"GA, OR, MI",state_code
StateAbbr,"CA, TX, FL",state_code
state_cd,"WA, CO, AZ",state_code
ST,"IL, GA, OH",state_code
StateAbbr,"NY, CA, TX",state_code
Jurisdiction,"WA, IL, OH",state_code
US_State,"AZ, PA, GA",state_code
STATE_ABBR,"FL, IL, WA",state_code
state_abbreviation,"CO, GA, MA",state_code
US_STATE,"AZ, NC, OH",state_code
state_abbreviation,"CA, TX, FL",state_code
state_cd,"IL, WA, CO",state_code
us_state,"AZ, PA, OH",state_code
state_abbr,"CA, TX, NY",state_code
location_state_code,"WA, AZ, GA",state_code
US_State,"PA, MI, VA",state_code
state_abbreviation,"FL, IL, WA",state_code
STATE,"AZ, CO, OH",state_code
StateAbbr,"GA, MI, PA",state_code
state_abbrev,"CA, FL, TX",state_code
st_code,"WA, CO, AZ",state_code
jurisdiction_code,"IL, PA, OH",state_code
State Abbreviation,"WA, OR, NV",state_code
Jurisdiction,"GA, NC, SC",state_code
US State,"TX, AZ, CA",state_code
state_abbreviation,"FL, IL, OH",state_code
STATE,"WA, GA, MI",state_code
usps_state_code,"CO, AZ, PA",state_code
state_abbreviation,"CA, TX, FL",state_code
st,"WA, CO, IL",state_code
state_cd,"AZ, PA, GA",state_code
State Abbr,"WA, TX, OH",state_code
Jurisdiction State,"CA, NY, AZ",state_code
US State Abbreviation,"IL, GA, PA",state_code
BOROUGH,"Manhattan, The Bronx, Anchorage Borough",borough
Borough_Name,"Fairbanks North Star Borough, Kenai Peninsula Borough, Matanuska-Susitna Borough",borough
Community_District,"Juneau Borough, Ketchikan Gateway Borough, Bristol Bay Borough",borough
BoroName,"Staten Island, The Bronx, Juneau Borough",borough
BORO,"Fairbanks North Star Borough, Kenai Peninsula Borough, Ketchikan Gateway Borough",borough
Subdivision,"Matanuska-Susitna Borough, Gettysburg, Doylestown",borough
BOROUGH_NAME,"Staten Island, The Bronx, Fairbanks North Star Borough",borough
MUNICIPAL_BOROUGH,"Anchorage Borough, Kenai Peninsula Borough, Matanuska-Susitna Borough",borough
ADMIN_DISTRICT,"Juneau Borough, Haines Borough, Yakutat Borough",borough
boro_name,"Brooklyn, The Bronx, Staten Island",borough
municipal_division,"Fairbanks North Star Borough, Kenai Peninsula Borough, Anchorage Borough",borough
AdminDistrict,"Central Borough, North District, Westside",borough
boro_name,"Manhattan, The Bronx, Fairbanks North Star Borough",borough
District,"Brooklyn, Kenai Peninsula Borough, Matanuska-Susitna Borough",borough
municipal_division,"Queens, Juneau Borough, Staten Island",borough
Admin_District,"STATEN ISLAND, The Bronx, Anchorage Borough",borough
SubdivisionName,"Fairbanks North Star Borough, Matanuska-Susitna Borough, Downtown District",borough
CommunityBoard,"KENAI PENINSULA BOROUGH, North Slope Borough, West District",borough
Borough_Name,"The Bronx, Staten Island, Anchorage Borough",borough
Municipal_District,"Fairbanks North Star Borough, Juneau Borough, Matanuska-Susitna Borough",borough
Subcity_Division,"Ketchikan Gateway Borough, Haines Borough, Bristol Bay Borough",borough
BoroughName,"THE BRONX, Staten Island, Kenai Peninsula Borough",borough
AdminDistrict,"Anchorage Borough, Matanuska-Susitna Borough, West Ward",borough
MunicipalDivision,"Fairbanks North Star Borough, Juneau Borough, Downtown District",borough
BoroughName,"Staten Island, The Bronx, Fairbanks North Star Borough",borough
borough_division,"Kenai Peninsula Borough, Matanuska-Susitna Borough, Juneau",borough
Admin_Borough,"State College, Ketchikan Gateway Borough, Sitka",borough
BoroughName,"Staten Island, The Bronx, Anchorage Borough",borough
Admin_District,"Downtown District, Northside Borough, FAIRBANKS NORTH STAR BOROUGH",borough
Municipality_Subdivision,"Matanuska-Susitna Borough, Kenai Peninsula Borough, Juneau Borough",borough
borough_name,"Brooklyn, Staten Island, Anchorage Borough",borough
Borough,"Kenai Peninsula Borough, Fairbanks North Star Borough, Juneau Borough",borough
admin_district,"Matanuska-Susitna Borough, Aleutians East Borough, West Chester",borough
Community_District,"STATEN ISLAND, The Bronx, Anchorage Borough",borough
Sub_City_Division,"Fairbanks North Star Borough, Kenai Peninsula Borough, Matanuska-Susitna Borough",borough
Boro_Name,"Doylestown, Gettysburg, State College",borough
boro_name,"Staten Island, Brooklyn, Matanuska-Susitna Borough",borough
administrative_area,"Kenai Peninsula Borough, Juneau Borough, Fairbanks North Star Borough",borough
MUNICIPALITY_DISTRICT,"KETCHIKAN GATEWAY BOROUGH, ANCHORAGE BOROUGH, LAKE AND PENINSULA BOROUGH",borough
BoroughName,"Staten Island, The Bronx, Anchorage Borough",borough
AdminDistrict,"Fairbanks North Star Borough, Matanuska-Susitna Borough, Doylestown Borough",borough
CityDistrict,"Kenai Peninsula Borough, West Chester, Fort Lee",borough
borough_name,"Staten Island, Brooklyn, Fairbanks North Star Borough",borough
Borough,"Eastside Borough, Westwood, Downtown District",borough
district,"Kenai Peninsula Borough, Matanuska-Susitna Borough, Juneau Borough",borough
borough_name,"Staten Island, Brooklyn, Fairbanks North Star Borough",borough
site_borough,"Matanuska-Susitna Borough, Kenai Peninsula Borough, DOWNTOWN",borough
location_boro,"Anchorage Borough, Juneau Borough, West Chester",borough
Boro_Name,"STATEN ISLAND, The Bronx, Anchorage Borough",borough
Administrative_Borough,"Fairbanks North Star Borough, Kenai Peninsula Borough, Juneau Borough",borough
Subdivision,"Matanuska-Susitna Borough, West Ward, Downtown District",borough
BoroughName,"The Bronx, Manhattan, Anchorage Borough",borough
Admin_District,"Fairbanks North Star Borough, Matanuska-Susitna Borough, Kenai Peninsula Borough",borough
City_Borough,"Juneau Borough, Ketchikan Gateway Borough, North Slope Borough",borough
boro_name,"Fairbanks North Star Borough, Kenai Peninsula Borough, Juneau",borough
BoroughName,"The Bronx, STATEN ISLAND, Anchorage",borough
municipal_district,"Matanuska-Susitna Borough, Sitka, Ketchikan Gateway Borough",borough
COMMUNITY_DISTRICT,"Matanuska-Susitna Borough, Anchorage Borough, Fairbanks North Star Borough",borough
sub_municipality,"Staten Island, The Bronx, West Ward",borough
AdminDivision,"Kenai Peninsula Borough, Juneau Borough, Downtown District",borough
BoroughName,"Brooklyn, The Bronx, Staten Island",borough
Administrative_Area,"Fairbanks North Star Borough, Juneau Borough, Ketchikan Gateway Borough",borough
Subdivision,"West District, Central Borough, Historic District",borough
boro_name,"The Bronx, Fairbanks North Star Borough, Manhattan",borough
AdminDistrict,"Staten Island, Kenai Peninsula Borough, Queens",borough
municipal_district,"Brooklyn, Juneau Borough, Matanuska-Susitna Borough",borough
Borough_Name,"Staten Island, The Bronx, Fairbanks North Star Borough",borough
Administrative District,"Anchorage Borough, Matanuska-Susitna Borough, State College",borough
Municipal_Subdivision,"Kenai Peninsula Borough, Juneau, Doylestown",borough
boro_name,"STATEN ISLAND, The Bronx, Fairbanks North Star Borough",borough
Admin_District,"Matanuska-Susitna Borough, Denali Borough, North Slope Borough",borough
Jurisdiction_Name,"Ketchikan Gateway Borough, Lake and Peninsula Borough, Juneau City and Borough",borough
Borough_Name,"STATEN ISLAND, The Bronx, Anchorage Borough",borough
Administrative_Borough,"Fairbanks North Star Borough, Matanuska-Susitna Borough, Kenai Peninsula Borough",borough
Municipality,"West Chester, State College, Juneau",borough
BoroughName,"THE BRONX, STATEN ISLAND, Anchorage Borough",borough
CommunityDistrict,"Matanuska-Susitna Borough, Kenai Peninsula Borough, Juneau Borough",borough
MunicipalArea,"Fairbanks North Star Borough, North Slope Borough, Historic District",borough
BoroughName,"STATEN ISLAND, The Bronx, Anchorage Borough",borough
boro_name,"Fairbanks North Star Borough, Kenai Peninsula Borough, Matanuska-Susitna Borough",borough
AdministrativeDistrict,"Juneau Borough, Downtown District, West Side",borough
borough_name,"Brooklyn, Staten Island, Fairbanks North Star Borough",borough
boro_label,"Matanuska-Susitna Borough, Kenai Peninsula Borough, Juneau",borough
municipality_district,"NORTH DISTRICT, Historic Borough, Anchorage",borough
Borough_Name,"STATEN ISLAND, THE BRONX, Fairbanks North Star Borough",borough
Municipality_Unit,"Anchorage Borough, Kenai Peninsula Borough, Juneau",borough
Administrative_Division,"Matanuska-Susitna Borough, Ketchikan Gateway Borough, Sitka",borough
District,"Fairbanks North Star Borough, Kenai Peninsula Borough, Juneau",borough
Borough_Name,"Gettysburg, State College, Matanuska-Susitna Borough",borough
Municipality,"Anchorage, Sitka, Ketchikan Gateway Borough",borough
BoroughName,"The Bronx, Manhattan, Anchorage Borough",borough
BOROUGH,"Fairbanks North Star Borough, Matanuska-Susitna Borough, Kenai Peninsula Borough",borough
boro_name,"Central Borough, North District, Downtown",borough
MUNICIPAL_BOROUGH,"Staten Island, The Bronx, Fairbanks North Star Borough",borough
borough_name,"Anchorage Borough, Kenai Peninsula Borough, Matanuska-Susitna Borough",borough
DISTRICT_NAME,"Juneau Borough, Kodiak Island Borough, Sitka Borough",borough
MUNICIPAL_BOROUGH,"Staten Island, The Bronx, Fairbanks North Star Borough",borough
DISTRICT_NAME,"Kenai Peninsula Borough, Matanuska-Susitna Borough, North Slope Borough",borough
ADMIN_AREA,"BRONX, Municipality of Anchorage, South Borough",borough
boro_name,"Brooklyn, The Bronx, Staten Island",borough
municipality_district,"Fairbanks North Star Borough, Kenai Peninsula Borough, Juneau Borough",borough
boro,"Gettysburg, Phoenixville, Malvern",borough
BoroughName,"The Bronx, Matanuska-Susitna Borough, Stonington Borough",borough
AdminDistrict,"Queens, North Slope Borough, Malvern Borough",borough
MunicipalSubdivision,"Brooklyn, Denali Borough, DOWNTOWN",borough
BoroughName,"STATEN ISLAND, The Bronx, Kenai Peninsula Borough",borough
AdminDistrict,"Anchorage Borough, Fairbanks North Star Borough, Matanuska-Susitna Borough",borough
MunicipalSubdivision,"Juneau Borough, Ketchikan Gateway Borough, Sitka Borough",borough
BoroughName,"Staten Island, The Bronx, Anchorage Borough",borough
MunicipalitySubdivision,"Fairbanks North Star Borough, Juneau Borough, Kenai Peninsula Borough",borough
AdministrativeDistrict,"Matanuska-Susitna Borough, Haines Borough, Kodiak Island Borough",borough
district_name,"Fairbanks North Star Borough, Kenai Peninsula Borough, Juneau Borough",borough
community_district,"West End, Central Business District, Southside",borough
borough_label,"Matanuska-Susitna Borough, North Slope Borough, Kodiak Island Borough",borough
BoroughName,"Staten Island, The Bronx, Fairbanks North Star Borough",borough
MunicipalDistrict,"Anchorage Borough, Matanuska-Susitna Borough, Downtown District",borough
Subdivision,"Kenai Peninsula Borough, Doylestown, North Sector",borough
Borough_Name,"The Bronx, Staten Island, Fairbanks North Star Borough",borough
Municipality_District,"Anchorage Borough, Kenai Peninsula Borough, Ketchikan Gateway Borough",borough
SubCity_Area,"Matanuska-Susitna Borough, Juneau City and Borough, Haines Borough",borough
Point_WKT,"POINT(-97.7431 30.2672), POINT(-122.3321 47.6062), POINT(-80.1918 25.7617)",point
Centroid,"POINT(-87.6298 41.8781), POINT(-104.9903 39.7392), POINT(-112.0740 33.4484)",point
geom_point,"POINT(-118.2437 34.0522), POINT(-71.0589 42.3601), POINT(-84.3880 33.7490)",point
GEOMETRY,"POINT(-118.2437 34.0522), POINT(-87.6298 41.8781), POINT(-95.3698 29.7604)",point
CENTROID,"POINT(-122.3321 47.6062), POINT(-104.9903 39.7392), POINT(-71.0589 42.3601)",point
WKT_GEOM,"POINT(-112.0740 33.4484), POINT(-77.0369 38.9072), POINT(-84.3880 33.7490)",point
GEOMETRY,"POINT(-118.2437 34.0522), POINT(-87.6298 41.8781), POINT(-96.7970 32.7767)",point
COORDINATES,"POINT(-71.0589 42.3601), POINT(-122.3328 47.6061), POINT(-80.191790 25.761681)",point
SPATIAL_REFERENCE,"POINT(-104.9903 39.7392), POINT(-90.0715 29.9511), POINT(-84.3880 33.7490)",point
Geographic Point,"POINT(-118.2437 34.0522), POINT(-97.7431 30.2672), POINT(-122.3321 47.6062)",point
Location Coordinate,"POINT(-80.1918 25.7617), POINT(-87.6298 41.8781), POINT(-104.9903 39.7392)",point
Site Position,"POINT(-112.0740 33.4484), POINT(-84.3880 33.7490), POINT(-71.0589 42.3601)",point
location_point,"POINT(-87.6298 41.8781), POINT(-118.2437 34.0522), POINT(-80.1918 25.7617)",point
wkt_point,"POINT(-122.3321 47.6062), POINT(-104.9903 39.7392), POINT(-97.7431 30.2672)",point
centroid,"POINT(-71.0589 42.3601), POINT(-112.0740 33.4484), POINT(-149.9003 61.2181)",point
GEOMETRY,"POINT(-87.6298 41.8781), POINT(-118.2437 34.0522), POINT(-80.1918 25.7617)",point
GEO_POINT,"POINT(-122.3321 47.6062), POINT(-104.9903 39.7392), POINT(-97.7431 30.2672)",point
COORDINATES,"POINT(-71.0589 42.3601), POINT(-112.0740 33.4484), POINT(-95.3698 29.7604)",point
wkt_shape,"POINT(-74.0059 40.7128), POINT(-118.2437 34.0522), POINT(-87.6298 41.8781)",point
PointGeometry,"POINT(-95.3698 29.7604), POINT(-122.3321 47.6062), POINT(-84.3880 33.7490)",point
location_as_wkt,"POINT(-104.9903 39.7392), POINT(-71.0589 42.3601), POINT(-117.1611 32.7157)",point
GEOM,"POINT(-87.6298 41.8781), POINT(-118.2437 34.0522), POINT(-104.9903 39.7392)",point
COORDINATES,"POINT(-80.1918 25.7617), POINT(-122.3321 47.6062), POINT(-97.7431 30.2672)",point
WKT_POINT,"POINT(-71.0589 42.3601), POINT(-122.4194 37.7749), POINT(-84.3880 33.7490)",point
GEO_POINT,"POINT(-118.2437 34.0522), POINT(-87.6298 41.8781), POINT(-95.3698 29.7604)",point
COORDINATES,"POINT(-104.9903 39.7392), POINT(-122.3321 47.6062), POINT(-80.1918 25.7617)",point
SITE_GEOMETRY,"POINT(-71.0589 42.3601), POINT(-112.0740 33.4484), POINT(-90.1994 38.6270)",point
Geographic Coordinates,"POINT(-87.6298 41.8781), POINT(-118.2437 34.0522), POINT(-80.1918 25.7617)",point
Device Position,"POINT(-122.3321 47.6062), POINT(-104.9903 39.7392), POINT(-97.7431 30.2672)",point
Location Point,"POINT(-71.0589 42.3601), POINT(-112.074037 33.448376), POINT(-86.7816 36.1627)",point
location_point,"POINT(-118.2437 34.0522), POINT(-87.6298 41.8781), POINT(-80.1918 25.7617)",point
centroid_wkt,"POINT(-122.3321 47.6062), POINT(-104.9903 39.7392), POINT(-95.3698 29.7604)",point
site_coordinates,"POINT(-112.0740 33.4484), POINT(-71.0589 42.3601), POINT(-84.3880 33.7490)",point
GEOM,"POINT(-87.6298 41.8781), POINT(-118.2437 34.0522), POINT(-95.3698 29.7604)",point
COORDINATES,"POINT(-112.074037 33.448376), POINT(-75.165222 39.952583), POINT(-122.3328 47.6061)",point
WKT_GEOMETRY,"POINT(-104.9903 39.7392), POINT(-80.191790 25.761681), POINT(-71.0589 42.3601)",point
point_geometry,"POINT(-118.2437 34.0522), POINT(-81.3792 28.5383), POINT(-122.3321 47.6062)",point
LocationWKT,"POINT(-97.7431 30.2672), POINT(-87.6298 41.8781), POINT(-70.2553 43.6615)",point
geo_point,"POINT(-112.0740 33.4484), POINT(-104.9903 39.7392), POINT(-74.0060 40.7128)",point
GEOMETRY,"POINT(-87.6298 41.8781), POINT(-118.2437 34.0522), POINT(-80.1918 25.7617)",point
COORDINATES,"POINT(-122.3321 47.6062), POINT(-104.9903 39.7392), POINT(-97.7431 30.2672)",point
WKT_GEOM,"POINT(-71.0589 42.3601), POINT(-112.0740 33.4484), POINT(-84.3880 33.7490)",point
GEOMETRY,"POINT(-87.6298 41.8781), POINT(-118.2437 34.0522), POINT(-80.1918 25.7617)",point
COORDINATES,"POINT(-122.3321 47.6062), POINT(-104.9903 39.7392), POINT(-95.3698 29.7604)",point
WKT_POINT,"POINT(-71.0589 42.3601), POINT(-112.0740 33.4484), POINT(-84.3880 33.7490)",point
Geographic Point,"POINT(-87.6298 41.8781), POINT(-118.2437 34.0522), POINT(-80.1918 25.7617)",point
Site Coordinates,"POINT(-122.3321 47.6062), POINT(-104.9903 39.7392), POINT(-95.3698 29.7604)",point
WKT Geometry,"POINT(-112.0740 33.4484), POINT(-71.0589 42.3601), POINT(-84.3880 33.7490)",point
location,"POINT(-118.2437 34.0522), POINT(-87.6298 41.8781), POINT(-80.1918 25.7617)",point
wkt_point,"POINT(-122.3321 47.6062), POINT(-104.9903 39.7392), POINT(-71.0589 42.3601)",point
centroid,"POINT(-95.3698 29.7604), POINT(-112.0740 33.4484), POINT(-75.1652 39.9526)",point
GEOM_POINT,"POINT(-87.6298 41.8781), POINT(-118.2437 34.0522), POINT(-80.1918 25.7617)",point
COORDINATES_WKT,"POINT(-122.3321 47.6062), POINT(-104.9903 39.7392), POINT(-95.3698 29.7604)",point
SPATIAL_OBJECT,"POINT(-71.0589 42.3601), POINT(-112.0740 33.4484), POINT(-75.1652 39.9526)",point
point_wkt,"POINT(-122.3321 47.6062), POINT(-87.6298 41.8781), POINT(-80.1918 25.7617)",point
LocationGeometry,"POINT(-97.7431 30.2672), POINT(-71.0589 42.3601), POINT(-104.9903 39.7392)",point
wkt_coordinates,"POINT(-118.2437 34.0522), POINT(-81.3792 28.5383), POINT(-112.0740 33.4484)",point
GEOMETRY,"POINT(-87.6298 41.8781), POINT(-118.2437 34.0522), POINT(-80.1918 25.7617)",point
WKT_POINT,"POINT(-122.3321 47.6062), POINT(-104.9903 39.7392), POINT(-97.7431 30.2672)",point
COORDINATE_POINT,"POINT(-71.0589 42.3601), POINT(-112.0740 33.4484), POINT(-75.1652 39.9526)",point
GEO_POINT,"POINT(-118.2437 34.0522), POINT(-97.7431 30.2672), POINT(-80.1918 25.7617)",point
COORDINATES,"POINT(-87.6298 41.8781), POINT(-122.3321 47.6062), POINT(-71.0589 42.3601)",point
WKT_GEOMETRY,"POINT(-104.9903 39.7392), POINT(-84.3880 33.7490), POINT(-112.0740 33.4484)",point
Location Wkt,"POINT(-87.6298 41.8781), POINT(-118.2437 34.0522), POINT(-80.1918 25.7617)",point
Geographic Point,"POINT(-122.3321 47.6062), POINT(-104.9903 39.7392), POINT(-97.7431 30.2672)",point
Device Coordinates,"POINT(-71.0589 42.3601), POINT(-112.0740 33.4484), POINT(-86.7816 36.1627)",point
location_point,"POINT(-118.2437 34.0522), POINT(-97.7431 30.2672), POINT(-87.6298 41.8781)",point
wkt_geom,"POINT(-122.3321 47.6062), POINT(-80.1918 25.7617), POINT(-104.9903 39.7392)",point
site_centroid,"POINT(-71.0589 42.3601), POINT(-112.0740 33.4484), POINT(-84.3880 33.7490)",point
GEOMETRY,"POINT(-87.6298 41.8781), POINT(-118.2437 34.0522), POINT(-80.1918 25.7617)",point
GEOPOINT,"POINT(-122.3321 47.6062), POINT(-104.9903 39.7392), POINT(-95.3698 29.7604)",point
SHAPE,"POINT(-71.0589 42.3601), POINT(-112.0740 33.4484), POINT(-84.3880 33.7490)",point
PointGeometry,"POINT(-87.6298 41.8781), POINT(-122.3321 47.6062), POINT(-80.1918 25.7617)",point
LocationWKT,"POINT(-104.9903 39.7392), POINT(-71.0589 42.3601), POINT(-97.7431 30.2672)",point
WktPoint,"POINT(-122.4194 37.7749), POINT(-90.0715 29.9511), POINT(-93.2650 44.9778)",point
GEOMETRY,"POINT(-118.2437 34.0522), POINT(-95.3698 29.7604), POINT(-87.6298 41.8781)",point
WKT_POINT,"POINT(-80.1918 25.7617), POINT(-122.3321 47.6062), POINT(-104.9903 39.7392)",point
COORDINATES,"POINT(-112.0740 33.4484), POINT(-84.3880 33.7490), POINT(-71.0589 42.3601)",point
GEOMETRY,"POINT(-87.6298 41.8781), POINT(-118.2437 34.0522), POINT(-80.1918 25.7617)",point
COORDINATES,"POINT(-122.3321 47.6062), POINT(-104.9903 39.7392), POINT(-71.0589 42.3601)",point
GEOPOINT,"POINT(-97.7431 30.2672), POINT(-112.0740 33.4484), POINT(-149.9003 61.2181)",point
Geographic Position,"POINT(-118.2437 34.0522), POINT(-97.7431 30.2672), POINT(-122.3321 47.6062)",point
Site Coordinates,"POINT(-80.1918 25.7617), POINT(-104.9903 39.7392), POINT(-87.6298 41.8781)",point
Observation Point,"POINT(-112.0740 33.4484), POINT(-71.0589 42.3601), POINT(-122.6750 45.5051)",point
location_point,"POINT(-87.6298 41.8781), POINT(-118.2437 34.0522), POINT(-80.1918 25.7617)",point
centroid,"POINT(-122.3321 47.6062), POINT(-104.9903 39.7392), POINT(-97.7431 30.2672)",point
wkt_point,"POINT(-71.0589 42.3601), POINT(-112.0740 33.4484), POINT(-86.7816 36.1627)",point
GEOMETRY,"POINT(-87.6298 41.8781), POINT(-118.2437 34.0522), POINT(-95.3698 29.7604)",point
WKT_POINT,"POINT(-122.3321 47.6062), POINT(-104.9903 39.7392), POINT(-80.1918 25.7617)",point
COORDINATES,"POINT(-71.0589 42.3601), POINT(-112.0740 33.4484), POINT(-84.3880 33.7490)",point
PointWKT,"POINT(-87.6298 41.8781), POINT(-84.3880 33.7490), POINT(-122.3321 47.6062)",point
location_point,"POINT(-112.0740 33.4484), POINT(-71.0589 42.3601), POINT(-96.7970 32.7767)",point
geom_wkt,"POINT(-118.2437 34.0522), POINT(-80.1918 25.7617), POINT(-104.9903 39.7392)",point
GEOM,"POINT(-87.6298 41.8781), POINT(-118.2437 34.0522), POINT(-80.1918 25.7617)",point
WKT_POINT,"POINT(-122.3321 47.6062), POINT(-104.9903 39.7392), POINT(-97.7431 30.2672)",point
COORDINATES,"POINT(-71.0589 42.3601), POINT(-112.0740 33.4484), POINT(-86.7816 36.1627)",point
GEOMETRY,"POINT(-87.6298 41.8781), POINT(-118.2437 34.0522), POINT(-80.1918 25.7617)",point
WKT_POINT,"POINT(-122.3321 47.6062), POINT(-95.3698 29.7604), POINT(-104.9903 39.7392)",point
SPATIAL_COORDINATES,"POINT(-71.0589 42.3601), POINT(-112.0740 33.4484), POINT(-98.4936 29.4241)",point
Device Coordinates,"POINT(-118.2437 34.0522), POINT(-87.6298 41.8781), POINT(-80.1918 25.7617)",point
Sampling Point,"POINT(-122.3321 47.6062), POINT(-97.7431 30.2672), POINT(-104.9903 39.7392)",point
Geographic Position,"POINT(-71.0589 42.3601), POINT(-112.0740 33.4484), POINT(-84.3880 33.7490)",point
location_geom,"POINT(-118.2437 34.0522), POINT(-87.6298 41.8781), POINT(-95.3698 29.7604)",point
wkt_point,"POINT(-122.3321 47.6062), POINT(-104.9903 39.7392), POINT(-80.1918 25.7617)",point
centroid,"POINT(-71.0589 42.3601), POINT(-112.0740 33.4484), POINT(-149.9003 61.2181)",point
GEO_POINT,"POINT(-87.6298 41.8781), POINT(-118.2437 34.0522), POINT(-97.7431 30.2672)",point
WKT_GEOMETRY,"POINT(-122.3321 47.6062), POINT(-71.0589 42.3601), POINT(-104.9903 39.7392)",point
COORDINATES,"POINT(-80.1918 25.7617), POINT(-112.0740 33.4484), POINT(-75.165222 39.952583)",point
geometry_point,"POINT(-87.6298 41.8781), POINT(-104.9903 39.7392), POINT(-122.3321 47.6062)",point
location_wkt,"POINT(-80.1918 25.7617), POINT(-97.7431 30.2672), POINT(-71.0589 42.3601)",point
point_as_wkt,"POINT(-122.4194 37.7749), POINT(-112.0740 33.4484), POINT(-70.2568 43.6591)",point
GEO_POINT,"POINT(-87.6298 41.8781), POINT(-118.2437 34.0522), POINT(-80.1918 25.7617)",point
WKT_GEOMETRY,"POINT(-122.3321 47.6062), POINT(-104.9903 39.7392), POINT(-97.7431 30.2672)",point
SITE_COORDINATES,"POINT(-71.0589 42.3601), POINT(-112.0740 33.4484), POINT(-86.7816 36.1627)",point
GEOMETRY,"POINT(-87.6298 41.8781), POINT(-118.2437 34.0522), POINT(-80.1918 25.7617)",point
WKT_POINT,"POINT(-122.3321 47.6062), POINT(-104.9903 39.7392), POINT(-71.0589 42.3601)",point
GEO_COORDINATES,"POINT(-95.3698 29.7604), POINT(-112.0740 33.4484), POINT(-75.1652 39.9526)",point
Site Coordinates,"POINT(-118.2437 34.0522), POINT(-87.6298 41.8781), POINT(-80.1918 25.7617)",point
Geographic Position,"POINT(-96.7970 32.7767), POINT(-122.3321 47.6062), POINT(-104.9903 39.7392)",point
Location Geometry,"POINT(-112.0740 33.4484), POINT(-71.0589 42.3601), POINT(-84.3880 33.7490)",point
postal_code,"90210, 60611, 02138",zip5
ZipCode,"77002, 33139, 98101",zip5
ZIP5,"80202, 30303, 94105",zip5
POSTAL CODE,"90210, 60601, 33109",zip5
MAILING ZIP,"02116, 98101, 85004",zip5
US ZIP,"80202, 77002, 20001",zip5
postal_code,"90210, 60611, 02134",zip5
Zip5,"33139, 78701, 98101",zip5
US_ZIP,"80202, 07302, 30303",zip5
POSTAL_CODE,"90210, 60601, 33109",zip5
ZIP,"02138, 78701, 98101",zip5
LOCATION_ZIP,"80202, 19103, 94102",zip5
Location Zipcode,"90210, 75201, 02108",zip5
Property Postal Code,"33109, 98101, 60602",zip5
Site Zip Code,"80202, 19104, 30303",zip5
POSTAL CODE,"90210, 60611, 02138",zip5
ZIP,"94105, 78701, 33139",zip5
LOCATION ZIP,"80202, 98104, 20004",zip5
Postal Code,"90210, 60616, 02139",zip5
Zip,"33139, 78701, 98101",zip5
Location Zip,"80302, 94110, 07302",zip5
Postal_Code,"90210, 75201, 02108",zip5
Zipcode,"33109, 60605, 98101",zip5
mailing_zip,"80202, 85004, 19106",zip5
PostalCode,"90210, 60611, 33139",zip5
zip,"02108, 80202, 98101",zip5
US_ZIP_5,"78701, 94103, 19106",zip5
Location Zipcode,"90210, 77002, 60611",zip5
Postal Code,"33139, 02108, 98101",zip5
Event Zip Code,"80202, 85004, 19103",zip5
Postal Code,"90210, 78701, 02138",zip5
Zip5 Code,"33139, 80302, 60611",zip5
Mailing Zip,"98109, 85004, 27701",zip5
postal_code,"90210, 02138, 75201",zip5
ZipCode,"33139, 60611, 98101",zip5
zip,"85004, 80202, 30303",zip5
Postal Code,"90210, 60611, 02116",zip5
Zipcode,"77002, 33109, 98104",zip5
5 Digit Zip,"80203, 94103, 30303",zip5
Postal Code,"90210, 60611, 33109",zip5
Zipcode,"02116, 75201, 98104",zip5
Location Zip,"80202, 30303, 19103",zip5
Location Zip Code,"90210, 60611, 33139",zip5
Postal Code,"02116, 78701, 98101",zip5
Reported Zip,"80202, 19103, 94102",zip5
POSTAL CODE,"90210, 33139, 02116",zip5
Zip5,"75201, 60611, 98101",zip5
zip_code_5,"80202, 85004, 30303",zip5
PostalCode,"90210, 60611, 02138",zip5
zip_code_5,"77002, 33139, 98101",zip5
US_ZIP_5,"85004, 80202, 30303",zip5
Postal Code,"90210, 33139, 60611",zip5
Zip,"02138, 78701, 98104",zip5
Zipcode,"80202, 85004, 97201",zip5
Postal Code,"90210, 60611, 02138",zip5
Zipcode,"77002, 33139, 98109",zip5
Location ZIP,"80302, 85004, 30303",zip5
Location Zipcode,"90210, 77002, 02138",zip5
Event Postal Code,"33139, 60611, 98101",zip5
Zip Of Occurrence,"80202, 85004, 30303",zip5
Postal_Code,"90210, 60601, 33109",zip5
zip,"02108, 98101, 80202",zip5
postalcode,"85001, 75201, 19102",zip5
POSTAL_CODE,"90210, 60611, 02139",zip5
ZIP,"33109, 98104, 75201",zip5
LOCATION_ZIP,"80202, 85001, 97201",zip5
PostalCode,"90210, 60601, 33109",zip5
zip_code_5_digit,"02108, 80202, 98101",zip5
RecipientZip,"75201, 20001, 85004",zip5
POSTAL_CODE,"90210, 60601, 02138",zip5
ZIP,"33139, 98101, 80202",zip5
LOCATION_ZIP,"75201, 85004, 06103",zip5
LocationZipCode,"90210, 60611, 33139",zip5
Zip_Code_of_Event,"02108, 77002, 94105",zip5
postal_code,"80202, 98104, 30303",zip5
POSTAL CODE,"90210, 75201, 02138",zip5
LOCATION ZIP,"60601, 33109, 98101",zip5
MAIL_ZIP,"80202, 85004, 30303",zip5
POSTAL_CODE,"90210, 60611, 02109",zip5
mailing_zip,"33139, 98104, 80202",zip5
Zip5,"75201, 85004, 04101",zip5
postal_code,"90210, 60611, 02109",zip5
Zipcode5,"98104, 75201, 33132",zip5
Location Zip,"80202, 20004, 19106",zip5
PostalCode,"90210, 60611, 33139",zip5
zip_code_5,"02116, 98104, 80202",zip5
mailing_zip,"75201, 94103, 20004",zip5
Location Zipcode,"90210, 94105, 98101",zip5
Event Postal Code,"60611, 78701, 33139",zip5
Reported Zip,"02116, 19103, 80202",zip5
POSTAL CODE,"90210, 77002, 02116",zip5
ZIP,"60601, 33109, 98101",zip5
ZIPCODE,"59011, 85001, 96813",zip5
POSTAL CODE,"90210, 60611, 02109",zip5
5 DIGIT ZIP,"75201, 33131, 98104",zip5
postal_zip,"80202, 85004, 19102",zip5
Postal Code,"90210, 60657, 33139",zip5
Zipcode,"02108, 80302, 98101",zip5
Mailing Zip,"75201, 85004, 30303",zip5
POSTAL CODE,"90210, 60611, 02116",zip5
LOCATION ZIP,"98101, 78701, 33131",zip5
MAILING ZIP,"80202, 19103, 85004",zip5
Location Zipcode,"90210, 78701, 02108",zip5
Postal Code,"60611, 33139, 98104",zip5
Area Zip,"19106, 80202, 94105",zip5
PostalCode,"90210, 98101, 80302",zip5
zip,"60606, 78701, 33131",zip5
LocationZipCode,"02108, 07302, 19106",zip5
POSTAL_CODE,"90210, 60616, 02115",zip5
ZIPCODE,"75201, 33139, 98101",zip5
ZIP,"80202, 85004, 30303",zip5
postal_code,"90210, 78701, 02138",zip5
Zip,"33139, 98101, 60611",zip5
LocationZip,"80202, 85004, 30303",zip5
Postal Code,"90210, 60614, 33109",zip5
zip_code,"94103, 78701, 02116",zip5
Zip,"80202, 98101, 20001",zip5
Event Zip Code,"90210, 60601, 77002",zip5
Postal Code Of Incident,"33139, 02108, 98104",zip5
Location Zip,"85001, 80202, 19106",zip5
lat_dd,"34.05223, 25.76168, 47.60621",latitude
y_coordinate,"30.267153, 39.739236, 43.65910",latitude
point_latitude,"33.448376, 41.878113, 21.30995",latitude
LAT,"30.26715, 47.6062, 25.761681",latitude
LATITUDE_DD,"34.05223, +41.8781, 39.7392358",latitude
WGS84_LAT,"33.448376, 42.3601, 47.2797",latitude
start_lat,"34.05223, 25.76168, 47.60621",latitude
origin_latitude,"32.776664, 41.87811, 58.30194",latitude
from_lat,"39.739236, 21.30694, 43.65910",latitude
destination_latitude,"34.05223, 25.761681, +47.6062",latitude
dropoff_lat,"29.760427, 39.739235, 61.21806",latitude
end_lat,"41.878113, 33.448376, 21.30694",latitude
Lat,"25.77416, 47.609711, +30.2666",latitude
YCoord,"34.05223, 43.6591, 39.739235",latitude
LatitudeDecimal,"33.448376, 41.87811, 61.2181",latitude
Lat,"34.05223, 25.761681, 47.6062",latitude
Gps_Latitude,"32.77671, 39.739235, 41.878113",latitude
Centroid_Lat,"33.448376, 47.2835, 29.951065",latitude
lat,"34.05223, 25.76168, 47.60621",latitude
location_latitude,"39.739236, 61.21806, 21.30985",latitude
y_coord_dd,"30.266666, +33.448377, 44.886351",latitude
Lat,"34.05223, 47.60621, 29.760427",latitude
Gps_Latitude,"+41.87811, 39.7392, 25.76168",latitude
Y_Coordinate,"37.7749, 32.715736, 44.977753",latitude
lat_coord,"34.05223, 25.761681, 47.6062",latitude
point_latitude,"29.760427, 39.739235, 43.66147",latitude
Y,"33.448376, 41.878113, 44.977753",latitude
lat,"34.05223, 29.760427, 47.60621",latitude
decimal_latitude,"39.739236, 25.76168, 41.87811",latitude
point_lat,"33.448376, +44.31055, 21.306944",latitude
facility_lat,"34.05223, 29.7604, 41.87811",latitude
geo_latitude,"47.6062, 25.761681, 39.952583",latitude
y_coord_dd,"33.448376, +44.977753, 39.739235",latitude
latitude,"34.05223, 41.87811, 25.761681",latitude
location_lat,"47.6062, 39.739235, +30.26715",latitude
GeoLatitude,"21.30694, 42.360081, 61.21806",latitude
lat_dd,"47.60621, 25.76168, 39.73924",latitude
Y_COORD,"41.878113, 30.26715, +61.21806",latitude
GeographicLatitude,"21.30694, 42.360081, 37.77493",latitude
Latitude DD,"34.05223, 27.95058, 47.60621",latitude
Location Latitude,"29.760427, 39.739236, 44.80131",latitude
Point Latitude,"33.448377, 61.21806, 41.8781",latitude
Latitude Coordinate,"34.0522, 25.76168, 47.6062",latitude
Y Coordinate,"30.26715, 43.6615, 33.4484",latitude
Start Point Latitude,"39.7392, 41.87811, +45.52306",latitude
lat,"47.60621, 25.761681, 41.8781",latitude
geo_latitude,"33.448376, 39.7392, +42.3601",latitude
YCoord,"30.26715, 37.77493, 61.2181",latitude
GeographicLatitude,"34.0522, 29.9511, 47.6062",latitude
LocationLat,"39.7392, 41.8781, +33.4484",latitude
Y_WGS84,"25.76168, 36.1699, 44.9778",latitude
LAT_DD,"37.77493, 25.761681, 47.6062",latitude
GEOGRAPHIC_LATITUDE,"30.26715, 39.739235, 47.27978",latitude
Y_WGS84,"41.878113, 33.448376, 35.7796",latitude
latitude_decimal,"37.77491, 30.26715, 25.761681",latitude
lat_dd,"47.6062, 39.739235, 44.31055",latitude
Y_Coordinate,"33.448376, 41.878113, 29.951065",latitude
Lat,"34.12345, 27.987654, 47.54321",latitude
GeoLatitude,"30.267153, 44.80547, 61.21806",latitude
YCoordinate,"+39.73924, 33.448377, 21.306944",latitude
lat,"34.1522, 25.7741, 47.61015",latitude
Y,"32.7767, 47.2797, 33.44845",latitude
latitude_decimal,"39.739235, 21.30694, +44.97775",latitude
Lat,"34.05223, 47.60621, 29.76043",latitude
Y_Coordinate,"+42.3601, 39.7392, 25.76168",latitude
Geographic_Latitude,"33.4484, 36.1627, 44.9778",latitude
lat,"34.0522, 47.6062, 29.7604",latitude
latitude_decimal,"39.7392, 25.7617, 41.8781",latitude
geo_latitude,"+33.4484, 44.9778, 27.9506",latitude
lat,"34.05223, 25.761681, 47.6062",latitude
latitude_coord,"29.760427, 41.87811, 39.739235",latitude
Y_DD,"61.21806, +21.30694, 47.280556",latitude
LAT,"29.760427, 47.60621, 41.878113",latitude
GEO_LAT,"34.052235, 25.761681, 39.739236",latitude
Y_COORDINATE,"42.360081, 61.21806, +33.448376",latitude
origin_lat,"34.05223, 41.87811, 25.76168",latitude
start_latitude,"47.6062, 39.7392, 30.2672",latitude
from_lat,"42.360081, 32.715736, 29.760427",latitude
destination_latitude,"34.05223, 41.87811, 25.76168",latitude
end_lat,"47.6062, 39.73924, 29.76043",latitude
arrival_lat,"42.360081, 33.448376, 61.21806",latitude
lat,"30.26665, 47.60985, 41.881832",latitude
y_coordinate,"37.774929, 25.774266, 39.739236",latitude
location_lat,"42.35843, 33.448376, 45.523062",latitude
Location_Latitude,"34.052235, 29.760427, 47.606209",latitude
Geo_Latitude,"39.739236, 25.761680, 41.878114",latitude
Y_Coord_Lat,"33.448377, 44.977753, 36.162664",latitude
lat,"34.05223, 25.76168, 47.60621",latitude
y_coord_dd,"29.760427, 39.739235, 43.66147",latitude
geographic_latitude,"33.448376, 41.878113, 61.21806",latitude
lat_dd,"30.26702, 47.60621, 41.25236",latitude
Y,"61.21812, 43.66147, 33.44838",latitude
Geographic_Latitude,"37.77493, +33.74899, 21.30694",latitude
Lat,"34.05223, 25.76168, 47.6062",latitude
Y_Coord,"29.760427, 39.739235, 61.218056",latitude
GeoLatitude,"41.878113, 33.448376, 21.306944",latitude
lat,"34.05223, 27.76569, 47.60621",latitude
y_coord,"+32.7767, 44.31055, 61.21806",latitude
point_latitude,"21.30694, 39.7392, 33.44838",latitude
location_lat,"34.05223, 41.87811, 47.6062",latitude
latitude_dd,"29.76045, 25.76168, 61.21806",latitude
y_coordinate,"39.739235, 42.360081, 33.448376",latitude
location_lat,"34.05223, 25.76168, 47.60621",latitude
geo_latitude,"30.26715, 39.73924, 46.8721",latitude
Y_Coord_WGS84,"33.448376, 41.878113, 21.30694",latitude
Lat,"34.05223, 25.761681, 47.6062",latitude
Y_Coord_WGS84,"30.26715, 39.739236, 46.8721",latitude
Location_Latitude,"33.448376, 41.878113, 21.30995",latitude
Site Latitude,"34.05223, 25.761681, 47.6062",latitude
Geographic Latitude,"30.26715, 39.739235, 61.21806",latitude
Location Lat,"44.31063, +33.448376, 21.30694",latitude
pickup_lat,"25.76168, 47.60621, 30.26715",latitude
latitude_val,"+34.0522, 39.73924, 44.80135",latitude
y_coord_dd,"61.2181, 33.448376, 44.97775",latitude
lat,"34.0522, 25.76168, 47.60621",latitude
y_coordinate,"30.26715, 39.73924, 44.97775",latitude
Geo_Latitude,"29.95107, 36.16266, +41.87811",latitude
lat_dd,"25.76168, 47.60621, +61.2181",latitude
Y_COORD,"34.05223, 29.95106, 41.87811",latitude
GeoLatitude,"39.7392, 42.3601, 33.4484",latitude
lon,"-122.4194, -87.6298, -77.0369",longitude
LongitudeDecimal,"-117.161086, -97.74306, -75.165222",longitude
point_x,"-111.891045, -96.796988, -82.457178",longitude
LON,"-118.35549, -87.65005, -97.74306",longitude
GEO_LONGITUDE,"-122.335167, -104.9847, -71.05977",longitude
LONGITUDE_DD,"-112.074037, -84.3900, -70.2568",longitude
origin_longitude,"-122.33207, -118.24368, -121.88633",longitude
pickup_lon,"-87.6298, -95.36980, -104.9903",longitude
start_point_x,"-71.05888, -80.19179, -84.387985",longitude
destination_lon,"-122.41941, -87.6298, -71.05888",longitude
longitude_dropoff,"-95.369804, -122.33207, -80.19179",longitude
final_lon,"-104.99025, -75.165222, -112.074036",longitude
lon,"-122.4194, -97.7431, -81.655651",longitude
decimal_longitude,"-71.05888, -87.629798, -122.33207",longitude
x_coord_geographic,"-104.9903, -84.38798, -95.369804",longitude
longitude_dd,"-122.41941, -87.629798, -97.743057",longitude
lon,"-118.24368, -104.99025, -71.05888",longitude
LongitudeDecimal,"-117.161087, -84.387982, -95.369804",longitude
lon,"-122.3321, -87.6298, -95.3698",longitude
x,"-104.9903, -80.19179, -71.0589",longitude
long,"-118.24368, -112.074036, -77.036873",longitude
longitude_dd,"-122.4194, -87.62981, -80.19179",longitude
Lon,"-104.9903, -96.7970, -118.24368",longitude
point_x,"-71.0589, -94.57856, -117.161087",longitude
lon,"-122.4194, -87.6298, -95.36981",longitude
x_coord_wgs84,"-122.33207, -104.99025, -71.05888",longitude
longitude_deg,"-80.19179, -112.074036, -83.04575",longitude
lon,"-118.24368, -87.62979, -80.19179",longitude
lng,"-122.3328, -96.7970, -69.7794",longitude
x_dd,"-104.9903, -84.3880, -112.07403",longitude
longitude_wgs84,"-122.4194, -97.7431, -87.6298",longitude
lon_dd,"-118.24368, -71.0589, -104.9903",longitude
geo_longitude,"-90.0715, -112.0740, -80.1918",longitude
business_lon,"-118.24368, -87.6298, -81.3792",longitude
location_longitude,"-122.3321, -95.3698, -71.0589",longitude
point_x,"-104.9903, -117.1611, -77.0369",longitude
lon,"-122.4194, -87.6298, -80.19179",longitude
longitude_deg,"-118.24368, -97.74306, -71.05888",longitude
x_coordinate,"-104.9903, -90.0715, -75.16522",longitude
Location Longitude,"-122.4194, -87.6298, -81.3792",longitude
Geographic Longitude,"-122.3321, -104.9903, -71.0589",longitude
Decimal Longitude,"-96.7970, -112.07403, -77.03687",longitude
Pickup Longitude,"-122.4194, -87.6298, -96.7970",longitude
Stop X,"-122.3321, -104.9903, -81.655651",longitude
Longitude Coordinate,"-71.0589, -112.074036, -77.036873",longitude
lon,"-122.4194, -87.6298, -84.3880",longitude
x,"-96.7970, -104.9903, -122.3321",longitude
long,"-81.65565, -112.07404, -71.0589",longitude
Lon,"-122.4194, -87.6298, -71.0589",longitude
Decimal_Longitude,"-118.24368, -95.3698, -104.9903",longitude
Point_X,"-84.3880, -97.7431, -112.0740",longitude
LON,"-122.4194, -97.74306, -81.6557",longitude
GEOM_LONGITUDE,"-118.24368, -87.6298, -71.0589",longitude
X_COORD_WGS84,"-104.9903, -95.3698, -77.036873",longitude
lon,"-122.4194, -87.6298, -104.9903",longitude
x_coord_degrees,"-97.74306, -80.19179, -122.33207",longitude
point_longitude,"-71.05888, -84.38798, -112.07404",longitude
DecimalLongitude,"-122.41941, -87.62979, -71.05888",longitude
Lon,"-118.24368, -95.3698, -104.9903",longitude
PointX,"-122.3321, -81.65565, -97.7431",longitude
Lon,"-122.3321, -87.6298, -80.19179",longitude
longitude_dd,"-104.9903, -96.7970, -71.0589",longitude
XCoordinate,"-122.4194, -90.0715, -77.0369",longitude
DecimalLongitude,"-122.4194, -87.6298, -95.3698",longitude
Wgs84Longitude,"-122.3321, -104.9903, -80.19179",longitude
GeographicLongitude,"-71.0589, -112.074036, -97.330780",longitude
lon,"-122.3321, -87.6298, -80.19179",longitude
x,"-104.9903, -112.07403, -71.0589",longitude
point_x,"-122.6750, -97.7431, -68.7712",longitude
LON,"-118.24368, -96.79698, -80.19179",longitude
X,"-122.33207, -104.99025, -84.38798",longitude
centroid_lon,"-112.074036, -87.629799, -71.058884",longitude
lon_decimal,"-118.24368, -87.62979, -71.05888",longitude
LongitudeDD,"-95.3698, -122.33207, -84.38798",longitude
x_coord,"-104.99025, -97.74306, -81.65565",longitude
start_lon,"-122.4194, -87.6298, -96.7970",longitude
origin_long,"-118.2437, -71.0589, -104.9903",longitude
pu_x,"-80.1918, -121.8863, -77.0369",longitude
destination_lon,"-118.4085, -87.65005, -71.09211",longitude
end_point_lon,"-95.36327, -122.335167, -104.98486",longitude
drop_lon,"-84.3900, -111.8910, -69.77949",longitude
lon,"-122.3321, -87.6298, -71.05891",longitude
longitude_dd,"-97.7431, -80.19179, -104.9903",longitude
X_WGS84,"-118.24368, -77.03687, -122.67502",longitude
lon,"-118.24368, -87.623177, -71.057083",longitude
longitude_dec,"-97.74306, -104.991531, -84.390295",longitude
x_wgs84,"-122.675026, -90.0715, -77.036873",longitude
lon,"-122.4194, -87.6298, -81.3792",longitude
lng,"-104.9903, -122.3321, -70.2553",longitude
point_x,"-97.7431, -112.07403, -95.3698",longitude
lon,"-122.4194, -87.6298, -80.19179",longitude
longitude_dd,"-122.3321, -104.9903, -95.3698",longitude
X_Coord,"-71.0589, -112.07403, -90.07153",longitude
lon,"-122.4194, -87.6298, -81.379236",longitude
x_coord_degrees,"-96.7970, -122.3321, -68.781195",longitude
point_longitude,"-104.9903, -112.074036, -80.843124",longitude
lon,"-122.4194, -87.6298, -95.3698",longitude
x,"-118.24368, -104.9903, -80.19179",longitude
site_longitude,"-97.7431, -71.0589, -122.3321",longitude
site_longitude,"-122.4194, -87.6298, -81.379236",longitude
longitude_coord,"-122.3321, -104.9903, -71.0589",longitude
facility_lon,"-112.074036, -95.3698, -75.165222",longitude
business_lon,"-122.4194, -87.6298, -97.7431",longitude
location_longitude,"-118.24368, -104.9903, -81.655651",longitude
longitude_coord,"-71.0589, -112.074036, -94.5786",longitude
lon,"-118.24368, -87.623177, -84.387985",longitude
point_x,"-97.74306, -122.3328, -71.0589",longitude
decimal_longitude,"-104.991531, -90.0715, -111.8910",longitude
Longitude Decimal,"-122.4194, -87.6298, -80.19179",longitude
LonDD,"-122.3321, -104.9903, -84.3880",longitude
Point Longitude,"-97.7431, -112.0740, -68.777456",longitude
stop_lon,"-118.24368, -87.6298, -95.36980",longitude
LongitudeCoord,"-122.33207, -104.99025, -71.05888",longitude
x_wgs84,"-112.07403, -84.38799, -77.03687",longitude
lon,"-118.24368, -87.6298, -71.0589",longitude
longitude_wgs84,"-122.3321, -95.3698, -104.9903",longitude
lon_dd,"-80.19179, -112.07403, -68.7712",longitude
Lon,"-118.24368, -87.62979, -97.74306",longitude
Point_X,"-122.33207, -104.99025, -71.05888",longitude
X,"-95.3698, -112.07403, -84.38798",longitude
multipolygon_shape,"MULTIPOLYGON(((-87.60 41.80, -87.61 41.80, -87.61 41.81, -87.60 41.81, -87.60 41.80)), ((-87.62 41.82, -87.63 41.82, -87.63 41.83, -87.62 41.83, -87.62 41.82))), MULTIPOLYGON(((-104.90 39.70, -104.91 39.70, -104.91 39.71, -104.90 39.71, -104.90 39.70)), ((-104.92 39.72, -104.93 39.72, -104.93 39.73, -104.92 39.73, -104.92 39.72))), MULTIPOLYGON(((-80.20 25.70, -80.21 25.70, -80.21 25.71, -80.20 25.71, -80.20 25.70)), ((-80.22 25.72, -80.23 25.72, -80.23 25.73, -80.22 25.73, -80.22 25.72)))",multi-polygon
area_boundaries,"MULTIPOLYGON(((-122.30 47.60, -122.31 47.60, -122.31 47.61, -122.30 47.61, -122.30 47.60)), ((-122.32 47.62, -122.33 47.62, -122.33 47.63, -122.32 47.63, -122.32 47.62)), ((-122.34 47.64, -122.35 47.64, -122.35 47.65, -122.34 47.65, -122.34 47.64))), MULTIPOLYGON(((-97.70 30.20, -97.71 30.20, -97.71 30.21, -97.70 30.21, -97.70 30.20)), ((-97.72 30.22, -97.73 30.22, -97.73 30.23, -97.72 30.23, -97.72 30.22))), MULTIPOLYGON(((-71.05 42.35, -71.06 42.35, -71.06 42.36, -71.05 42.36, -71.05 42.35)), ((-71.07 42.37, -71.08 42.37, -71.08 42.38, -71.07 42.38, -71.07 42.37)))",multi-polygon
footprint_wkt,"MULTIPOLYGON(((-112.01 33.41, -112.02 33.41, -112.02 33.42, -112.01 33.42, -112.01 33.41)), ((-112.05 33.45, -112.06 33.45, -112.06 33.46, -112.05 33.46, -112.05 33.45))), MULTIPOLYGON(((-150.0 61.2, -150.1 61.2, -150.1 61.3, -150.0 61.3, -150.0 61.2)), ((-149.8 61.1, -149.9 61.1, -149.9 61.2, -149.8 61.2, -149.8 61.1))), MULTIPOLYGON(((-84.30 33.70, -84.31 33.70, -84.32 33.71, -84.31 33.72, -84.30 33.72, -84.30 33.70)), ((-84.35 33.75, -84.36 33.75, -84.36 33.76, -84.35 33.76, -84.35 33.75)))",multi-polygon
area_footprints,"MULTIPOLYGON(((-118.25 34.05, -118.25 34.06, -118.24 34.06, -118.24 34.05, -118.25 34.05)), ((-122.42 37.77, -122.42 37.78, -122.41 37.78, -122.41 37.77, -122.42 37.77))), MULTIPOLYGON(((-87.63 41.88, -87.63 41.89, -87.62 41.89, -87.62 41.88, -87.63 41.88)), ((-87.65 41.90, -87.65 41.91, -87.64 41.91, -87.64 41.90, -87.65 41.90))), MULTIPOLYGON(((-68.5 44.2, -68.5 44.3, -68.4 44.3, -68.4 44.2, -68.5 44.2)), ((-68.6 44.1, -68.6 44.15, -68.55 44.15, -68.55 44.1, -68.6 44.1)))",multi-polygon
parcel_boundaries,"MULTIPOLYGON(((-97.75 30.28, -97.75 30.29, -97.74 30.29, -97.74 30.28, -97.75 30.28)), ((-96.80 32.78, -96.80 32.79, -96.79 32.79, -96.79 32.78, -96.80 32.78))), MULTIPOLYGON(((-80.20 25.77, -80.20 25.78, -80.19 25.78, -80.19 25.77, -80.20 25.77)), ((-80.22 25.80, -80.22 25.81, -80.21 25.81, -80.21 25.80, -80.22 25.80)), ((-80.25 25.75, -80.25 25.76, -80.24 25.76, -80.24 25.75, -80.25 25.75))), MULTIPOLYGON(((-122.33 47.61, -122.33 47.62, -122.32 47.62, -122.32 47.61, -122.33 47.61)), ((-117.42 47.66, -117.42 47.67, -117.41 47.67, -117.41 47.66, -117.42 47.66)))",multi-polygon
building_geoms,"MULTIPOLYGON(((-104.99 39.74, -104.99 39.741, -104.989 39.741, -104.989 39.74, -104.99 39.74)), ((-104.988 39.742, -104.988 39.743, -104.987 39.743, -104.987 39.742, -104.988 39.742))), MULTIPOLYGON(((-112.07 33.45, -112.07 33.451, -112.069 33.451, -112.069 33.45, -112.07 33.45)), ((-112.08 33.46, -112.08 33.461, -112.079 33.461, -112.079 33.46, -112.08 33.46)), ((-112.09 33.47, -112.09 33.471, -112.089 33.471, -112.089 33.47, -112.09 33.47))), MULTIPOLYGON(((-71.06 42.36, -71.06 42.361, -71.059 42.361, -71.059 42.36, -71.06 42.36)), ((-71.062 42.362, -71.062 42.363, -71.061 42.363, -71.061 42.362, -71.062 42.362)))",multi-polygon
multipolygon_geom,"MULTIPOLYGON(((-81.0 25.0, -81.1 25.0, -81.1 25.1, -81.0 25.1, -81.0 25.0)), ((-81.2 25.2, -81.3 25.2, -81.35 25.25, -81.25 25.3, -81.2 25.2))), MULTIPOLYGON(((-122.1 37.5, -122.2 37.5, -122.2 37.6, -122.1 37.6, -122.1 37.5)), ((-122.3 37.7, -122.4 37.7, -122.4 37.8, -122.3 37.8, -122.3 37.7))), MULTIPOLYGON(((-88.1 41.5, -88.2 41.5, -88.2 41.6, -88.1 41.6, -88.1 41.5)), ((-88.3 41.7, -88.4 41.7, -88.4 41.8, -88.3 41.8, -88.3 41.7)), ((-88.5 41.9, -88.6 41.9, -88.6 42.0, -88.5 42.0, -88.5 41.9)))",multi-polygon
wkt_multipolygon,"MULTIPOLYGON(((-122.3 47.6, -122.35 47.6, -122.35 47.65, -122.3 47.65, -122.3 47.6)), ((-122.4 47.7, -122.45 47.7, -122.45 47.75, -122.4 47.75, -122.4 47.7))), MULTIPOLYGON(((-97.7 30.2, -97.8 30.2, -97.8 30.3, -97.7 30.3, -97.7 30.2)), ((-97.9 30.4, -98.0 30.4, -98.05 30.45, -97.95 30.5, -97.9 30.4))), MULTIPOLYGON(((-157.8 21.3, -157.9 21.3, -157.9 21.4, -157.8 21.4, -157.8 21.3)), ((-156.3 20.8, -156.4 20.8, -156.4 20.9, -156.3 20.9, -156.3 20.8)))",multi-polygon
shape_area,"MULTIPOLYGON(((-105.0 39.7, -105.1 39.7, -105.1 39.8, -105.0 39.8, -105.0 39.7)), ((-105.2 39.9, -105.3 39.9, -105.3 40.0, -105.2 40.0, -105.2 39.9))), MULTIPOLYGON(((-71.0 42.3, -71.1 42.3, -71.1 42.4, -71.0 42.4, -71.0 42.3)), ((-71.2 42.5, -71.3 42.5, -71.3 42.6, -71.2 42.6, -71.2 42.5)), ((-71.4 42.7, -71.5 42.7, -71.5 42.8, -71.4 42.8, -71.4 42.7))), MULTIPOLYGON(((-112.0 33.4, -112.1 33.4, -112.1 33.5, -112.0 33.5, -112.0 33.4)), ((-111.8 33.6, -111.9 33.6, -111.95 33.65, -111.9 33.7, -111.8 33.7, -111.8 33.6)))",multi-polygon
shape,"MULTIPOLYGON(((-97.7 30.3, -97.8 30.3, -97.9 30.2, -97.8 30.1, -97.7 30.1, -97.7 30.3)), ((-98.5 29.5, -98.6 29.5, -98.6 29.4, -98.5 29.4, -98.5 29.5))), MULTIPOLYGON(((-88.0 40.0, -88.1 40.0, -88.1 39.9, -88.0 39.9, -88.0 40.0)), ((-86.5 39.5, -86.6 39.5, -86.7 39.4, -86.6 39.3, -86.5 39.5))), MULTIPOLYGON(((-121.5 37.8, -121.6 37.8, -121.6 37.7, -121.5 37.7, -121.5 37.8)), ((-120.1 38.2, -120.2 38.2, -120.3 38.1, -120.2 38.0, -120.1 38.2)), ((-119.5 39.1, -119.6 39.1, -119.6 39.0, -119.5 39.0, -119.5 39.1)))",multi-polygon
region_boundaries,"MULTIPOLYGON(((-122.3 47.6, -122.4 47.6, -122.4 47.5, -122.3 47.4, -122.3 47.6)), ((-123.0 45.5, -123.1 45.5, -123.1 45.4, -123.0 45.4, -123.0 45.5))), MULTIPOLYGON(((-81.5 28.5, -81.6 28.5, -81.6 28.4, -81.5 28.4, -81.5 28.5)), ((-84.3 33.7, -84.4 33.7, -84.4 33.6, -84.3 33.5, -84.3 33.7))), MULTIPOLYGON(((-105.0 39.7, -105.1 39.7, -105.1 39.6, -105.0 39.6, -105.0 39.7)), ((-111.8 40.7, -111.9 40.7, -111.9 40.6, -111.8 40.6, -111.8 40.7)))",multi-polygon
area_polygons,"MULTIPOLYGON(((-71.0 42.3, -71.1 42.3, -71.1 42.2, -71.0 42.2, -71.0 42.3)), ((-72.9 41.7, -72.0 41.7, -72.0 41.6, -72.9 41.6, -72.9 41.7))), MULTIPOLYGON(((-111.5 34.8, -111.6 34.9, -111.7 34.8, -111.6 34.7, -111.5 34.8)), ((-112.1 35.2, -112.2 35.2, -112.2 35.1, -112.1 35.1, -112.1 35.2))), MULTIPOLYGON(((-79.0 35.9, -79.1 35.9, -79.1 35.8, -79.0 35.8, -79.0 35.9)), ((-81.0 34.0, -81.1 34.1, -81.2 34.0, -81.2 33.9, -81.1 33.9, -81.0 34.0)))",multi-polygon
area_boundaries,"MULTIPOLYGON(((-88.1 40.1, -88.0 40.1, -88.0 40.0, -88.1 40.0, -88.1 40.1)), ((-83.5 40.5, -83.4 40.5, -83.4 40.4, -83.5 40.4, -83.5 40.5))), MULTIPOLYGON(((-120.1 34.1, -120.0 34.1, -120.0 34.0, -120.1 34.0, -120.1 34.1)), ((-120.2 34.2, -120.15 34.25, -120.1 34.2, -120.15 34.15, -120.2 34.2)), ((-119.9 33.9, -119.8 33.9, -119.8 33.8, -119.9 33.8, -119.9 33.9))), MULTIPOLYGON(((-84.4 33.8, -84.3 33.8, -84.3 33.7, -84.4 33.7, -84.4 33.8)), ((-81.5 28.5, -81.4 28.6, -81.3 28.5, -81.3 28.4, -81.4 28.3, -81.5 28.5)))",multi-polygon
geographic_footprint,"MULTIPOLYGON(((-122.3 47.6, -122.2 47.6, -122.2 47.5, -122.3 47.5, -122.3 47.6)), ((-122.7 45.5, -122.6 45.5, -122.6 45.4, -122.7 45.4, -122.7 45.5))), MULTIPOLYGON(((-95.4 29.8, -95.3 29.8, -95.3 29.7, -95.4 29.7, -95.4 29.8)), ((-96.8 32.8, -96.7 32.9, -96.6 32.8, -96.7 32.7, -96.8 32.8))), MULTIPOLYGON(((-105.0 39.7, -104.9 39.7, -104.9 39.6, -105.0 39.6, -105.0 39.7)), ((-108.5 43.1, -108.4 43.1, -108.4 43.0, -108.5 43.0, -108.5 43.1)), ((-105.5 40.1, -105.4 40.15, -105.3 40.1, -105.4 40.05, -105.5 40.1)))",multi-polygon
parcel_geometry,"MULTIPOLYGON(((-112.10 33.50, -112.09 33.50, -112.09 33.49, -112.10 33.49, -112.10 33.50)), ((-112.08 33.50, -112.07 33.50, -112.07 33.49, -112.08 33.49, -112.08 33.50))), MULTIPOLYGON(((-81.78 24.60, -81.77 24.61, -81.76 24.60, -81.77 24.59, -81.78 24.60)), ((-81.55 24.72, -81.54 24.72, -81.54 24.71, -81.55 24.71, -81.55 24.72))), MULTIPOLYGON(((-69.5 44.5, -69.4 44.5, -69.4 44.4, -69.5 44.4, -69.5 44.5)), ((-69.8 44.9, -69.7 44.95, -69.6 44.9, -69.6 44.8, -69.7 44.75, -69.8 44.9)))",multi-polygon
shape,"MULTIPOLYGON(((-122.4 37.7, -122.3 37.7, -122.3 37.8, -122.4 37.8, -122.4 37.7)), ((-122.1 37.5, -122.0 37.5, -122.0 37.6, -122.1 37.6, -122.1 37.5))), MULTIPOLYGON(((-87.7 41.8, -87.6 41.8, -87.6 41.9, -87.7 41.9, -87.7 41.8)), ((-87.9 42.0, -87.8 42.0, -87.8 42.1, -87.9 42.1, -87.9 42.0))), MULTIPOLYGON(((-80.3 25.7, -80.2 25.7, -80.2 25.8, -80.3 25.8, -80.3 25.7)), ((-80.5 25.9, -80.4 25.9, -80.4 26.0, -80.5 26.0, -80.5 25.9)))",multi-polygon
geom,"MULTIPOLYGON(((-122.3 47.6, -122.2 47.6, -122.2 47.7, -122.3 47.7, -122.3 47.6)), ((-122.5 47.5, -122.4 47.5, -122.4 47.6, -122.5 47.6, -122.5 47.5))), MULTIPOLYGON(((-105.0 39.7, -104.9 39.7, -104.9 39.8, -105.0 39.8, -105.0 39.7)), ((-105.2 39.9, -105.1 39.9, -105.1 40.0, -105.2 40.0, -105.2 39.9))), MULTIPOLYGON(((-71.1 42.3, -71.0 42.3, -71.0 42.4, -71.1 42.4, -71.1 42.3)), ((-71.3 42.5, -71.2 42.5, -71.15 42.6, -71.25 42.65, -71.35 42.55, -71.3 42.5)))",multi-polygon
footprints,"MULTIPOLYGON(((-97.8 30.2, -97.7 30.2, -97.7 30.3, -97.8 30.3, -97.8 30.2)), ((-97.6 30.4, -97.5 30.4, -97.5 30.5, -97.6 30.5, -97.6 30.4))), MULTIPOLYGON(((-112.1 33.4, -112.0 33.4, -112.0 33.5, -112.1 33.5, -112.1 33.4)), ((-111.9 33.6, -111.8 33.6, -111.8 33.7, -111.9 33.7, -111.9 33.6))), MULTIPOLYGON(((-150.0 61.2, -149.8 61.2, -149.8 61.3, -150.0 61.3, -150.0 61.2)), ((-149.7 61.1, -149.5 61.1, -149.5 61.2, -149.7 61.2, -149.7 61.1)))",multi-polygon
multipolygon_geom,"MULTIPOLYGON(((-118.25 34.05, -118.24 34.05, -118.24 34.06, -118.25 34.06, -118.25 34.05)), ((-118.23 34.07, -118.22 34.07, -118.22 34.08, -118.23 34.08, -118.23 34.07))), MULTIPOLYGON(((-81.80 24.60, -81.78 24.60, -81.78 24.62, -81.80 24.62, -81.80 24.60)), ((-81.90 24.70, -81.88 24.70, -81.88 24.72, -81.90 24.72, -81.90 24.70))), MULTIPOLYGON(((-97.75 30.25, -97.74 30.25, -97.74 30.26, -97.75 30.26, -97.75 30.25)), ((-97.75 30.27, -97.74 30.27, -97.74 30.28, -97.75 30.28, -97.75 30.27)), ((-97.73 30.26, -97.72 30.26, -97.72 30.27, -97.73 30.27, -97.73 30.26)))",multi-polygon
wkt_footprint,"MULTIPOLYGON(((-87.63 41.88, -87.62 41.88, -87.62 41.89, -87.63 41.89, -87.63 41.88)), ((-87.63 41.87, -87.62 41.87, -87.62 41.875, -87.63 41.875, -87.63 41.87))), MULTIPOLYGON(((-93.28 44.98, -93.27 44.98, -93.275 44.99, -93.28 44.99, -93.28 44.98)), ((-93.30 45.00, -93.29 45.00, -93.29 45.01, -93.30 45.01, -93.30 45.00))), MULTIPOLYGON(((-122.68 45.52, -122.67 45.52, -122.67 45.53, -122.68 45.53, -122.68 45.52)), ((-122.70 45.54, -122.69 45.54, -122.69 45.55, -122.70 45.55, -122.70 45.54)))",multi-polygon
area_boundaries,"MULTIPOLYGON(((-104.99 39.74, -104.98 39.74, -104.98 39.75, -104.99 39.75, -104.99 39.74)), ((-104.97 39.73, -104.96 39.73, -104.96 39.74, -104.97 39.74, -104.97 39.73))), MULTIPOLYGON(((-112.07 33.45, -112.06 33.45, -112.06 33.46, -112.07 33.46, -112.07 33.45)), ((-112.07 33.47, -112.06 33.47, -112.06 33.48, -112.07 33.48, -112.07 33.47))), MULTIPOLYGON(((-122.33 47.61, -122.32 47.61, -122.32 47.62, -122.33 47.62, -122.33 47.61)), ((-122.35 47.63, -122.34 47.63, -122.34 47.64, -122.35 47.64, -122.35 47.63)))",multi-polygon
parcel_footprints,"MULTIPOLYGON(((-122.40 37.78, -122.39 37.78, -122.39 37.77, -122.40 37.77, -122.40 37.78)), ((-122.38 37.76, -122.37 37.76, -122.37 37.75, -122.38 37.75, -122.38 37.76))), MULTIPOLYGON(((-97.75 30.25, -97.74 30.26, -97.73 30.25, -97.74 30.24, -97.75 30.25)), ((-97.72 30.23, -97.71 30.24, -97.70 30.23, -97.71 30.22, -97.72 30.23))), MULTIPOLYGON(((-104.99 39.74, -104.98 39.75, -104.97 39.74, -104.98 39.73, -104.99 39.74)), ((-105.00 39.76, -104.99 39.77, -104.98 39.76, -104.99 39.75, -105.00 39.76)))",multi-polygon
zone_boundaries,"MULTIPOLYGON(((-81.50 28.50, -81.48 28.51, -81.47 28.49, -81.50 28.50)), ((-81.45 28.55, -81.43 28.56, -81.42 28.54, -81.44 28.53, -81.45 28.55))), MULTIPOLYGON(((-87.65 41.88, -87.64 41.88, -87.64 41.87, -87.65 41.87, -87.65 41.88)), ((-87.63 41.89, -87.62 41.89, -87.62 41.88, -87.63 41.88, -87.63 41.89))), MULTIPOLYGON(((-122.33 47.61, -122.32 47.62, -122.31 47.61, -122.32 47.60, -122.33 47.61)), ((-122.30 47.63, -122.29 47.63, -122.29 47.62, -122.30 47.62, -122.30 47.63)))",multi-polygon
shape_multipolygon,"MULTIPOLYGON(((-112.08 33.45, -112.07 33.46, -112.06 33.45, -112.07 33.44, -112.08 33.45)), ((-112.05 33.47, -112.04 33.47, -112.04 33.46, -112.05 33.46, -112.05 33.47))), MULTIPOLYGON(((-71.06 42.36, -71.05 42.36, -71.05 42.35, -71.06 42.35, -71.06 42.36)), ((-71.04 42.37, -71.03 42.38, -71.02 42.37, -71.03 42.36, -71.04 42.37))), MULTIPOLYGON(((-84.40 33.75, -84.39 33.76, -84.38 33.75, -84.39 33.74, -84.40 33.75)), ((-84.37 33.77, -84.36 33.77, -84.36 33.76, -84.37 33.76, -84.37 33.77)))",multi-polygon
boundary_geometry,"MULTIPOLYGON(((-122.4 37.7, -122.3 37.7, -122.3 37.6, -122.4 37.6, -122.4 37.7)), ((-122.1 37.4, -122.0 37.4, -122.0 37.3, -122.05 37.25, -122.1 37.4))), MULTIPOLYGON(((-81.8 24.6, -81.7 24.6, -81.7 24.5, -81.8 24.5, -81.8 24.6)), ((-81.6 24.7, -81.5 24.7, -81.5 24.6, -81.6 24.6, -81.6 24.7))), MULTIPOLYGON(((-97.7 30.3, -97.6 30.3, -97.6 30.2, -97.7 30.2, -97.7 30.3)), ((-97.5 30.1, -97.4 30.1, -97.4 30.0, -97.5 30.0, -97.5 30.1)))",multi-polygon
area_footprints,"MULTIPOLYGON(((-87.63 41.88, -87.62 41.88, -87.62 41.87, -87.63 41.87, -87.63 41.88)), ((-87.65 41.89, -87.64 41.89, -87.64 41.88, -87.65 41.88, -87.65 41.89))), MULTIPOLYGON(((-93.2 45.1, -93.1 45.15, -93.15 45.0, -93.2 45.1)), ((-93.4 45.3, -93.3 45.35, -93.35 45.2, -93.4 45.3))), MULTIPOLYGON(((-157.8 21.3, -157.7 21.3, -157.75 21.2, -157.8 21.3)), ((-156.4 20.8, -156.3 20.8, -156.35 20.7, -156.4 20.8)))",multi-polygon
wkt_multipolygon,"MULTIPOLYGON(((-122.3 47.6, -122.2 47.6, -122.2 47.5, -122.3 47.5, -122.3 47.6)), ((-122.5 47.7, -122.4 47.7, -122.4 47.6, -122.5 47.6, -122.5 47.7))), MULTIPOLYGON(((-105.0 39.75, -104.99 39.75, -104.99 39.74, -105.0 39.74, -105.0 39.75)), ((-104.98 39.73, -104.97 39.73, -104.97 39.72, -104.98 39.72, -104.98 39.73)), ((-104.96 39.71, -104.95 39.71, -104.95 39.70, -104.96 39.70, -104.96 39.71))), MULTIPOLYGON(((-84.44 33.64, -84.43 33.64, -84.43 33.63, -84.44 33.63, -84.44 33.64)), ((-84.46 33.65, -84.45 33.65, -84.45 33.64, -84.46 33.64, -84.46 33.65)))",multi-polygon
shape,"MULTIPOLYGON(((-122.40 37.78, -122.39 37.78, -122.39 37.77, -122.40 37.77, -122.40 37.78)), ((-122.42 37.80, -122.41 37.80, -122.41 37.79, -122.42 37.80))), MULTIPOLYGON(((-96.80 32.78, -96.79 32.78, -96.79 32.77, -96.80 32.77, -96.80 32.78)), ((-96.82 32.80, -96.81 32.80, -96.81 32.79, -96.82 32.80))), MULTIPOLYGON(((-81.75 26.55, -81.74 26.55, -81.74 26.54, -81.75 26.54, -81.75 26.55)), ((-81.77 26.57, -81.76 26.57, -81.76 26.56, -81.77 26.57)), ((-81.79 26.59, -81.78 26.59, -81.78 26.58, -81.79 26.58, -81.79 26.59)))",multi-polygon
wkt_multipolygon,"MULTIPOLYGON(((-87.63 41.88, -87.62 41.88, -87.62 41.87, -87.63 41.87, -87.63 41.88)), ((-87.65 41.90, -87.64 41.90, -87.64 41.89, -87.65 41.90))), MULTIPOLYGON(((-122.33 47.61, -122.32 47.61, -122.32 47.60, -122.33 47.60, -122.33 47.61)), ((-122.35 47.63, -122.34 47.63, -122.34 47.62, -122.35 47.62, -122.35 47.63))), MULTIPOLYGON(((-104.99 39.74, -104.98 39.74, -104.98 39.73, -104.99 39.73, -104.99 39.74)), ((-105.00 39.76, -104.99 39.76, -104.99 39.75, -105.00 39.75, -105.00 39.76)))",multi-polygon
footprint,"MULTIPOLYGON(((-71.06 42.36, -71.05 42.36, -71.05 42.35, -71.06 42.35, -71.06 42.36)), ((-71.08 42.38, -71.07 42.38, -71.07 42.37, -71.08 42.38))), MULTIPOLYGON(((-84.39 33.75, -84.38 33.75, -84.38 33.74, -84.39 33.74, -84.39 33.75)), ((-84.41 33.77, -84.40 33.77, -84.40 33.76, -84.41 33.76, -84.41 33.77))), MULTIPOLYGON(((-112.07 33.45, -112.06 33.45, -112.06 33.44, -112.07 33.44, -112.07 33.45)), ((-112.09 33.47, -112.08 33.47, -112.08 33.46, -112.09 33.46, -112.09 33.47)))",multi-polygon
multipolygon_geom,"MULTIPOLYGON(((-122.5 37.8, -122.4 37.8, -122.4 37.7, -122.5 37.7, -122.5 37.8)), ((-122.3 37.6, -122.2 37.6, -122.2 37.5, -122.3 37.5, -122.3 37.6))), MULTIPOLYGON(((-81.7 24.6, -81.6 24.6, -81.6 24.55, -81.7 24.55, -81.7 24.6)), ((-81.5 24.5, -81.4 24.5, -81.4 24.45, -81.5 24.45, -81.5 24.5))), MULTIPOLYGON(((-87.65 41.9, -87.64 41.9, -87.64 41.89, -87.65 41.89, -87.65 41.9)), ((-87.63 41.88, -87.62 41.88, -87.62 41.87, -87.63 41.87, -87.63 41.88)))",multi-polygon
wkt_multipolygon,"MULTIPOLYGON(((-105.0 39.8, -104.9 39.8, -104.9 39.7, -105.0 39.7, -105.0 39.8)), ((-105.2 39.9, -105.1 39.9, -105.1 39.85, -105.2 39.85, -105.2 39.9))), MULTIPOLYGON(((-71.1 42.4, -71.0 42.4, -71.05 42.35, -71.1 42.4)), ((-71.2 42.5, -71.1 42.5, -71.15 42.45, -71.2 42.5))), MULTIPOLYGON(((-122.4 47.6, -122.3 47.65, -122.35 47.5, -122.4 47.6)), ((-122.2 47.5, -122.1 47.55, -122.15 47.4, -122.2 47.5)))",multi-polygon
shape_wkt,"MULTIPOLYGON(((-95.4 29.8, -95.3 29.8, -95.3 29.7, -95.4 29.7, -95.4 29.8)), ((-95.2 29.6, -95.1 29.65, -95.0 29.6, -95.1 29.5, -95.2 29.6))), MULTIPOLYGON(((-112.1 33.5, -112.0 33.5, -112.0 33.4, -112.1 33.4, -112.1 33.5)), ((-112.3 33.6, -112.2 33.6, -112.2 33.55, -112.25 33.5, -112.3 33.6))), MULTIPOLYGON(((-150.0 61.2, -149.8 61.2, -149.9 61.1, -150.0 61.2)), ((-150.5 61.0, -150.3 61.0, -150.4 60.9, -150.5 60.9, -150.5 61.0)))",multi-polygon
area_footprints,"MULTIPOLYGON(((-118.25 34.05, -118.25 34.06, -118.24 34.06, -118.24 34.05, -118.25 34.05)), ((-118.26 34.07, -118.26 34.08, -118.255 34.085, -118.25 34.07, -118.26 34.07))), MULTIPOLYGON(((-95.36 29.76, -95.36 29.77, -95.35 29.77, -95.35 29.76, -95.36 29.76)), ((-95.38 29.74, -95.38 29.75, -95.37 29.75, -95.37 29.74, -95.38 29.74))), MULTIPOLYGON(((-81.78 24.56, -81.78 24.57, -81.77 24.57, -81.77 24.56, -81.78 24.56)), ((-81.80 24.55, -81.80 24.56, -81.79 24.56, -81.79 24.55, -81.80 24.55)))",multi-polygon
parcel_boundaries,"MULTIPOLYGON(((-104.99 39.74, -104.99 39.75, -104.98 39.75, -104.98 39.74, -104.99 39.74)), ((-105.00 39.73, -105.00 39.74, -104.995 39.74, -104.995 39.73, -105.00 39.73))), MULTIPOLYGON(((-87.63 41.88, -87.63 41.89, -87.62 41.89, -87.62 41.88, -87.63 41.88)), ((-87.64 41.87, -87.64 41.875, -87.635 41.875, -87.635 41.87, -87.64 41.87))), MULTIPOLYGON(((-112.07 33.45, -112.07 33.46, -112.06 33.46, -112.06 33.45, -112.07 33.45)), ((-112.08 33.44, -112.08 33.445, -112.075 33.445, -112.075 33.44, -112.08 33.44)))",multi-polygon
zone_shapes,"MULTIPOLYGON(((-122.33 47.61, -122.33 47.62, -122.32 47.62, -122.32 47.61, -122.33 47.61)), ((-122.35 47.60, -122.35 47.605, -122.34 47.605, -122.34 47.60, -122.35 47.60))), MULTIPOLYGON(((-71.06 42.36, -71.06 42.37, -71.05 42.37, -71.05 42.36, -71.06 42.36)), ((-71.07 42.35, -71.07 42.355, -71.065 42.355, -71.065 42.35, -71.07 42.35))), MULTIPOLYGON(((-84.39 33.75, -84.39 33.76, -84.38 33.76, -84.38 33.75, -84.39 33.75)), ((-84.40 33.74, -84.40 33.745, -84.395 33.745, -84.395 33.74, -84.40 33.74)))",multi-polygon
area_boundaries,"MULTIPOLYGON(((-87.63 41.88, -87.62 41.88, -87.62 41.89, -87.63 41.89, -87.63 41.88)), ((-87.65 41.90, -87.64 41.90, -87.64 41.91, -87.65 41.91, -87.65 41.90))), MULTIPOLYGON(((-81.70 24.55, -81.69 24.55, -81.69 24.56, -81.705 24.565, -81.71 24.56, -81.70 24.55)), ((-81.75 24.60, -81.74 24.60, -81.74 24.61, -81.75 24.61, -81.75 24.60))), MULTIPOLYGON(((-100.1 31.1, -100.0 31.1, -100.0 31.2, -100.1 31.2, -100.1 31.1)), ((-100.3 31.3, -100.2 31.3, -100.2 31.4, -100.3 31.4, -100.3 31.3)), ((-100.5 31.5, -100.4 31.5, -100.4 31.6, -100.5 31.6, -100.5 31.5)))",multi-polygon
geographic_footprint,"MULTIPOLYGON(((-122.33 47.61, -122.32 47.61, -122.32 47.62, -122.33 47.62, -122.33 47.61)), ((-122.35 47.63, -122.34 47.63, -122.34 47.64, -122.35 47.64, -122.35 47.63))), MULTIPOLYGON(((-94.60 46.70, -94.58 46.71, -94.59 46.73, -94.61 46.73, -94.62 46.71, -94.60 46.70)), ((-94.65 46.75, -94.63 46.76, -94.64 46.78, -94.66 46.77, -94.65 46.75))), MULTIPOLYGON(((-104.99 39.74, -104.98 39.74, -104.98 39.75, -104.99 39.75, -104.99 39.74)), ((-105.00 39.76, -104.99 39.76, -104.99 39.77, -105.00 39.77, -105.00 39.76)))",multi-polygon
parcel_shape,"MULTIPOLYGON(((-84.40 33.75, -84.39 33.75, -84.39 33.76, -84.40 33.76, -84.40 33.75)), ((-84.42 33.77, -84.41 33.77, -84.41 33.78, -84.42 33.78, -84.42 33.77))), MULTIPOLYGON(((-70.95 42.33, -70.94 42.33, -70.94 42.34, -70.945 42.345, -70.95 42.34, -70.95 42.33)), ((-70.92 42.31, -70.91 42.31, -70.91 42.32, -70.915 42.325, -70.92 42.32, -70.92 42.31))), MULTIPOLYGON(((-118.2 34.1, -118.1 34.1, -118.1 34.2, -118.2 34.2, -118.2 34.1)), ((-118.4 34.3, -118.3 34.3, -118.3 34.4, -118.4 34.4, -118.4 34.3)))",multi-polygon
shape,"MULTIPOLYGON(((-122.4 37.7, -122.3 37.7, -122.3 37.8, -122.4 37.8, -122.4 37.7)), ((-118.2 34.0, -118.1 34.0, -118.1 34.1, -118.2 34.1, -118.2 34.0))), MULTIPOLYGON(((-87.6 41.8, -87.5 41.8, -87.5 41.9, -87.6 41.9, -87.6 41.8)), ((-93.3 44.9, -93.2 44.9, -93.2 45.0, -93.3 45.0, -93.3 44.9))), MULTIPOLYGON(((-95.4 29.7, -95.3 29.7, -95.3 29.8, -95.4 29.8, -95.4 29.7)), ((-96.8 32.7, -96.7 32.7, -96.7 32.8, -96.8 32.8, -96.8 32.7)))",multi-polygon
wkt_multipolygon,"MULTIPOLYGON(((-80.2 25.7, -80.1 25.7, -80.1 25.8, -80.2 25.8, -80.2 25.7)), ((-81.4 28.5, -81.3 28.5, -81.3 28.6, -81.4 28.6, -81.4 28.5))), MULTIPOLYGON(((-105.0 39.7, -104.9 39.7, -104.9 39.8, -105.0 39.8, -105.0 39.7)), ((-105.3 40.0, -105.2 40.0, -105.2 40.1, -105.3 40.1, -105.3 40.0))), MULTIPOLYGON(((-122.3 47.6, -122.2 47.6, -122.2 47.7, -122.3 47.7, -122.3 47.6)), ((-117.4 47.6, -117.3 47.6, -117.3 47.7, -117.4 47.7, -117.4 47.6)))",multi-polygon
footprint,"MULTIPOLYGON(((-112.1 33.4, -112.0 33.4, -112.0 33.5, -112.1 33.5, -112.1 33.4)), ((-110.9 32.2, -110.8 32.2, -110.8 32.3, -110.9 32.3, -110.9 32.2))), MULTIPOLYGON(((-84.4 33.7, -84.3 33.7, -84.3 33.8, -84.4 33.8, -84.4 33.7)), ((-81.1 32.0, -81.0 32.0, -81.0 32.1, -81.1 32.1, -81.1 32.0))), MULTIPOLYGON(((-71.1 42.3, -71.0 42.3, -71.0 42.4, -71.1 42.4, -71.1 42.3)), ((-72.7 41.7, -72.6 41.7, -72.6 41.8, -72.7 41.8, -72.7 41.7)))",multi-polygon
multipolygon_geom,"MULTIPOLYGON(((-118.25 34.05, -118.35 34.05, -118.35 34.15, -118.25 34.15, -118.25 34.05)), ((-122.4 37.7, -122.5 37.7, -122.5 37.8, -122.4 37.8, -122.4 37.7))), MULTIPOLYGON(((-81.78 24.55, -81.79 24.54, -81.77 24.53, -81.78 24.55)), ((-81.70 24.60, -81.71 24.59, -81.69 24.58, -81.70 24.60))), MULTIPOLYGON(((-105.0 39.7, -105.1 39.7, -105.1 39.8, -105.0 39.8, -105.0 39.7)), ((-105.25 40.0, -105.26 40.0, -105.26 40.01, -105.25 40.01, -105.25 40.0)))",multi-polygon
wkt_multipolygon,"MULTIPOLYGON(((-95.36 29.76, -95.46 29.76, -95.46 29.86, -95.36 29.86, -95.36 29.76)), ((-96.79 32.77, -96.89 32.77, -96.89 32.87, -96.79 32.87, -96.79 32.77))), MULTIPOLYGON(((-122.9 48.5, -123.0 48.5, -123.0 48.6, -122.9 48.5)), ((-122.7 48.4, -122.8 48.4, -122.8 48.45, -122.7 48.45, -122.7 48.4))), MULTIPOLYGON(((-87.62 41.87, -87.63 41.87, -87.63 41.88, -87.62 41.88, -87.62 41.87)), ((-87.65 41.89, -87.66 41.89, -87.66 41.90, -87.65 41.90, -87.65 41.89)))",multi-polygon
spatial_footprint,"MULTIPOLYGON(((-111.0 32.2, -111.1 32.2, -111.1 32.3, -111.0 32.2)), ((-111.5 32.5, -111.6 32.5, -111.6 32.6, -111.5 32.5)), ((-110.9 32.0, -110.8 32.0, -110.8 32.1, -110.9 32.1, -110.9 32.0))), MULTIPOLYGON(((-71.05 42.36, -71.06 42.36, -71.06 42.37, -71.05 42.37, -71.05 42.36)), ((-71.08 42.35, -71.09 42.35, -71.09 42.36, -71.08 42.36, -71.08 42.35))), MULTIPOLYGON(((-93.2 45.0, -93.3 45.0, -93.3 45.1, -93.25 45.15, -93.2 45.1, -93.2 45.0)), ((-93.5 45.2, -93.6 45.2, -93.6 45.3, -93.5 45.3, -93.5 45.2)))",multi-polygon
geom_multipolygon,"MULTIPOLYGON(((-122.4 37.7, -122.3 37.7, -122.3 37.6, -122.4 37.6, -122.4 37.7)), ((-122.2 37.5, -122.1 37.5, -122.1 37.4, -122.2 37.4, -122.2 37.5))), MULTIPOLYGON(((-97.7 30.3, -97.6 30.3, -97.6 30.2, -97.7 30.2, -97.7 30.3)), ((-97.9 30.1, -97.8 30.1, -97.8 30.0, -97.9 30.0, -97.9 30.1))), MULTIPOLYGON(((-81.5 26.1, -81.4 26.2, -81.4 26.0, -81.5 26.1)), ((-81.7 26.4, -81.6 26.4, -81.6 26.3, -81.7 26.3, -81.7 26.4)))",multi-polygon
area_footprints,"MULTIPOLYGON(((-105.0 39.8, -104.9 39.8, -104.9 39.7, -105.0 39.7, -105.0 39.8)), ((-105.2 39.6, -105.1 39.6, -105.1 39.5, -105.2 39.5, -105.2 39.6))), MULTIPOLYGON(((-122.3 47.6, -122.2 47.6, -122.2 47.5, -122.3 47.5, -122.3 47.6)), ((-122.5 47.4, -122.4 47.4, -122.4 47.3, -122.5 47.3, -122.5 47.4))), MULTIPOLYGON(((-87.6 41.9, -87.5 41.9, -87.5 41.8, -87.6 41.8, -87.6 41.9)), ((-87.8 41.7, -87.7 41.7, -87.7 41.6, -87.8 41.6, -87.8 41.7)))",multi-polygon
wkt_multipolygon,"MULTIPOLYGON(((-112.1 33.5, -112.0 33.5, -112.0 33.4, -112.1 33.4, -112.1 33.5)), ((-111.9 33.6, -111.8 33.6, -111.8 33.5, -111.9 33.5, -111.9 33.6))), MULTIPOLYGON(((-71.1 42.4, -71.0 42.4, -71.0 42.3, -71.1 42.3, -71.1 42.4)), ((-71.3 42.2, -71.2 42.2, -71.2 42.1, -71.3 42.1, -71.3 42.2))), MULTIPOLYGON(((-116.2 43.6, -116.1 43.6, -116.1 43.5, -116.2 43.5, -116.2 43.6)), ((-112.0 46.6, -111.9 46.6, -111.9 46.5, -112.0 46.5, -112.0 46.6)))",multi-polygon
multipolygon_geometry,"MULTIPOLYGON(((-118.2 34.0, -118.1 34.0, -118.1 34.1, -118.2 34.1, -118.2 34.0)), ((-118.4 34.2, -118.3 34.2, -118.35 34.3, -118.4 34.2))), MULTIPOLYGON(((-97.75 30.25, -97.70 30.25, -97.70 30.30, -97.75 30.30, -97.75 30.25)), ((-97.65 30.20, -97.60 30.20, -97.60 30.22, -97.65 30.22, -97.65 30.20))), MULTIPOLYGON(((-80.20 25.77, -80.19 25.77, -80.19 25.78, -80.20 25.78, -80.20 25.77)), ((-80.22 25.75, -80.21 25.75, -80.21 25.76, -80.22 25.76, -80.22 25.75)), ((-80.25 25.80, -80.24 25.80, -80.245 25.81, -80.25 25.80)))",multi-polygon
area_footprints,"MULTIPOLYGON(((-122.3 47.6, -122.2 47.6, -122.2 47.7, -122.3 47.7, -122.3 47.6)), ((-122.4 47.5, -122.35 47.5, -122.35 47.55, -122.4 47.55, -122.4 47.5))), MULTIPOLYGON(((-105.0 39.7, -104.9 39.7, -104.95 39.8, -105.0 39.7)), ((-104.8 39.6, -104.7 39.6, -104.7 39.7, -104.8 39.7, -104.8 39.6))), MULTIPOLYGON(((-87.65 41.88, -87.64 41.88, -87.64 41.89, -87.65 41.89, -87.65 41.88)), ((-87.63 41.87, -87.62 41.87, -87.625 41.86, -87.63 41.87)))",multi-polygon
wkt_multipolygons,"MULTIPOLYGON(((-112.1 33.4, -112.0 33.4, -112.0 33.5, -112.1 33.5, -112.1 33.4)), ((-112.2 33.6, -112.15 33.6, -112.15 33.65, -112.2 33.65, -112.2 33.6))), MULTIPOLYGON(((-71.06 42.36, -71.05 42.36, -71.05 42.37, -71.06 42.37, -71.06 42.36)), ((-71.10 42.35, -71.09 42.35, -71.095 42.34, -71.10 42.35))), MULTIPOLYGON(((-84.40 33.75, -84.38 33.75, -84.38 33.76, -84.40 33.76, -84.40 33.75)), ((-84.35 33.80, -84.34 33.80, -84.34 33.81, -84.35 33.81, -84.35 33.80)), ((-84.30 33.70, -84.29 33.70, -84.295 33.71, -84.30 33.70)))",multi-polygon
shape,"MULTIPOLYGON(((-88.0 40.0, -88.1 40.0, -88.1 40.1, -88.0 40.1, -88.0 40.0)), ((-86.5 39.5, -86.6 39.4, -86.4 39.4, -86.5 39.5))), MULTIPOLYGON(((-122.3 47.6, -122.4 47.6, -122.4 47.7, -122.3 47.7, -122.3 47.6)), ((-122.6 45.5, -122.7 45.5, -122.7 45.6, -122.6 45.6, -122.6 45.5))), MULTIPOLYGON(((-81.5 28.5, -81.6 28.5, -81.6 28.6, -81.5 28.6, -81.5 28.5)), ((-84.3 33.7, -84.4 33.7, -84.4 33.8, -84.3 33.8, -84.3 33.7)))",multi-polygon
area_boundaries,"MULTIPOLYGON(((-118.2 34.0, -118.3 34.0, -118.4 34.1, -118.2 34.1, -118.2 34.0)), ((-122.4 37.7, -122.5 37.7, -122.5 37.8, -122.4 37.8, -122.4 37.7))), MULTIPOLYGON(((-71.0 42.3, -71.1 42.3, -71.1 42.4, -71.0 42.4, -71.0 42.3)), ((-75.1 40.0, -75.2 39.9, -75.0 39.9, -75.1 40.0))), MULTIPOLYGON(((-104.9 39.7, -105.0 39.7, -105.0 39.8, -104.9 39.8, -104.9 39.7)), ((-111.8 40.7, -111.9 40.7, -111.8 40.75, -111.8 40.7)))",multi-polygon
multipolygon_wkt,"MULTIPOLYGON(((-112.0 33.4, -112.1 33.4, -112.1 33.5, -112.0 33.5, -112.0 33.4)), ((-106.6 35.1, -106.7 35.1, -106.7 35.2, -106.6 35.2, -106.6 35.1))), MULTIPOLYGON(((-80.8 35.2, -80.9 35.2, -80.9 35.3, -80.8 35.3, -80.8 35.2)), ((-78.9 33.6, -79.0 33.6, -79.0 33.7, -78.9 33.7, -78.9 33.6))), MULTIPOLYGON(((-157.8 21.3, -157.9 21.3, -157.9 21.4, -157.8 21.4, -157.8 21.3)), ((-155.0 19.7, -155.1 19.7, -155.1 19.8, -155.0 19.8, -155.0 19.7)))",multi-polygon
parcel_boundaries,"MULTIPOLYGON(((-98.5 38.5, -98.4 38.5, -98.4 38.4, -98.5 38.4, -98.5 38.5)), ((-98.2 38.2, -98.0 38.2, -98.0 38.1, -98.2 38.1, -98.2 38.2))), MULTIPOLYGON(((-120.1 36.1, -120.0 36.1, -120.0 36.0, -120.1 36.0, -120.1 36.1)), ((-120.3 36.3, -120.2 36.3, -120.2 36.2, -120.3 36.2, -120.3 36.3)), ((-120.5 36.5, -120.4 36.5, -120.4 36.4, -120.5 36.4, -120.5 36.5))), MULTIPOLYGON(((-81.5 28.5, -81.4 28.5, -81.4 28.4, -81.3 28.4, -81.3 28.3, -81.5 28.3, -81.5 28.5)), ((-81.8 28.8, -81.7 28.8, -81.7 28.7, -81.8 28.7, -81.8 28.8)))",multi-polygon
geoshape,"MULTIPOLYGON(((-122.3 47.6, -122.2 47.6, -122.2 47.5, -122.3 47.5, -122.3 47.6)), ((-122.5 47.8, -122.4 47.8, -122.45 47.7, -122.5 47.8))), MULTIPOLYGON(((-97.75 30.25, -97.74 30.25, -97.74 30.24, -97.75 30.24, -97.75 30.25)), ((-97.70 30.30, -97.69 30.31, -97.68 30.30, -97.69 30.29, -97.70 30.30))), MULTIPOLYGON(((-69.5 45.1, -69.4 45.1, -69.4 45.0, -69.5 45.0, -69.5 45.1)), ((-69.8 45.3, -69.7 45.3, -69.7 45.2, -69.8 45.2, -69.8 45.3)))",multi-polygon
wkt_multipolygon,"MULTIPOLYGON(((-105.0 39.8, -104.9 39.8, -104.9 39.7, -105.0 39.7, -105.0 39.8)), ((-105.2 39.6, -105.1 39.6, -105.1 39.5, -105.2 39.5, -105.2 39.6))), MULTIPOLYGON(((-81.1 31.1, -81.0 31.1, -81.0 31.0, -81.1 31.0, -81.1 31.1)), ((-81.3 31.3, -81.2 31.3, -81.2 31.2, -81.3 31.2, -81.3 31.3)), ((-81.5 31.5, -81.4 31.5, -81.4 31.4, -81.5 31.4, -81.5 31.5))), MULTIPOLYGON(((-88.5 41.5, -88.4 41.6, -88.3 41.5, -88.4 41.4, -88.5 41.5)), ((-88.8 41.9, -88.7 41.9, -88.7 41.8, -88.8 41.8, -88.8 41.9)))",multi-polygon
shape,"MULTIPOLYGON(((-122.4 37.7, -122.3 37.7, -122.3 37.8, -122.4 37.8, -122.4 37.7)), ((-122.2 37.6, -122.1 37.6, -122.1 37.7, -122.2 37.7, -122.2 37.6))), MULTIPOLYGON(((-81.5 25.1, -81.4 25.0, -81.6 25.0, -81.5 25.1)), ((-81.3 25.2, -81.2 25.2, -81.2 25.3, -81.3 25.3, -81.3 25.2))), MULTIPOLYGON(((-105.0 39.7, -104.9 39.7, -104.95 39.75, -105.0 39.7)), ((-105.1 39.8, -105.0 39.8, -105.0 39.9, -105.1 39.9, -105.1 39.8)), ((-104.8 39.6, -104.7 39.6, -104.75 39.65, -104.8 39.6)))",multi-polygon
area_footprint,"MULTIPOLYGON(((-97.7 30.2, -97.6 30.2, -97.6 30.3, -97.7 30.3, -97.7 30.2)), ((-97.5 30.1, -97.4 30.1, -97.4 30.2, -97.5 30.2, -97.5 30.1))), MULTIPOLYGON(((-122.9 48.5, -122.8 48.5, -122.8 48.6, -122.9 48.6, -122.9 48.5)), ((-123.0 48.4, -122.9 48.4, -122.95 48.45, -123.0 48.4))), MULTIPOLYGON(((-69.0 45.0, -68.9 45.0, -68.9 45.1, -69.0 45.1, -69.0 45.0)), ((-69.2 45.2, -69.1 45.2, -69.1 45.3, -69.2 45.3, -69.2 45.2)))",multi-polygon
wkt_multipolygon,"MULTIPOLYGON(((-112.0 33.4, -111.9 33.4, -111.9 33.5, -112.0 33.5, -112.0 33.4)), ((-111.8 33.3, -111.7 33.3, -111.7 33.4, -111.8 33.4, -111.8 33.3))), MULTIPOLYGON(((-90.1 29.9, -90.0 29.9, -90.05 30.0, -90.1 29.9)), ((-90.3 29.8, -90.2 29.8, -90.2 29.9, -90.3 29.9, -90.3 29.8))), MULTIPOLYGON(((-87.65 41.88, -87.64 41.88, -87.64 41.89, -87.65 41.89, -87.65 41.88)), ((-87.70 41.85, -87.69 41.85, -87.69 41.86, -87.70 41.86, -87.70 41.85)))",multi-polygon
geometry_multipolygon,"MULTIPOLYGON(((-118.2 34.0, -118.1 34.0, -118.1 34.1, -118.2 34.1, -118.2 34.0)), ((-122.4 37.7, -122.3 37.7, -122.35 37.8, -122.4 37.8, -122.4 37.7))), MULTIPOLYGON(((-95.4 29.7, -95.3 29.7, -95.3 29.8, -95.4 29.8, -95.4 29.7)), ((-96.8 32.8, -96.7 32.8, -96.7 32.9, -96.8 32.9, -96.8 32.8))), MULTIPOLYGON(((-87.7 41.8, -87.6 41.8, -87.6 41.9, -87.7 41.9, -87.7 41.8)), ((-83.0 40.0, -82.9 40.0, -82.9 40.1, -83.0 40.1, -83.0 40.0)))",multi-polygon
wkt_geometry,"MULTIPOLYGON(((-81.8 24.5, -81.7 24.5, -81.7 24.6, -81.8 24.6, -81.8 24.5)), ((-81.5 24.6, -81.4 24.6, -81.4 24.7, -81.5 24.7, -81.5 24.6))), MULTIPOLYGON(((-122.4 47.6, -122.3 47.6, -122.3 47.7, -122.4 47.7, -122.4 47.6)), ((-122.7 45.5, -122.6 45.5, -122.6 45.6, -122.7 45.6, -122.7 45.5))), MULTIPOLYGON(((-71.1 42.3, -71.0 42.3, -71.05 42.4, -71.1 42.35, -71.1 42.3)), ((-71.4 41.8, -71.3 41.8, -71.3 41.9, -71.4 41.9, -71.4 41.8)))",multi-polygon
area_footprint,"MULTIPOLYGON(((-105.0 39.7, -104.9 39.7, -104.9 39.8, -105.0 39.8, -105.0 39.7)), ((-105.3 40.0, -105.2 40.0, -105.2 40.1, -105.3 40.1, -105.3 40.0)), ((-104.8 38.8, -104.7 38.8, -104.7 38.9, -104.8 38.9, -104.8 38.8))), MULTIPOLYGON(((-112.1 33.4, -112.0 33.4, -112.0 33.5, -112.1 33.5, -112.1 33.4)), ((-111.0 32.2, -110.9 32.2, -110.9 32.3, -111.0 32.3, -111.0 32.2))), MULTIPOLYGON(((-84.4 33.7, -84.3 33.7, -84.3 33.8, -84.4 33.8, -84.4 33.7)), ((-80.9 35.2, -80.8 35.2, -80.8 35.3, -80.9 35.3, -80.9 35.2)))",multi-polygon
area_shape,"MULTIPOLYGON(((-87.62 41.81, -87.59 41.83, -87.60 41.79, -87.63 41.78, -87.62 41.81)), ((-87.71 41.92, -87.68 41.93, -87.69 41.89, -87.72 41.88, -87.71 41.92))), MULTIPOLYGON(((-81.53 28.51, -81.48 28.52, -81.49 28.48, -81.54 28.47, -81.53 28.51)), ((-81.61 28.62, -81.58 28.63, -81.59 28.59, -81.62 28.58, -81.61 28.62))), MULTIPOLYGON(((-122.33 47.61, -122.28 47.62, -122.29 47.58, -122.34 47.57, -122.33 47.61)), ((-122.41 47.72, -122.38 47.73, -122.39 47.69, -122.42 47.68, -122.41 47.72)), ((-122.25 47.55, -122.20 47.56, -122.21 47.52, -122.26 47.51, -122.25 47.55)))",multi-polygon
parcel_boundaries,"MULTIPOLYGON(((-97.74 30.27, -97.71 30.29, -97.72 30.25, -97.75 30.24, -97.74 30.27)), ((-97.81 30.32, -97.78 30.33, -97.79 30.29, -97.82 30.28, -97.81 30.32))), MULTIPOLYGON(((-105.01 39.75, -104.98 39.76, -104.99 39.72, -105.02 39.71, -105.01 39.75)), ((-105.11 39.82, -105.08 39.83, -105.09 39.79, -105.12 39.78, -105.11 39.82))), MULTIPOLYGON(((-112.08 33.45, -112.05 33.46, -112.06 33.42, -112.09 33.41, -112.08 33.45)), ((-112.18 33.52, -112.15 33.53, -112.16 33.49, -112.19 33.48, -112.18 33.52)))",multi-polygon
wkt_multipolygon,"MULTIPOLYGON(((-118.25 34.05, -118.22 34.06, -118.23 34.02, -118.26 34.01, -118.25 34.05)), ((-118.35 34.12, -118.32 34.13, -118.33 34.09, -118.36 34.08, -118.35 34.12))), MULTIPOLYGON(((-84.39 33.75, -84.36 33.76, -84.37 33.72, -84.40 33.71, -84.39 33.75)), ((-84.49 33.82, -84.46 33.83, -84.47 33.79, -84.50 33.78, -84.49 33.82))), MULTIPOLYGON(((-69.78 44.21, -69.75 44.22, -69.76 44.18, -69.79 44.17, -69.78 44.21)), ((-69.88 44.32, -69.85 44.33, -69.86 44.29, -69.89 44.28, -69.88 44.32)))",multi-polygon
multipolygon_geom,"MULTIPOLYGON(((-118.2 34.0, -118.2 34.1, -118.3 34.1, -118.3 34.0, -118.2 34.0)), ((-118.0 33.9, -118.0 34.0, -118.1 34.0, -118.1 33.9, -118.0 33.9))), MULTIPOLYGON(((-95.3 29.7, -95.3 29.8, -95.4 29.8, -95.4 29.7, -95.3 29.7)), ((-95.5 29.9, -95.5 30.0, -95.6 30.0, -95.6 29.9, -95.5 29.9))), MULTIPOLYGON(((-80.2 25.7, -80.2 25.8, -80.3 25.8, -80.3 25.7, -80.2 25.7)), ((-80.4 25.9, -80.4 26.0, -80.5 26.0, -80.5 25.9, -80.4 25.9)))",multi-polygon
area_wkt,"MULTIPOLYGON(((-104.9 39.7, -104.9 39.8, -105.0 39.8, -105.0 39.7, -104.9 39.7)), ((-104.8 39.6, -104.8 39.65, -104.85 39.68, -104.9 39.65, -104.85 39.6, -104.8 39.6))), MULTIPOLYGON(((-122.3 47.6, -122.3 47.7, -122.4 47.7, -122.4 47.6, -122.3 47.6)), ((-122.1 47.5, -122.1 47.6, -122.2 47.6, -122.2 47.5, -122.1 47.5)), ((-122.0 47.4, -122.0 47.5, -122.1 47.5, -122.1 47.4, -122.0 47.4))), MULTIPOLYGON(((-112.0 33.4, -112.0 33.5, -112.1 33.5, -112.1 33.4, -112.0 33.4)), ((-112.2 33.6, -112.2 33.7, -112.3 33.7, -112.3 33.6, -112.2 33.6)))",multi-polygon
shape_multipolygon,"MULTIPOLYGON(((-84.3 33.7, -84.3 33.8, -84.4 33.8, -84.4 33.7, -84.3 33.7)), ((-84.5 33.9, -84.5 34.0, -84.6 34.0, -84.6 33.9, -84.5 33.9))), MULTIPOLYGON(((-75.1 39.9, -75.1 40.0, -75.2 40.0, -75.2 39.9, -75.1 39.9)), ((-75.3 40.1, -75.3 40.2, -75.4 40.2, -75.4 40.1, -75.3 40.1))), MULTIPOLYGON(((-71.0 42.3, -71.0 42.4, -71.1 42.4, -71.1 42.3, -71.0 42.3)), ((-71.2 42.2, -71.2 42.3, -71.3 42.3, -71.3 42.2, -71.2 42.2)))",multi-polygon
area_boundaries,"MULTIPOLYGON(((-118.25 34.05, -118.20 34.05, -118.20 34.10, -118.25 34.10, -118.25 34.05)), ((-122.40 37.75, -122.45 37.75, -122.45 37.80, -122.40 37.80, -122.40 37.75))), MULTIPOLYGON(((-104.99 39.74, -104.98 39.74, -104.98 39.75, -104.99 39.75, -104.99 39.74)), ((-105.27 40.01, -105.26 40.01, -105.26 40.02, -105.27 40.02, -105.27 40.01))), MULTIPOLYGON(((-81.78 24.55, -81.77 24.54, -81.76 24.55, -81.77 24.56, -81.78 24.55)), ((-81.40 24.65, -81.39 24.64, -81.38 24.65, -81.39 24.66, -81.40 24.65)))",multi-polygon
spatial_footprints,"MULTIPOLYGON(((-87.62 41.87, -87.61 41.87, -87.61 41.88, -87.62 41.88, -87.62 41.87)), ((-87.63 41.89, -87.62 41.89, -87.62 41.90, -87.63 41.90, -87.63 41.89))), MULTIPOLYGON(((-97.74 30.26, -97.73 30.26, -97.73 30.27, -97.74 30.27, -97.74 30.26)), ((-95.36 29.76, -95.35 29.76, -95.35 29.77, -95.36 29.77, -95.36 29.76))), MULTIPOLYGON(((-122.33 47.60, -122.32 47.60, -122.32 47.61, -122.33 47.61, -122.33 47.60)), ((-122.90 47.03, -122.89 47.03, -122.89 47.04, -122.90 47.04, -122.90 47.03)))",multi-polygon
polygonal_shapes,"MULTIPOLYGON(((-93.28 44.98, -93.27 44.97, -93.26 44.98, -93.27 44.99, -93.28 44.98)), ((-94.50 46.35, -94.49 46.34, -94.48 46.35, -94.49 46.36, -94.50 46.35))), MULTIPOLYGON(((-112.07 33.45, -112.06 33.45, -112.06 33.46, -112.07 33.46, -112.07 33.45)), ((-111.93 33.42, -111.92 33.42, -111.92 33.43, -111.93 33.43, -111.93 33.42))), MULTIPOLYGON(((-68.45 44.38, -68.44 44.37, -68.43 44.38, -68.44 44.39, -68.45 44.38)), ((-69.02 44.10, -69.01 44.09, -69.00 44.10, -69.01 44.11, -69.02 44.10)))",multi-polygon
shape_multipolygon,"MULTIPOLYGON(((-118.2 34.1, -118.3 34.1, -118.3 34.0, -118.2 34.0, -118.2 34.1)), ((-122.4 37.7, -122.5 37.7, -122.5 37.6, -122.4 37.6, -122.4 37.7))), MULTIPOLYGON(((-81.8 24.5, -81.7 24.6, -81.7 24.5, -81.8 24.5)), ((-80.2 25.5, -80.1 25.6, -80.1 25.4, -80.2 25.5))), MULTIPOLYGON(((-95.3 29.7, -95.4 29.8, -95.5 29.7, -95.3 29.6, -95.3 29.7)), ((-96.8 32.8, -96.7 32.9, -96.9 32.8, -96.8 32.8)))",multi-polygon
boundaries,"MULTIPOLYGON(((-87.6 41.9, -87.7 41.9, -87.7 41.8, -87.6 41.8, -87.6 41.9)), ((-87.65 41.75, -87.75 41.75, -87.70 41.70, -87.65 41.75))), MULTIPOLYGON(((-123.0 48.5, -123.1 48.6, -122.9 48.6, -123.0 48.5)), ((-122.8 48.4, -122.9 48.4, -122.9 48.3, -122.8 48.3, -122.8 48.4))), MULTIPOLYGON(((-105.1 39.7, -105.0 39.8, -105.1 39.8, -105.2 39.7, -105.1 39.7)), ((-105.5 40.1, -105.4 40.2, -105.6 40.1, -105.5 40.1)))",multi-polygon
area_wkt,"MULTIPOLYGON(((-68.2 44.3, -68.1 44.4, -68.3 44.2, -68.2 44.3)), ((-69.9 43.8, -69.8 43.9, -70.0 43.8, -69.9 43.8))), MULTIPOLYGON(((-112.1 33.5, -112.0 33.5, -112.1 33.4, -112.1 33.5)), ((-111.9 33.6, -111.8 33.7, -111.9 33.7, -111.9 33.6))), MULTIPOLYGON(((-93.2 47.5, -93.1 47.5, -93.1 47.4, -93.2 47.4, -93.2 47.5)), ((-93.5 47.8, -93.4 47.8, -93.4 47.7, -93.5 47.7, -93.5 47.8)))",multi-polygon
shape,"MULTIPOLYGON(((-88.0 41.5, -87.9 41.5, -87.9 41.6, -88.0 41.6, -88.0 41.5)), ((-88.2 41.7, -88.1 41.7, -88.1 41.8, -88.2 41.8, -88.2 41.7))), MULTIPOLYGON(((-122.1 37.5, -122.0 37.5, -122.0 37.6, -122.1 37.6, -122.1 37.5)), ((-121.9 37.8, -121.8 37.8, -121.8 37.9, -121.9 37.9, -121.9 37.8))), MULTIPOLYGON(((-81.5 28.0, -81.4 28.0, -81.4 28.1, -81.5 28.1, -81.5 28.0)), ((-82.1 29.3, -82.0 29.3, -82.0 29.4, -82.1 29.4, -82.1 29.3)))",multi-polygon
boundaries,"MULTIPOLYGON(((-105.1 39.5, -105.0 39.5, -105.0 39.6, -105.1 39.6, -105.1 39.5)), ((-104.9 39.8, -104.8 39.8, -104.8 39.9, -104.9 39.9, -104.9 39.8))), MULTIPOLYGON(((-122.5 47.5, -122.4 47.5, -122.4 47.6, -122.3 47.7, -122.5 47.5)), ((-122.8 48.0, -122.7 48.0, -122.7 48.1, -122.8 48.1, -122.8 48.0))), MULTIPOLYGON(((-97.8 29.9, -97.7 29.9, -97.7 30.0, -97.8 30.0, -97.8 29.9)), ((-96.5 30.5, -96.4 30.5, -96.4 30.6, -96.5 30.6, -96.5 30.5)))",multi-polygon
wkt_multipolygon,"MULTIPOLYGON(((-77.1 40.1, -77.0 40.1, -77.0 40.2, -77.1 40.2, -77.1 40.1)), ((-76.5 41.5, -76.4 41.5, -76.4 41.6, -76.5 41.6, -76.5 41.5))), MULTIPOLYGON(((-111.9 33.4, -111.8 33.4, -111.8 33.5, -111.9 33.5, -111.9 33.4)), ((-110.5 32.2, -110.4 32.2, -110.4 32.3, -110.5 32.3, -110.5 32.2))), MULTIPOLYGON(((-93.3 45.1, -93.2 45.1, -93.2 45.2, -93.3 45.2, -93.3 45.1)), ((-93.6 45.4, -93.5 45.4, -93.5 45.5, -93.6 45.5, -93.6 45.4)))",multi-polygon
multipolygon_geom,"MULTIPOLYGON(((-119.7 34.0, -119.6 34.0, -119.6 33.9, -119.7 33.9, -119.7 34.0)), ((-119.5 34.1, -119.4 34.15, -119.35 34.1, -119.4 34.05, -119.45 34.05, -119.5 34.1))), MULTIPOLYGON(((-105.0 39.7, -104.9 39.7, -104.9 39.6, -104.95 39.55, -105.0 39.6, -105.0 39.7)), ((-105.1 39.8, -105.0 39.8, -105.0 39.75, -105.1 39.75, -105.1 39.8))), MULTIPOLYGON(((-81.5 24.6, -81.4 24.6, -81.4 24.5, -81.5 24.5, -81.5 24.6)), ((-81.3 24.7, -81.2 24.7, -81.2 24.6, -81.3 24.6, -81.3 24.7)), ((-81.1 24.8, -81.0 24.8, -81.0 24.7, -81.1 24.7, -81.1 24.8)))",multi-polygon
shape_wkt,"MULTIPOLYGON(((-93.5 47.5, -93.4 47.6, -93.3 47.5, -93.4 47.4, -93.5 47.5)), ((-93.8 47.9, -93.7 47.9, -93.7 47.8, -93.8 47.8, -93.8 47.9))), MULTIPOLYGON(((-122.3 47.6, -122.2 47.6, -122.2 47.5, -122.3 47.5, -122.3 47.6)), ((-122.1 47.8, -122.0 47.8, -122.0 47.7, -122.05 47.7, -122.05 47.75, -122.1 47.75, -122.1 47.8))), MULTIPOLYGON(((-101.5 32.5, -101.4 32.5, -101.4 32.4, -101.5 32.4, -101.5 32.5)), ((-101.8 32.2, -101.7 32.2, -101.7 32.1, -101.8 32.1, -101.8 32.2)))",multi-polygon
footprint_geometry,"MULTIPOLYGON(((-68.2 44.3, -68.1 44.3, -68.15 44.2, -68.2 44.3)), ((-68.4 44.1, -68.3 44.1, -68.3 44.0, -68.4 44.0, -68.4 44.1))), MULTIPOLYGON(((-87.63 41.88, -87.62 41.88, -87.62 41.87, -87.63 41.87, -87.63 41.88)), ((-87.65 41.89, -87.64 41.89, -87.64 41.88, -87.65 41.88, -87.65 41.89))), MULTIPOLYGON(((-93.6 41.5, -93.5 41.5, -93.5 41.4, -93.6 41.4, -93.6 41.5)), ((-93.8 41.7, -93.7 41.7, -93.7 41.6, -93.8 41.6, -93.8 41.7)))",multi-polygon
multi_polygons,"MULTIPOLYGON(((-87.6 41.8, -87.5 41.8, -87.5 41.7, -87.6 41.7, -87.6 41.8)), ((-96.8 32.8, -96.7 32.8, -96.7 32.7, -96.8 32.7, -96.8 32.8))), MULTIPOLYGON(((-122.3 47.6, -122.2 47.6, -122.25 47.5, -122.3 47.6)), ((-105.0 39.7, -104.9 39.7, -104.9 39.6, -105.0 39.6, -105.0 39.7))), MULTIPOLYGON(((-81.5 28.5, -81.4 28.5, -81.4 28.4, -81.5 28.4, -81.5 28.5)), ((-81.3 28.3, -81.2 28.3, -81.2 28.2, -81.3 28.2, -81.3 28.3)), ((-81.1 28.1, -81.0 28.1, -81.0 28.0, -81.1 28.0, -81.1 28.1)))",multi-polygon
shape_multipolygon,"MULTIPOLYGON(((-112.1 33.5, -112.0 33.5, -112.0 33.4, -112.1 33.4, -112.1 33.5)), ((-112.3 33.6, -112.2 33.6, -112.2 33.5, -112.3 33.5, -112.3 33.6))), MULTIPOLYGON(((-69.8 45.1, -69.7 45.1, -69.75 45.0, -69.8 45.1)), ((-84.4 33.8, -84.3 33.8, -84.3 33.7, -84.4 33.7, -84.4 33.8))), MULTIPOLYGON(((-118.3 34.1, -118.2 34.1, -118.25 34.0, -118.3 34.1)), ((-118.5 34.2, -118.4 34.2, -118.4 34.1, -118.5 34.1, -118.5 34.2)))",multi-polygon
wkt_multipolygon,"MULTIPOLYGON(((-95.4 29.8, -95.3 29.8, -95.3 29.7, -95.4 29.7, -95.4 29.8)), ((-97.7 30.3, -97.6 30.3, -97.6 30.2, -97.7 30.2, -97.7 30.3))), MULTIPOLYGON(((-93.3 45.0, -93.2 45.0, -93.2 44.9, -93.3 44.9, -93.3 45.0)), ((-92.3 38.6, -92.2 38.6, -92.2 38.5, -92.3 38.5, -92.3 38.6))), MULTIPOLYGON(((-71.06 42.36, -71.05 42.36, -71.055 42.355, -71.06 42.36)), ((-71.08 42.35, -71.07 42.35, -71.07 42.34, -71.08 42.34, -71.08 42.35)), ((-71.04 42.37, -71.03 42.37, -71.03 42.36, -71.04 42.36, -71.04 42.37)))",multi-polygon
geometry_wkt,"MULTIPOLYGON(((-118.5 34.0, -118.6 34.0, -118.6 34.1, -118.5 34.1, -118.5 34.0)), ((-118.7 34.2, -118.8 34.2, -118.8 34.3, -118.75 34.35, -118.7 34.2))), MULTIPOLYGON(((-104.98 39.74, -104.97 39.74, -104.97 39.75, -104.98 39.75, -104.98 39.74)), ((-105.00 39.76, -104.99 39.76, -104.99 39.77, -105.00 39.77, -105.00 39.76))), MULTIPOLYGON(((-81.5 28.5, -81.4 28.5, -81.4 28.6, -81.5 28.6, -81.5 28.5)), ((-81.5 28.7, -81.4 28.7, -81.4 28.8, -81.5 28.8, -81.5 28.7)))",multi-polygon
shape_multipolygon,"MULTIPOLYGON(((-87.63 41.88, -87.62 41.88, -87.62 41.89, -87.63 41.89, -87.63 41.88)), ((-87.65 41.87, -87.64 41.87, -87.64 41.88, -87.65 41.88, -87.65 41.87))), MULTIPOLYGON(((-122.6 47.7, -122.5 47.7, -122.5 47.8, -122.6 47.8, -122.6 47.7)), ((-122.8 48.0, -122.7 48.0, -122.7 48.1, -122.8 48.1, -122.8 48.0))), MULTIPOLYGON(((-121.5 44.5, -121.4 44.5, -121.4 44.6, -121.45 44.65, -121.55 44.6, -121.5 44.5)), ((-121.8 44.8, -121.7 44.8, -121.7 44.9, -121.8 44.9, -121.8 44.8)))",multi-polygon
area_boundaries,"MULTIPOLYGON(((-71.10 42.37, -71.09 42.37, -71.09 42.38, -71.10 42.38, -71.10 42.37)), ((-71.15 42.40, -71.14 42.40, -71.14 42.41, -71.15 42.41, -71.15 42.40))), MULTIPOLYGON(((-97.75 30.25, -97.74 30.25, -97.74 30.26, -97.75 30.26, -97.75 30.25)), ((-97.78 30.28, -97.77 30.28, -97.77 30.29, -97.78 30.29, -97.78 30.28))), MULTIPOLYGON(((-90.1 29.9, -90.0 29.9, -90.0 30.0, -90.1 30.0, -90.1 29.9)), ((-90.3 29.8, -90.2 29.8, -90.2 29.9, -90.3 29.9, -90.3 29.8)))",multi-polygon
shape,"MULTIPOLYGON(((-118.5 34.1, -118.4 34.1, -118.4 34.2, -118.5 34.2, -118.5 34.1)), ((-115.2 36.1, -115.1 36.1, -115.1 36.2, -115.2 36.2, -115.2 36.1))), MULTIPOLYGON(((-96.8 32.7, -96.7 32.7, -96.75 32.8, -96.8 32.7)), ((-97.5 35.4, -97.4 35.4, -97.4 35.5, -97.5 35.5, -97.5 35.4)), ((-92.3 34.7, -92.2 34.7, -92.2 34.8, -92.3 34.8, -92.3 34.7))), MULTIPOLYGON(((-81.8 24.5, -81.7 24.5, -81.7 24.6, -81.8 24.6, -81.8 24.5)), ((-80.2 25.7, -80.1 25.7, -80.1 25.8, -80.2 25.8, -80.2 25.7)))",multi-polygon
footprint,"MULTIPOLYGON(((-122.3 47.6, -122.2 47.6, -122.2 47.7, -122.3 47.7, -122.3 47.6)), ((-122.7 45.5, -122.6 45.5, -122.6 45.6, -122.7 45.6, -122.7 45.5))), MULTIPOLYGON(((-87.7 41.8, -87.6 41.8, -87.6 41.9, -87.7 41.9, -87.7 41.8)), ((-88.0 43.0, -87.9 43.0, -87.9 43.1, -88.0 43.1, -88.0 43.0))), MULTIPOLYGON(((-105.0 39.7, -104.9 39.7, -104.9 39.8, -105.0 39.8, -105.0 39.7)), ((-105.1 39.9, -105.0 39.9, -105.0 40.0, -105.1 40.0, -105.1 39.9)), ((-104.8 39.6, -104.7 39.6, -104.7 39.7, -104.8 39.7, -104.8 39.6)))",multi-polygon
boundaries,"MULTIPOLYGON(((-71.1 42.3, -71.0 42.3, -71.05 42.4, -71.1 42.3)), ((-72.7 41.7, -72.6 41.7, -72.6 41.8, -72.7 41.8, -72.7 41.7))), MULTIPOLYGON(((-112.1 33.4, -112.0 33.4, -112.0 33.5, -112.1 33.5, -112.1 33.4)), ((-111.0 32.2, -110.9 32.2, -110.9 32.3, -111.0 32.3, -111.0 32.2))), MULTIPOLYGON(((-150.0 61.2, -149.8 61.2, -149.9 61.3, -150.0 61.2)), ((-147.7 64.8, -147.6 64.8, -147.6 64.9, -147.7 64.9, -147.7 64.8)))",multi-polygon
geom_multipolygon,"MULTIPOLYGON(((-122.4 37.7, -122.3 37.7, -122.3 37.8, -122.4 37.8, -122.4 37.7)), ((-122.1 37.5, -122.0 37.5, -122.0 37.6, -122.1 37.6, -122.1 37.5))), MULTIPOLYGON(((-81.8 24.5, -81.7 24.5, -81.75 24.6, -81.8 24.5)), ((-81.5 24.7, -81.4 24.7, -81.45 24.8, -81.5 24.7))), MULTIPOLYGON(((-87.6 41.8, -87.5 41.8, -87.5 41.9, -87.6 41.9, -87.6 41.8)), ((-87.7 41.7, -87.65 41.7, -87.65 41.75, -87.7 41.75, -87.7 41.7)), ((-87.8 42.0, -87.7 42.0, -87.75 42.1, -87.8 42.0)))",multi-polygon
wkt_shape,"MULTIPOLYGON(((-122.3 47.6, -122.2 47.6, -122.2 47.7, -122.3 47.7, -122.3 47.6)), ((-122.6 45.5, -122.5 45.5, -122.5 45.6, -122.6 45.6, -122.6 45.5))), MULTIPOLYGON(((-97.7 30.2, -97.6 30.2, -97.6 30.3, -97.7 30.3, -97.7 30.2)), ((-95.3 29.7, -95.2 29.7, -95.2 29.8, -95.3 29.8, -95.3 29.7))), MULTIPOLYGON(((-105.0 39.7, -104.9 39.7, -104.9 39.8, -105.0 39.8, -105.0 39.7)), ((-105.3 40.0, -105.2 40.0, -105.2 40.1, -105.3 40.1, -105.3 40.0)))",multi-polygon
boundary_collection,"MULTIPOLYGON(((-71.1 42.3, -71.0 42.3, -71.0 42.4, -71.1 42.4, -71.1 42.3)), ((-72.7 41.7, -72.6 41.7, -72.6 41.8, -72.7 41.8, -72.7 41.7))), MULTIPOLYGON(((-112.1 33.4, -112.0 33.4, -112.0 33.5, -112.1 33.5, -112.1 33.4)), ((-111.0 32.2, -110.9 32.2, -110.9 32.3, -111.0 32.3, -111.0 32.2))), MULTIPOLYGON(((-68.5 44.1, -68.4 44.1, -68.45 44.2, -68.5 44.1)), ((-68.3 44.3, -68.2 44.3, -68.25 44.4, -68.3 44.3)), ((-68.1 44.5, -68.0 44.5, -68.05 44.6, -68.1 44.5)))",multi-polygon
shape,"MULTIPOLYGON(((-118.5 33.8, -118.4 33.8, -118.4 33.7, -118.5 33.7, -118.5 33.8)), ((-118.2 33.6, -118.1 33.5, -118.0 33.6, -118.2 33.6))), MULTIPOLYGON(((-87.65 41.89, -87.64 41.89, -87.64 41.88, -87.65 41.88, -87.65 41.89)), ((-87.70 41.92, -87.68 41.92, -87.68 41.90, -87.70 41.90, -87.70 41.92))), MULTIPOLYGON(((-81.71 24.72, -81.68 24.73, -81.69 24.68, -81.71 24.72)), ((-81.50 24.60, -81.48 24.61, -81.49 24.58, -81.50 24.60)))",multi-polygon
wkt_multipolygon,"MULTIPOLYGON(((-122.35 47.65, -122.30 47.65, -122.30 47.55, -122.35 47.55, -122.35 47.65)), ((-122.25 47.45, -122.15 47.45, -122.15 47.35, -122.25 47.35, -122.25 47.45))), MULTIPOLYGON(((-96.81 32.79, -96.79 32.79, -96.79 32.77, -96.81 32.77, -96.81 32.79)), ((-96.65 32.65, -96.55 32.65, -96.55 32.55, -96.65 32.55, -96.65 32.65))), MULTIPOLYGON(((-71.12 42.36, -71.08 42.36, -71.08 42.34, -71.12 42.34, -71.12 42.36)), ((-71.30 42.25, -71.20 42.25, -71.20 42.15, -71.30 42.15, -71.30 42.25)))",multi-polygon
spatial_extent,"MULTIPOLYGON(((-104.99 39.75, -104.98 39.76, -104.97 39.75, -104.98 39.74, -104.99 39.75)), ((-105.05 39.70, -105.04 39.71, -105.03 39.70, -105.04 39.69, -105.05 39.70))), MULTIPOLYGON(((-112.07 33.45, -112.06 33.45, -112.06 33.44, -112.07 33.44, -112.07 33.45)), ((-111.95 33.52, -111.94 33.52, -111.94 33.51, -111.95 33.51, -111.95 33.52))), MULTIPOLYGON(((-68.55 44.45, -68.45 44.45, -68.45 44.35, -68.55 44.35, -68.55 44.45)), ((-68.25 44.25, -68.15 44.25, -68.15 44.15, -68.25 44.15, -68.25 44.25)))",multi-polygon
multipolygon_geometry,"MULTIPOLYGON(((-118.2 34.0, -118.3 34.0, -118.3 34.1, -118.2 34.1, -118.2 34.0)), ((-122.4 37.7, -122.5 37.7, -122.5 37.8, -122.4 37.8, -122.4 37.7))), MULTIPOLYGON(((-96.8 32.7, -96.9 32.7, -96.9 32.8, -96.8 32.8, -96.8 32.7)), ((-95.3 29.7, -95.4 29.7, -95.4 29.8, -95.3 29.8, -95.3 29.7))), MULTIPOLYGON(((-80.2 25.7, -80.3 25.7, -80.3 25.8, -80.2 25.8, -80.2 25.7)), ((-82.4 27.9, -82.5 27.9, -82.5 28.0, -82.4 28.0, -82.4 27.9)), ((-81.3 28.5, -81.4 28.5, -81.4 28.6, -81.3 28.6, -81.3 28.5)))",multi-polygon
area_footprints,"MULTIPOLYGON(((-87.62 41.85, -87.72 41.85, -87.72 41.95, -87.62 41.95, -87.62 41.85)), ((-93.26 44.97, -93.36 44.97, -93.36 45.07, -93.26 45.07, -93.26 44.97))), MULTIPOLYGON(((-122.33 47.60, -122.43 47.60, -122.43 47.70, -122.33 47.70, -122.33 47.60)), ((-122.67 45.52, -122.77 45.52, -122.77 45.62, -122.67 45.62, -122.67 45.52))), MULTIPOLYGON(((-104.99 39.73, -105.09 39.73, -105.09 39.83, -104.99 39.83, -104.99 39.73)), ((-111.89 40.76, -111.99 40.76, -111.99 40.86, -111.89 40.86, -111.89 40.76)))",multi-polygon
zone_boundaries,"MULTIPOLYGON(((-71.05 42.36, -71.15 42.36, -71.15 42.46, -71.05 42.46, -71.05 42.36)), ((-71.41 41.82, -71.51 41.82, -71.51 41.92, -71.41 41.92, -71.41 41.82))), MULTIPOLYGON(((-158.0 21.3, -158.1 21.3, -158.1 21.5, -158.0 21.5, -158.0 21.3)), ((-156.3 20.8, -156.4 20.8, -156.4 20.9, -156.3 20.9, -156.3 20.8))), MULTIPOLYGON(((-84.38 33.74, -84.48 33.74, -84.48 33.84, -84.38 33.84, -84.38 33.74)), ((-86.78 36.16, -86.88 36.16, -86.88 36.26, -86.78 36.26, -86.78 36.16)))",multi-polygon
area_geometry,"MULTIPOLYGON(((-87.62 41.88, -87.61 41.88, -87.61 41.87, -87.62 41.87, -87.62 41.88)), ((-87.65 41.90, -87.64 41.90, -87.64 41.89, -87.65 41.89, -87.65 41.90))), MULTIPOLYGON(((-98.50 30.20, -98.48 30.20, -98.48 30.18, -98.50 30.18, -98.50 30.20)), ((-98.55 30.25, -98.53 30.25, -98.53 30.23, -98.55 30.23, -98.55 30.25))), MULTIPOLYGON(((-105.00 39.75, -104.99 39.75, -104.99 39.74, -105.00 39.74, -105.00 39.75)), ((-104.98 39.75, -104.97 39.75, -104.97 39.74, -104.98 39.74, -104.98 39.75)))",multi-polygon
parcel_footprints,"MULTIPOLYGON(((-68.40 44.20, -68.39 44.21, -68.38 44.20, -68.39 44.19, -68.40 44.20)), ((-68.45 44.25, -68.44 44.26, -68.43 44.25, -68.43 44.24, -68.45 44.25))), MULTIPOLYGON(((-120.5 36.5, -120.4 36.5, -120.4 36.4, -120.5 36.4, -120.5 36.5)), ((-120.7 36.6, -120.6 36.6, -120.6 36.5, -120.7 36.5, -120.7 36.6))), MULTIPOLYGON(((-122.33 47.61, -122.32 47.61, -122.32 47.60, -122.33 47.60, -122.33 47.61)), ((-122.30 47.65, -122.29 47.65, -122.29 47.64, -122.30 47.64, -122.30 47.65)))",multi-polygon
wkt_multipolygon,"MULTIPOLYGON(((-82.45 28.05, -82.44 28.05, -82.44 28.04, -82.45 28.04, -82.45 28.05)), ((-82.50 28.10, -82.49 28.10, -82.49 28.09, -82.50 28.09, -82.50 28.10))), MULTIPOLYGON(((-112.0 33.5, -111.9 33.5, -111.9 33.4, -112.0 33.4, -112.0 33.5)), ((-112.0 33.7, -111.9 33.7, -111.9 33.6, -112.0 33.6, -112.0 33.7))), MULTIPOLYGON(((-84.40 33.76, -84.39 33.76, -84.39 33.75, -84.40 33.75, -84.40 33.76)), ((-84.42 33.78, -84.41 33.78, -84.41 33.77, -84.42 33.77, -84.42 33.78)), ((-84.44 33.80, -84.43 33.80, -84.43 33.79, -84.44 33.79, -84.44 33.80)))",multi-polygon
parcel_footprints,"MULTIPOLYGON(((-122.41 37.77, -122.42 37.77, -122.42 37.78, -122.41 37.78, -122.41 37.77)), ((-122.40 37.76, -122.41 37.76, -122.41 37.77, -122.40 37.77, -122.40 37.76))), MULTIPOLYGON(((-81.65 30.33, -81.66 30.33, -81.66 30.34, -81.65 30.34, -81.65 30.33)), ((-81.65 30.35, -81.66 30.35, -81.66 30.36, -81.65 30.36, -81.65 30.35)), ((-81.64 30.34, -81.65 30.34, -81.65 30.35, -81.64 30.35, -81.64 30.34))), MULTIPOLYGON(((-95.36 29.76, -95.37 29.76, -95.37 29.77, -95.38 29.77, -95.38 29.78, -95.36 29.78, -95.36 29.76)), ((-95.35 29.75, -95.36 29.75, -95.36 29.76, -95.35 29.76, -95.35 29.75)))",multi-polygon
area_boundaries,"MULTIPOLYGON(((-105.00 39.74, -105.02 39.73, -105.02 39.75, -104.99 39.76, -105.00 39.74)), ((-104.95 39.70, -104.97 39.70, -104.96 39.72, -104.95 39.71, -104.95 39.70))), MULTIPOLYGON(((-122.33 47.61, -122.34 47.60, -122.35 47.61, -122.34 47.62, -122.33 47.61)), ((-122.30 47.65, -122.31 47.64, -122.32 47.65, -122.31 47.66, -122.30 47.65))), MULTIPOLYGON(((-87.62 41.88, -87.63 41.88, -87.63 41.89, -87.62 41.89, -87.62 41.88)), ((-87.64 41.90, -87.65 41.90, -87.65 41.91, -87.64 41.91, -87.64 41.90)))",multi-polygon
wkt_multipolygon,"MULTIPOLYGON(((-112.07 33.45, -112.08 33.45, -112.08 33.46, -112.07 33.46, -112.07 33.45)), ((-112.05 33.47, -112.06 33.47, -112.06 33.48, -112.05 33.48, -112.05 33.47))), MULTIPOLYGON(((-75.16 39.95, -75.17 39.95, -75.17 39.96, -75.16 39.96, -75.16 39.95)), ((-75.18 39.97, -75.19 39.97, -75.19 39.98, -75.18 39.98, -75.18 39.97)), ((-75.20 39.99, -75.21 39.99, -75.21 40.00, -75.20 40.00, -75.20 39.99))), MULTIPOLYGON(((-122.67 45.52, -122.68 45.51, -122.69 45.52, -122.68 45.53, -122.67 45.52)), ((-122.70 45.54, -122.71 45.53, -122.72 45.54, -122.71 45.55, -122.70 45.54)))",multi-polygon
spatial_footprint,"MULTIPOLYGON(((-122.40 37.70, -122.41 37.70, -122.41 37.71, -122.40 37.71, -122.40 37.70)), ((-122.42 37.72, -122.43 37.72, -122.43 37.73, -122.425 37.73, -122.42 37.725, -122.42 37.72))), MULTIPOLYGON(((-96.80 32.77, -96.81 32.77, -96.805 32.78, -96.80 32.77)), ((-96.82 32.79, -96.83 32.79, -96.83 32.80, -96.82 32.80, -96.82 32.79))), MULTIPOLYGON(((-80.20 25.80, -80.21 25.80, -80.21 25.81, -80.20 25.81, -80.20 25.80)), ((-80.22 25.82, -80.23 25.82, -80.23 25.83, -80.22 25.83, -80.22 25.82)), ((-80.24 25.84, -80.25 25.84, -80.25 25.85, -80.24 25.85, -80.24 25.84)))",multi-polygon
lot_polygons,"MULTIPOLYGON(((-87.65 41.88, -87.66 41.88, -87.66 41.89, -87.65 41.89, -87.65 41.88)), ((-87.67 41.90, -87.68 41.90, -87.68 41.91, -87.67 41.91, -87.67 41.90))), MULTIPOLYGON(((-122.33 47.61, -122.34 47.61, -122.34 47.62, -122.33 47.62, -122.33 47.61)), ((-122.35 47.63, -122.36 47.63, -122.355 47.64, -122.35 47.63))), MULTIPOLYGON(((-104.99 39.74, -105.00 39.74, -105.00 39.75, -104.99 39.75, -104.99 39.74)), ((-104.98 39.76, -104.97 39.76, -104.97 39.77, -104.98 39.77, -104.98 39.76)))",multi-polygon
building_shapes,"MULTIPOLYGON(((-71.06 42.36, -71.07 42.36, -71.07 42.37, -71.06 42.37, -71.06 42.36)), ((-71.08 42.35, -71.09 42.35, -71.09 42.36, -71.08 42.36, -71.08 42.35))), MULTIPOLYGON(((-112.07 33.45, -112.08 33.45, -112.08 33.46, -112.07 33.46, -112.07 33.45)), ((-112.09 33.47, -112.10 33.47, -112.10 33.48, -112.09 33.48, -112.09 33.47))), MULTIPOLYGON(((-84.39 33.75, -84.40 33.75, -84.40 33.76, -84.39 33.76, -84.39 33.75)), ((-84.41 33.77, -84.42 33.77, -84.42 33.78, -84.41 33.78, -84.41 33.77)))",multi-polygon
geometry,"MULTIPOLYGON(((-87.629 41.878, -87.628 41.878, -87.628 41.877, -87.629 41.877, -87.629 41.878)), ((-87.631 41.879, -87.630 41.879, -87.630 41.878, -87.631 41.878, -87.631 41.879))), MULTIPOLYGON(((-81.78 24.55, -81.77 24.56, -81.76 24.54, -81.77 24.54, -81.78 24.55)), ((-81.74 24.57, -81.73 24.58, -81.73 24.56, -81.74 24.57))), MULTIPOLYGON(((-104.99 39.74, -104.98 39.74, -104.985 39.73, -104.99 39.74)), ((-104.97 39.75, -104.96 39.75, -104.965 39.74, -104.97 39.75)))",multi-polygon
area_footprint,"MULTIPOLYGON(((-97.75 30.25, -97.74 30.25, -97.74 30.24, -97.75 30.24, -97.75 30.25)), ((-97.72 30.28, -97.71 30.28, -97.71 30.27, -97.72 30.27, -97.72 30.28))), MULTIPOLYGON(((-122.45 47.60, -122.44 47.61, -122.45 47.59, -122.45 47.60)), ((-122.50 47.55, -122.49 47.56, -122.50 47.54, -122.50 47.55))), MULTIPOLYGON(((-93.20 45.00, -93.19 45.01, -93.18 45.00, -93.19 44.99, -93.20 45.00)), ((-93.25 45.05, -93.24 45.06, -93.23 45.05, -93.24 45.04, -93.25 45.05)))",multi-polygon
shape_wkt,"MULTIPOLYGON(((-120.5 38.5, -120.4 38.5, -120.4 38.4, -120.5 38.4, -120.5 38.5)), ((-120.7 38.7, -120.6 38.7, -120.6 38.6, -120.7 38.6, -120.7 38.7))), MULTIPOLYGON(((-77.80 34.20, -77.78 34.21, -77.79 34.19, -77.80 34.20)), ((-77.85 34.15, -77.83 34.16, -77.84 34.14, -77.85 34.15))), MULTIPOLYGON(((-71.10 42.35, -71.09 42.35, -71.09 42.34, -71.10 42.34, -71.10 42.35)), ((-71.12 42.37, -71.11 42.37, -71.11 42.36, -71.12 42.36, -71.12 42.37)))",multi-polygon
geom,"MULTIPOLYGON(((-87.6 41.8, -87.5 41.8, -87.5 41.9, -87.6 41.9, -87.6 41.8)), ((-87.55 41.82, -87.45 41.82, -87.45 41.88, -87.55 41.88, -87.55 41.82))), MULTIPOLYGON(((-104.9 39.7, -104.8 39.7, -104.85 39.75, -104.9 39.75, -104.9 39.7)), ((-105.0 39.6, -104.95 39.6, -104.95 39.65, -105.0 39.62, -105.0 39.6))), MULTIPOLYGON(((-81.0 25.0, -80.9 25.0, -80.9 25.05, -81.0 25.05, -81.0 25.0)), ((-81.1 25.1, -81.05 25.1, -81.05 25.15, -81.1 25.15, -81.1 25.1)), ((-81.2 25.2, -81.15 25.2, -81.15 25.25, -81.2 25.25, -81.2 25.2)))",multi-polygon
wkt_multipolygon,"MULTIPOLYGON(((-122.3 47.6, -122.2 47.6, -122.2 47.7, -122.3 47.7, -122.3 47.6)), ((-122.35 47.5, -122.25 47.5, -122.25 47.55, -122.35 47.55, -122.35 47.5))), MULTIPOLYGON(((-97.7 30.2, -97.6 30.2, -97.65 30.3, -97.7 30.3, -97.7 30.2)), ((-97.8 30.1, -97.75 30.1, -97.75 30.15, -97.8 30.15, -97.8 30.1))), MULTIPOLYGON(((-71.0 42.3, -70.9 42.3, -70.9 42.35, -71.0 42.35, -71.0 42.3)), ((-71.1 42.2, -71.05 42.2, -71.05 42.25, -71.1 42.25, -71.1 42.2)))",multi-polygon
area_footprint,"MULTIPOLYGON(((-112.0 33.4, -111.9 33.4, -111.9 33.5, -112.0 33.5, -112.0 33.4)), ((-112.1 33.3, -112.0 33.3, -112.05 33.35, -112.1 33.35, -112.1 33.3))), MULTIPOLYGON(((-84.3 33.7, -84.2 33.7, -84.2 33.8, -84.3 33.8, -84.3 33.7)), ((-84.4 33.6, -84.35 33.6, -84.35 33.65, -84.4 33.65, -84.4 33.6))), MULTIPOLYGON(((-122.4 37.7, -122.3 37.7, -122.3 37.75, -122.35 37.8, -122.4 37.75, -122.4 37.7)), ((-122.5 37.6, -122.45 37.6, -122.45 37.65, -122.5 37.65, -122.5 37.6)))",multi-polygon
multipolygon_geom,"MULTIPOLYGON(((-118.3 34.0, -118.2 34.0, -118.2 34.1, -118.3 34.1, -118.3 34.0)), ((-122.5 37.7, -122.4 37.7, -122.4 37.8, -122.5 37.8, -122.5 37.7))), MULTIPOLYGON(((-95.4 29.7, -95.3 29.7, -95.3 29.8, -95.4 29.8, -95.4 29.7)), ((-96.8 32.8, -96.7 32.8, -96.7 32.9, -96.8 32.9, -96.8 32.8))), MULTIPOLYGON(((-80.2 25.8, -80.1 25.8, -80.1 25.9, -80.2 25.9, -80.2 25.8)), ((-81.4 28.5, -81.3 28.5, -81.3 28.6, -81.4 28.6, -81.4 28.5)))",multi-polygon
boundary_shape,"MULTIPOLYGON(((-87.7 41.8, -87.6 41.8, -87.6 41.9, -87.7 41.9, -87.7 41.8)), ((-83.0 39.9, -82.9 39.9, -82.9 40.0, -83.0 40.0, -83.0 39.9))), MULTIPOLYGON(((-122.4 47.6, -122.3 47.6, -122.3 47.7, -122.4 47.7, -122.4 47.6)), ((-122.7 45.5, -122.6 45.5, -122.6 45.6, -122.7 45.6, -122.7 45.5))), MULTIPOLYGON(((-105.0 39.7, -104.9 39.7, -104.9 39.8, -105.0 39.8, -105.0 39.7)), ((-112.1 33.4, -112.0 33.4, -112.0 33.5, -112.1 33.5, -112.1 33.4)))",multi-polygon
area_wkt,"MULTIPOLYGON(((-71.1 42.3, -71.0 42.3, -71.0 42.4, -71.1 42.4, -71.1 42.3)), ((-75.2 39.9, -75.1 39.9, -75.1 40.0, -75.2 40.0, -75.2 39.9))), MULTIPOLYGON(((-84.4 33.7, -84.3 33.7, -84.3 33.8, -84.4 33.8, -84.4 33.7)), ((-80.9 35.2, -80.8 35.2, -80.8 35.3, -80.9 35.3, -80.9 35.2))), MULTIPOLYGON(((-149.9 61.2, -149.8 61.2, -149.8 61.3, -149.9 61.3, -149.9 61.2)), ((-147.8 64.8, -147.7 64.8, -147.7 64.9, -147.8 64.9, -147.8 64.8)))",multi-polygon
shape,"MULTIPOLYGON(((-87.63 41.88, -87.62 41.88, -87.62 41.87, -87.63 41.87, -87.63 41.88)), ((-87.65 41.90, -87.64 41.90, -87.645 41.89, -87.65 41.90))), MULTIPOLYGON(((-118.5 34.1, -118.4 34.1, -118.4 34.0, -118.5 34.0, -118.5 34.1)), ((-118.6 34.2, -118.55 34.2, -118.55 34.15, -118.6 34.15, -118.6 34.2))), MULTIPOLYGON(((-81.5 28.5, -81.49 28.5, -81.49 28.49, -81.5 28.49, -81.5 28.5)), ((-81.52 28.52, -81.51 28.52, -81.51 28.51, -81.52 28.51, -81.52 28.52)), ((-81.48 28.48, -81.47 28.48, -81.47 28.47, -81.48 28.47, -81.48 28.48)))",multi-polygon
wkt_geometry,"MULTIPOLYGON(((-122.3 47.6, -122.29 47.6, -122.29 47.59, -122.3 47.59, -122.3 47.6)), ((-122.32 47.62, -122.31 47.62, -122.315 47.61, -122.32 47.62))), MULTIPOLYGON(((-105.0 39.7, -104.9 39.7, -104.9 39.6, -105.0 39.6, -105.0 39.7)), ((-105.02 39.75, -105.01 39.75, -105.01 39.74, -105.02 39.74, -105.02 39.75))), MULTIPOLYGON(((-71.06 42.36, -71.05 42.36, -71.05 42.35, -71.06 42.35, -71.06 42.36)), ((-71.08 42.37, -71.07 42.37, -71.075 42.365, -71.08 42.37)))",multi-polygon
multipolygons,"MULTIPOLYGON(((-93.2 45.0, -93.1 45.0, -93.15 44.9, -93.2 45.0)), ((-93.3 45.1, -93.25 45.1, -93.25 45.05, -93.3 45.05, -93.3 45.1))), MULTIPOLYGON(((-97.74 30.26, -97.73 30.26, -97.73 30.25, -97.74 30.25, -97.74 30.26)), ((-97.75 30.28, -97.74 30.28, -97.74 30.27, -97.75 30.27, -97.75 30.28))), MULTIPOLYGON(((-77.80 40.80, -77.79 40.80, -77.79 40.79, -77.80 40.79, -77.80 40.80)), ((-77.82 40.82, -77.81 40.82, -77.81 40.81, -77.82 40.81, -77.82 40.82)), ((-77.84 40.83, -77.83 40.83, -77.835 40.825, -77.84 40.83)))",multi-polygon
street_address,"1060 W Addison St, 4 Yawkey Way, 1 Patriots Pl",address
primary_address,"PO Box 62000, 700 E Grand Ave, 1201 S Figueroa St",address
address_line_1,"800 Occidental Ave S, 2401 E Holcombe Blvd, 1 AT&T Way",address
StreetAddress,"450 Westlake Ave N, Seattle, WA 98109, PO Box 589, Denver, CO 80201, 1100 Congress Ave, Austin, TX 78701",address
FullAddress,"200 E Randolph St, Chicago, IL 60601, 350 5th Avenue Suite 7610, 1428 Elm Street, Springwood, OH 45371",address
PhysicalLocation,"1600 Amphitheatre Parkway, Mountain View, CA 94043, 1 Government Dr, St. Louis, MO 63110, 75 Rev Dr Martin Luther King Jr Blvd, St Paul, MN 55155",address
LocationAddress,"445 N Clark St Apt 801, 12101 Research Blvd, 200 W Mercer St",address
StreetAddress,"PO Box 589, 333 S Grand Ave, 95 Old Mill Rd",address
FullAddress,"2500 S Atlantic Ave, Daytona Beach, FL 32118, 111 S Michigan Ave, Chicago, IL 60603, 1 Hacker Way, Menlo Park, CA 94025",address
Location of Occurrence,"1600 Pennsylvania Ave NW, 4059 Mt Lee Dr, 1060 West Addison Street",address
Property Address,"PO Box 911, 1 Infinite Loop, 2900 W VINCE LOMBARDI AVE",address
Site Address,"1 AT&T WAY, 800 N ALAMEDA ST, 700 E GRAND AVE",address
street_address,"4400 MLK Jr Way S, Seattle, WA 98108, 1201 S Figueroa St, PO Box 5210",address
FullAddress,"233 S Wacker Dr, Chicago, IL 60606, 1 Independence Mall, Philadelphia, PA 19106, 750 E Covey Ln Apt 3B",address
Property Location,"350 5th Ave, 1600 Amphitheatre Parkway, Mountain View, CA 94043, 201 E Randolph St",address
Primary Address,"455 N Park Drive, 101 S Main St Apt 3B, PO Box 5800",address
Street Address Line 1,"12 Beacon Street, 9812 County Road 42, 2500 E Camelback Rd",address
Location Address,"P.O. Box 915, 7422 Carmelita Avenue, 3399 Peachtree Rd NE",address
Intersecting Street,"1200 E California Blvd, Pasadena, CA 91125, 350 5th Ave, PO Box 400",address
Second Cross Street,"89 E 42nd St, New York, NY 10017, 201 E Randolph St, 4400 MLK Jr Way S, Seattle, WA 98108",address
Adjacent Roadway,"1 Patriots Pl, Foxborough, MA 02035, PO Box 1138, Austin, TX 78767, 1601 Biscayne Blvd",address
street_address,"1060 W ADDISON ST, 742 EVERGREEN TERRACE, 1201 BRICKELL AVE",address
property_location,"PO BOX 1138, 1 AMGEN CENTER DR, 2901 S LAS VEGAS BLVD",address
full_address,"1600 PENNSYLVANIA AVE NW WASHINGTON DC 20500, 1 AT&T WAY ARLINGTON TX 76011, 1 INFINITE LOOP CUPERTINO CA 95014",address
PrimaryAddress,"123 E Elm St, Springfield, IL 62704, 4550 N Clark St Apt 3, Chicago, IL 60640, PO Box 580, Austin, TX 78767",address
LocationAddress,"2001 Mission St, San Francisco, CA 94110, 100 S Biscayne Blvd, Miami, FL 33131, 888 W Beacon Ave, Seattle, WA 98108",address
full_address_line,"1776 Constitution Ave NW, Washington, DC 20006, 1 Rodeo Dr, Beverly Hills, CA 90210, 350 Fifth Avenue, New York, NY 10118",address
StreetAddress,"123 Main Street, Anytown, USA 12345, 4400 Massachusetts Ave NW, Washington, DC 20016, 75 Rev Dr Martin Luther King Jr Blvd",address
FullAddress,"PO Box 297, Boulder, CO 80306, 600 E Grand Ave, Chicago, IL 60611, 1501 N High St, Columbus, OH 43201",address
SiteAddress,"2901 E. 8th Street, National City, CA 91950, PO Box 1890, Phoenix, AZ 85001, 1 Discovery Place, Silver Spring, MD 20910",address
LocationAddress,"125 E Main St, Bozeman, MT 59715, 4400 Clayton Ave, Los Angeles, CA 90027, PO Box 5210, Chicago, IL 60680",address
StreetLocation,"801 E 11th St, Austin, TX 78702, 20 W 34th St, New York, NY 10001, 1500 Orange Ave, Coronado, CA 92118",address
SiteAddress,"1 Ferry Building, San Francisco, CA 94111, 700 Art Museum Dr, Philadelphia, PA 19130, 999 E Street NW, Washington, DC 20004",address
Location Of Occurrence,"8700 N KENDALL DR APT 201, 111 N STATE ST, 452 S MAIN ST",address
Street Location,"PO BOX 1138, 20450 STEVENS CREEK BLVD, 1365 PIEDMONT AVE NE",address
Property Address,"159 E MONROE ST, CHICAGO, IL, 1777 BROADWAY, BOULDER, CO 80302, 1200 FEDERAL BLVD",address
Full Address,"450 W Exchange St, Akron, OH 44302, 2101 E Coliseum Blvd, Fort Wayne, IN 46805, 800 N State College Blvd, Fullerton, CA 92831",address
Property Address,"3301 S Claiborne Ave Apt 502, New Orleans, LA 70125, 1600 Amphitheatre Parkway, 177A Bleecker Street",address
Mailing Address,"PO Box 9200, Denver, CO 80209, 1410 NE Campus Pkwy, Seattle, WA 98195, 25 West 4th Street",address
Intersecting Street,"450 N Michigan Ave, 101 S Main St, 200 E Colfax Ave, Denver, CO 80203",address
Nearest Cross St,"350 Fifth Avenue, 600 E Grand Ave, Chicago, IL 60611, PO Box 9812",address
Adjacent Road,"1 Dr Carlton B Goodlett Pl, 700 Convention Plaza, 222 N 20th St, Philadelphia, PA 19103",address
Secondary Address,"1401 E 6th St, Austin, TX 78702, PO Box 589, Denver, CO 80201, 450 Serra Mall, Stanford, CA 94305",address
Location Description,"20 W 34th St, New York, NY 10001, 350 5th Avenue Suite 5500, 1 Faneuil Hall Sq, Boston, MA 02109",address
Full Address Line,"PO Box 2112, Chicago, IL 60690, 600 E Grand Ave, Chicago, IL 60611, 1515 N Figueroa St, Los Angeles, CA 90012",address
street_address,"1600 Pennsylvania Ave NW, 4059 Mount Lee Dr, PO Box 550",address
full_address,"1200 E California Blvd, Pasadena, CA 91125, 77 Massachusetts Avenue, Cambridge, MA 02139, 1 Infinite Loop, Cupertino, CA 95014",address
property_location,"1111 S Figueroa St, Los Angeles, CA 90015, 2901 S Claiborne Ave, New Orleans, LA 70125, 1 E 161st St, Bronx, NY 10451",address
street_address,"123 Elm Street, 450 W 33rd St Apt 5C, PO Box 4501",address
full_address,"2101 Epcot Resorts Blvd, Orlando, FL 32830, 1 Ferry Building, San Francisco, CA 94111, 1060 W Addison St, Chicago, IL 60613",address
address_line_1,"1776 Independence Ave SW, 350 5th Avenue, 1 Space Mountain Way",address
street_address,"1600 Pennsylvania Avenue NW, 459 W 18th St, 1100 Congress Ave",address
physical_address,"PO Box 619999, 800 N Glebe Rd, 201 W Main St",address
property_location,"233 S Wacker Dr, 177A Bleecker Street, 600 E Grand Ave",address
location_address,"601 17th St, Denver, CO 80202, 225 S Canal St, Chicago, IL 60606, 1 World Way, Los Angeles, CA 90045",address
street_address,"2225 Alaskan Way, Seattle, WA 98121, PO Box 5501, Austin, TX 78763, 1001 Connecticut Ave NW, Washington, DC 20036",address
full_address,"1 Ferry Building, San Francisco, CA 94111, 700 Atlantic Ave, Boston, MA 02110, 455 N Park Dr Apt 3205, Chicago, IL 60611",address
Location Address,"1600 PENNSYLVANIA AVE NW, 4059 MT VERNON MEMORIAL HWY, 1 AT&T WAY",address
Property Address,"PO BOX 61000, 742 EVERGREEN TERRACE, 2900 W VINELAND RD KISSIMMEE FL 34747",address
Event Location,"1201 S PRAIRIE AVE, 1060 W ADDISON ST, 4400 FALCON PARKWAY",address
StreetAddress,"452 Oak Lane, Austin, TX 78704, 110 W Schiller St Apt 3B, Chicago, IL 60610, PO Box 9123, Denver, CO 80201",address
full_address,"2045 Pacific Ave, San Francisco, CA 94109, 75 State St, 801 S Pointe Dr, Miami Beach, FL 33139",address
Property Location,"12A Maple Street, Burlington, VT 05401, 600 E Grand Ave, Dallas, TX 75223, 1501 4th Ave, Seattle, WA 98101",address
Property Address,"44 Main St, 1600 Pennsylvania Ave NW, 950 W 45th St",address
Full Street Address,"1231 Elm Street, Cincinnati, OH 45202, PO Box 589, 2001 N Clark St Apt 3",address
Mailing Address,"1060 W Addison St, 75 Rev Dr Martin Luther King Jr Blvd, 350 5th Ave",address
Intersecting Street Address,"451 Congress Ave, 233 S Wacker Dr, PO Box 501, Denver, CO 80201",address
Second Cross St,"1060 W Addison St, 555 California Street Suite 100, 1 Infinite Loop, Cupertino, CA 95014",address
Nearby Address,"200 Faneuil Hall Market, 701 Loyola Ave, 12B Baker Street, San Francisco, CA 94115",address
street_address,"101 Hollywood Blvd, 455 N Park Dr, Chicago, IL 60611, PO Box 589, Austin, TX 78767",address
full_address,"1200 Bellevue Ave E Apt 405, Seattle, WA 98102, 600 N Atlantic Blvd, Fort Lauderdale, FL 33304, 9810 N County Road 200 E, Muncie, IN 47303",address
location,"175 S Main St, Salt Lake City, UT 84111, 4400 N Scottsdale Rd, Scottsdale, AZ 85251, 1 Faneuil Hall Sq, Boston, MA 02109",address
AddressLine1,"123 E Elm St, 4500 N Federal Hwy, PO Box 789",address
StreetAddress,"77 Massachusetts Avenue, 2101 Epcot Resorts Blvd, 1 Infinite Loop, Cupertino, CA 95014",address
PrimaryAddress,"555 W 57th St Apt 4B, 1000 S Las Vegas Blvd, 350 5th Ave, New York, NY 10118",address
street_address,"455 W 2nd St, Austin, TX 78701, 1912 Pike Pl, Seattle, WA 98101, PO Box 9225, Denver, CO 80209",address
FullAddress,"201 E Randolph St, Chicago, IL 60601, 789 Oak Lane, Miami, FL 33131, 101 N Independence Mall E, Philadelphia, PA 19106",address
mailing_location,"1 Ferry Building, San Francisco, CA 94111, 4 S Market St, Boston, MA 02109, 3000 County Road 101, Bixby, OK 74008",address
LocationAddress,"400 Broad St, Seattle, WA 98109, 1 E 161st St, Bronx, NY 10451, 200 E Colfax Ave, Denver, CO 80203",address
StreetAddress,"111 S Michigan Ave, Chicago, IL 60603, PO Box 2500, Orlando, FL 32802, 350 5th Ave, New York, NY 10118",address
SiteLocation,"2901 E 9th St, Cleveland, OH 44115, 1 Normal Ave, Montclair, NJ 07043, 600 E Grand Ave, Chicago, IL 60611",address
Location_Of_Occurrence,"1060 W ADDISON ST, 6925 HOLLYWOOD BLVD, 400 BROAD ST",address
PropertyAddress,"1234 Mockingbird Ln, Austin, TX 78757, PO Box 589, Denver, CO 80201, 789 Ocean Drive, Miami Beach, FL 33139",address
event_site_full_address,"3150 Paradise Rd, Las Vegas, NV 89109, 1 Frew Street, Pittsburgh, PA 15213, 1400 Constitution Ave NW, Washington, DC 20560",address
StreetAddress,"1060 W Addison St, 400 Broad St Apt 5C, PO Box 501, Vail, CO 81658",address
full_address,"2905 W Speedway Blvd, Tucson, AZ 85745, 1 Faneuil Hall Sq, Boston, MA 02109, 1 S 1st St, Minneapolis, MN 55401",address
Mailing Address,"1201 Canal St, New Orleans, LA 70112, 99A Orchard Lane, Austin, TX 78704, 111 S Orange Ave, Orlando, FL 32801",address
Street Address,"445 N Clark St, 2101 E 4th St Apt 5, PO Box 589",address
Full Address,"1550 Market St, Denver, CO 80202, 789 Oak Avenue, 33 South 6th Street Fl 47",address
Property Location,"52 Church St, Burlington, VT 05401, 400 S 2nd St, 199 W Hillcrest Dr",address
Intersecting Street,"4400 Martin Luther King Jr Way, 1298 N. High Street, 221B Baker St",address
Street Address,"PO Box 1138, 750 9th St NW, 500 S Grand Ave",address
Location Address,"1 Lincoln Memorial Cir NW, 1600 Amphitheatre Parkway, 2901 S. Claiborne Avenue",address
street_address,"4401 West Pico Boulevard, 123 North Elm Street, PO Box 5800",address
location_address,"750 9th St NW Apt 4C, 9876 County Road 42, 1 Independence Mall",address
full_address,"111 S Michigan Ave, Chicago, IL 60603, 600 Montgomery St, San Francisco, CA 94111, 2905 W Las Colinas Blvd, Irving, TX 75063",address
street_address,"123 Elm Street, Springfield, IL 62704, 450 Serra Mall, Stanford, CA 94305, PO Box 9812",address
FullAddress,"700 E Grand Ave, Chicago, IL 60611, 20 W 34th St, New York, NY 10001, 1313 Mockingbird Lane",address
mailing_address,"800 N Alameda St, Los Angeles, CA 90012, 1 Faneuil Hall Sq, Boston, MA 02109, 350 5th Avenue Suite 5500",address
StreetAddress,"1 Hacker Way, Menlo Park, CA 94025, 411 W 7th St Apt 3A, Austin, TX 78701, PO Box 4567, Miami, FL 33101",address
Full_Address,"111 S Michigan Ave, Chicago, IL 60603, 400 Broad St, Seattle, WA 98109, 2001 Benjamin Franklin Pkwy, Philadelphia, PA 19130",address
Site_Address,"1550 Bluebird Canyon Dr, Laguna Beach, CA 92651, 1745 W Anderson Ave, Boulder, CO 80301, 1234 County Road 5, Bozeman, MT 59715",address
Facility_Address,"1 Industrial Dr, Cranbury, NJ 08512, 4500 Lockheed Martin Way, Fort Worth, TX 76108, 2000 E Airport Cir, Phoenix, AZ 85034",address
Location_Text,"121 N LaSalle St, Chicago, IL 60602, PO Box 589, Denver, CO 80201, 75 Rev James A Polite Ave, Bronx, NY 10459",address
Street_Address,"4059 Mt Lee Dr, Hollywood, CA 90068, 1 Main Street, Brooklyn, NY 11201, 999 S Washington St, Alexandria, VA 22314",address
Location Address,"4400 N Lamar Blvd, Austin, TX 78756, 101 S Main St Apt 4B, Seattle, WA 98104, 2500 E Camelback Rd",address
Site Address,"PO Box 589, Chicago, IL 60690, 620 W 116th St, New York, NY 10027, 1776 Independence Ave SW",address
Event Location,"1 Lincoln Financial Field Way, Philadelphia, PA 19148, 9876 Country Road 21, 1600 Amphitheatre Parkway, Mountain View, CA 94043",address
Location Address,"101 E Main Street, 4550 N Clarendon Ave Apt 304, PO Box 589",address
Property Address,"2100 E 6th St, Austin, TX 78702, 333 S Grand Ave, 1776 Independence Ave SW",address
Full Address,"1200 Park Avenue, Suite 5C, Emeryville, CA 94608, 90 5th Avenue, P.O. Box 2110, Denver, CO 80201",address
Street Address,"1060 W Addison St, 400 Broad St Apt 502, PO Box 6158, Austin, TX 78762",address
Mailing Address,"245 Main Street, Glastonbury, CT 06033, 1 Infinite Loop, Cupertino, CA 95014, 12 Ocean Drive, Miami Beach, FL 33139",address
Property Location,"1600 Pennsylvania Avenue NW, 1745 Wazee St, Denver, CO 80202, 350 1/2 N Clark St, Chicago, IL 60654",address
PropertyAddress,"450 Westlake Ave N, 1 S Broad St Suite 500, 2101 Epcot Resorts Blvd",address
site_location,"PO Box 589, 1999 Century Park East, 800 N Glebe Rd",address
Mailing Address,"333 Commerce St, Nashville, TN 37201, PO Box 1143, 15A Orchard Lane",address
street_address,"101 N Brand Blvd, 233 S Wacker Dr Apt 99, PO Box 54321",address
location_address,"1 Infinite Loop, 456 Oak Avenue, 1200 E California Blvd",address
full_address,"1 Biltmore Estate, 20 W Kinzie St, 1776 Independence Ave SW",address
BUILDING_ID,"1002580, 3045678, 4112345",bin
BLDG_NUM,"2098765, 5001002, 1077890",bin
NYC_BLDG_IDENTIFIER,"3345001, 4201239, 2100543",bin
building_id,"3012345, 1078901, 4556677",bin
BuildingIdentificationNumber,"5001234, 2109876, 3344556",bin
bldg_num,"1122334, 4987654, 2050607",bin
building_id,"3012345, 1005678, 4112233",bin
BuildingIdentificationNumber,"2098765, 5011223, 3345678",bin
nyc_building_id,"1078901, 4201020, 2100500",bin
building_id_number,"3045678, 1122334, 5001298",bin
BuildingIdentificationNumber,"2098765, 4455667, 1000001",bin
nyc_bin,"3344556, 5123456, 1078901",bin
BuildingID,"3321987, 1098765, 5012345",bin
building_id_num,"4455667, 2030405, 1000001",bin
BLDG_ID,"3065432, 4123456, 5112233",bin
building_id,"3104567, 1002345, 5019876",bin
building_identification_number,"4234567, 2098765, 3344556",bin
bldg_num,"1077890, 4455667, 5123456",bin
building_id_number,"1005432, 3018765, 4509821",bin
BUILDING_ID,"2100987, 5050505, 4001234",bin
BuildingIdentificationNumber,"3321987, 1098765, 2045678",bin
building_identification_number,"1079080, 3057102, 4134567",bin
building_id,"5108234, 2109876, 4001239",bin
BuildingNum,"3341109, 1015690, 5000123",bin
building_id,"1079041, 3019876, 4005678",bin
building_identification_number,"2109843, 5067123, 3341890",bin
building_bin,"1002345, 4450012, 2099134",bin
building_id,"3021559, 1005821, 4112398",bin
building_identification_number,"2004567, 5019876, 3345678",bin
BuildingNum,"1078910, 4500123, 2109876",bin
building_id,"3345123, 1098765, 5012345",bin
building_number,"4455667, 2030405, 1122334",bin
building_id_num,"3098210, 5152535, 1000001",bin
building_id,"3015689, 1004567, 4123456",bin
BuildingIdentificationNumber,"5011223, 2098765, 3344556",bin
building_identification_no,"1078901, 4455667, 5123123",bin
building_identification_number,"3012345, 1098765, 4500123",bin
building_id,"2109876, 3345678, 5011223",bin
bldg_id_num,"1005678, 4012987, 5123456",bin
building_id,"1077432, 3045881, 4112095",bin
BuildingIdentificationNumber,"2005678, 5023456, 1009876",bin
bldg_num,"3321987, 4455667, 2109854",bin
building_identification_number,"1075839, 3021987, 4450112",bin
bldg_id_num,"2005678, 5123456, 1098765",bin
nyc_building_id,"4112334, 3308721, 2109845",bin
building_id,"3045678, 1002345, 4123456",bin
building_identification_number,"5011223, 2098765, 3344556",bin
bldg_num,"1077890, 4400112, 3156789",bin
building_id,"1001234, 3056789, 5011223",bin
building_identification_number,"4123456, 2098765, 1077777",bin
BuildingNum,"3344556, 5151515, 4000100",bin
building_id,"3012345, 5098765, 1122334",bin
bldg_id,"4455667, 2080501, 3344119",bin
building_number,"1005678, 3141592, 5000123",bin
building_id_num,"3118765, 1098234, 4459012",bin
BuildingIdentificationNumber,"5021345, 2109876, 3340506",bin
bldg_id,"1079584, 4001234, 5115115",bin
building_id_num,"1079331, 3019892, 5210987",bin
building_identification_number,"4115482, 1001567, 2045511",bin
bldg_id,"3345001, 4098213, 5006789",bin
building_id,"1098765, 3045678, 5111222",bin
building_num,"2123456, 4000123, 1088990",bin
nyc_building_id,"3500600, 4765432, 2000001",bin
building_identification_number,"3012345, 1005678, 4123987",bin
BuildingID,"5022113, 2087654, 3345671",bin
nyc_building_id,"1077890, 4098765, 5001234",bin
building_identification_number,"1079111, 3321987, 5123456",bin
building_id,"2017654, 4088123, 1005432",bin
bldg_id_num,"3098765, 4455667, 2100988",bin
building_id,"3012345, 5098765, 1077889",bin
BuildingIdentificationNumber,"4112233, 2054321, 3345678",bin
BLDG_ID_NUM,"1005678, 4455667, 5123456",bin
BuildingIdentificationNumber,"1078521, 3045987, 5123456",bin
building_id,"4456789, 2109876, 1000123",bin
bldg_id_num,"3338899, 4112233, 5050505",bin
BUILDING_ID_NUMBER,"3021832, 1079281, 4112345",bin
BuildingIdentificationNum,"5019876, 2004567, 3345890",bin
bldg_id,"4456789, 1000015, 2109876",bin
building_identification_number,"1002345, 3058721, 4119876",bin
BuildingID,"2015432, 5009871, 1077654",bin
building_no,"4455667, 3344112, 2100998",bin
building_id,"1077321, 3045678, 5123456",bin
building_identification_number,"2011234, 4455678, 1002003",bin
building_num,"3312987, 4100555, 5000123",bin
BUILDING_ID,"1078456, 3123456, 4458901",bin
BLDG_IDENT_NUM,"2098765, 5012345, 1005678",bin
NYC_BIN,"3345678, 4087654, 2111222",bin
building_id_num,"3345678, 1002345, 5012987",bin
BuildingIdentificationNumber,"2098765, 4112233, 3050607",bin
BuildingID,"1077890, 4400112, 2100543",bin
building_id,"1012345, 3304567, 4123987",bin
BuildingIdentificationNumber,"5056789, 2109876, 3450012",bin
building_num,"1100223, 4455667, 2088991",bin
building_id,"1079125, 3351029, 4112345",bin
BuildingID,"5012888, 2098765, 3019876",bin
building_identification_num,"1005678, 4455667, 2110034",bin
building_id,"1002345, 3055678, 5123456",bin
BuildingIdentificationNumber,"4119876, 2098765, 1077890",bin
building_num,"3345678, 5001239, 4067891",bin
building_id_num,"3012345, 1005678, 4123456",bin
buildingIdNumber,"5050123, 2098765, 3334455",bin
bldg_num,"1077890, 4001002, 3141592",bin
building_id,"3011234, 5009876, 1077521",bin
BuildingIdentificationNumber,"4123456, 2054321, 3398765",bin
BLDG_ID,"1000015, 4455667, 2109870",bin
building_id_num,"1078654, 3021987, 5001234",bin
BUILDING_IDENTIFICATION_NUMBER,"2113456, 4005678, 1099887",bin
bldg_id,"3345101, 5100021, 1012345",bin
building_id,"3045678, 1002345, 5012987",bin
building_identification_number,"4112233, 2098765, 3344556",bin
bldg_num,"1078901, 4455667, 3000111",bin
building_identification_number,"3012345, 5009876, 2112233",bin
BuildingID,"1005432, 4234567, 3334455",bin
bldg_id_num,"5100021, 1078901, 4400112",bin
BuildingID,"1012345, 3309876, 5123456",bin
building_identification_number,"4455667, 2098765, 1000001",bin
BLDG_ID_NUM,"3040506, 4182930, 5001002",bin
building_id_number,"1078456, 3045123, 4112345",bin
BuildingID,"2019876, 5067890, 1002589",bin
building_num,"3345678, 4455667, 2100543",bin
borough_block_lot,"1-00758-0021, 3-4567-123, 5-890-45",bbl
nyc_parcel_id,"2-03321-1101, 4-15987-9, 1-99-0075",bbl
TaxLotID,"4-0987-050, 3-00123-33, 5-07654-0321",bbl
parcel_identifier,"4-00815-0055, 1-00023-0110, 5-05678-0001",bbl
boro_block_lot,"2-34567-0099, 3-00101-2001, 4-01234-0050",bbl
tax_lot_id,"1-00987-0075, 5-00022-0345, 2-04001-0150",bbl
BoroughBlockLot,"1-00789-0050, 2-03456-0123, 4-10200-0001",bbl
parcel_id,"5-00543-0987, 3-00001-0010, 1-02050-0075",bbl
tax_lot_identifier,"4-08765-0432, 2-05001-0200, 3-02345-0067",bbl
borough_block_lot,"4-123-45, 1-9876-1, 5-54321-999",bbl
parcel_identifier,"2-2345-67, 3-0088-1234, 1-0001-0010",bbl
tax_lot_id,"4-5678-90, 5-0111-2222, 2-9999-33",bbl
borough_block_lot,"1-00987-0050, 4-04321-0120, 2-03100-0075",bbl
nyc_parcel_id,"3-01234-1001, 5-00876-0023, 1-01500-0042",bbl
parcel_identifier,"4-15201-0001, 3-05678-0200, 5-01111-0010",bbl
borough_block_lot,"4-2345-18, 1-998-75, 3-5432-110",bbl
parcel_identifier,"2-3050-2001, 5-800-42, 4-12345-1",bbl
tax_lot_id,"1-1850-101, 3-0088-0300, 2-4100-55",bbl
bbl_id,"4-00815-0030, 1-1234-050, 5-789-42",bbl
parcelBBL,"2-03112-1001, 3-5566-8, 1-99-250",bbl
borough_block_lot,"5-04321-0075, 4-987-11, 2-05432-0120",bbl
BoroBlockLot,"1-00987-0021, 3-05432-0150, 4-16001-1123",bbl
parcel_id,"5-00123-0004, 2-02999-0075, 1-01850-0001",bbl
TAX_LOT,"3-01200-1024, 4-04321-0058, 5-07721-0200",bbl
BORO_BLOCK_LOT,"1-00875-0021, 4-05432-1010, 5-210-75",bbl
PARCEL_ID,"2-03112-0045, 3-01630-0001, 1-01250-1105",bbl
TAX_LOT_NUMBER,"4-11234-0999, 2-450-15, 5-00789-0250",bbl
borough_block_lot,"2-3456-78, 4-12345-1, 5-890-1234",bbl
parcel_identifier,"1-987-50, 3-54321-110, 4-500-2001",bbl
tax_lot_id,"5-1-1, 2-6543-987, 1-2222-333",bbl
parcel_identifier,"4-01234-0567, 2-3456-89, 5-789-1011",bbl
BoroughBlockLot,"1-0987-065, 3-12345-6789, 4-54321-21",bbl
bbl_id,"2-5001-100, 5-00150-2500, 1-200-1",bbl
parcel_id,"4-08123-105, 2-345-67, 5-5678-1234",bbl
BoroughBlockLot,"1-0987-221, 3-12345-9, 4-4455-88",bbl
tax_lot_identifier,"5-99-0010, 1-750-500, 2-45678-25",bbl
borough_block_lot,"1-00123-0045, 4-05678-0001, 5-00999-1234",bbl
parcel_id,"2-02345-0067, 3-87654-0890, 1-00001-0001",bbl
tax_lot_identifier,"4-00432-0021, 5-12345-0006, 2-00077-0888",bbl
bbl_id,"1-00250-0010, 4-12345-0005, 2-00987-0150",bbl
parcel_bbl,"5-05432-0123, 3-00088-0075, 1-02100-0001",bbl
borough_block_lot,"2-03001-0022, 4-00456-0099, 3-06789-1111",bbl
borough_block_lot,"1-00123-0045, 4-0815-101, 2-250-75",bbl
parcel_id,"5-07890-1120, 3-0102-8, 1-02048-0099",bbl
TaxLotID,"4-15050-2001, 2-0334-50, 5-888-888",bbl
borough_block_lot,"1-00755-0001, 4-8910-105, 5-321-45",bbl
ParcelID,"2-03102-0021, 3-1588-075, 1-01120-33",bbl
tax_lot_id,"4-15001-1100, 5-7800-1, 2-02888-0050",bbl
PARCEL_ID,"1-0987-025, 4-10250-75, 2-0451-1101",bbl
BORO_BLOCK_LOT,"5-3345-008, 3-08123-42, 1-0099-0001",bbl
NYC_BBL,"4-04567-1234, 2-02345-0500, 3-789-15",bbl
borough_block_lot,"4-01234-0050, 1-987-21, 5-00250-0101",bbl
parcel_identifier,"2-3456-75, 3-08810-0001, 1-1500-1120",bbl
nyc_bbl,"4-15221-99, 5-789-1, 2-02999-0350",bbl
BoroughBlockLot,"4-08123-050, 1-987-25, 5-12345-1111",bbl
parcel_id,"2-345-0001, 3-00789-9, 4-4321-100",bbl
TAX_LOT_ID,"1-00050-1501, 5-88-88, 3-25001-0075",bbl
borough_block_lot,"4-08123-075, 1-987-65, 5-0123-4567",bbl
parcel_identifier,"2-3456-7, 3-12345-1111, 4-99-010",bbl
tax_lot_id,"1-0050-1001, 5-25000-99, 3-442-333",bbl
parcel_bbl,"1-00150-0035, 4-08231-0110, 2-3105-75",bbl
borough_block_lot,"5-01234-0001, 3-889-42, 1-02001-1015",bbl
bbl,"4-15000-0200, 2-04567-0023, 3-00999-0010",bbl
BORO_BLOCK_LOT,"3-0891-0050, 1-01550-25, 5-789-1001",bbl
PARCEL_IDENTIFIER,"4-10225-048, 2-3456-1, 1-0098-7501",bbl
NYC_TAX_LOT,"5-05678-15, 3-00456-0110, 4-88-203",bbl
borough_block_lot,"4-02134-0050, 1-00987-1001, 3-05432-0021",bbl
parcel_identifier,"5-00123-0456, 2-03120-0088, 4-07890-0112",bbl
tax_lot_id,"1-01500-0075, 3-08241-0300, 5-04001-0009",bbl
borough_block_lot,"2-03456-0078, 4-00123-0001, 5-89012-0345",bbl
parcel_identifier,"1-00998-0025, 3-54321-0099, 2-00777-8888",bbl
nyc_tax_lot,"4-00654-0321, 1-00011-0222, 5-00001-0100",bbl
borough_block_lot,"4-08123-0150, 1-00995-0075, 5-12345-1001",bbl
TaxLotID,"2-03105-0020, 3-07890-0432, 4-15001-0009",bbl
Parcel Identifier,"1-01550-0210, 3-02468-0055, 2-04500-1122",bbl
BORO_BLOCK_LOT,"4-02188-0050, 2-03541-0112, 5-00891-0025",bbl
PARCEL_ID,"1-00985-0075, 3-05432-1001, 4-10234-0001",bbl
TAX_LOT_ID,"3-01234-0042, 1-01876-0200, 5-04321-0099",bbl
borough_block_lot,"1-990-75, 4-12345-1, 3-4500-150",bbl
parcel_identifier,"2-3020-50, 5-800-200, 1-210-1010",bbl
tax_lot_id,"3-875-42, 4-8910-1120, 2-2555-99",bbl
propertybbl,"4-08910-0050, 1-00205-1120, 5-54321-0001",bbl
lotidentifier,"2-03345-0075, 3-00123-0456, 1-00998-0100",bbl
taxlotid,"3-07890-0025, 4-15001-0300, 5-00250-0099",bbl
borough_block_lot,"3-456-78, 1-1234-5, 5-98765-1234",bbl
parcel_identifier,"2-3344-99, 4-10203-1, 1-888-200",bbl
TaxLotID,"5-500-50, 3-25001-750, 2-7890-123",bbl
PARCEL_ID,"1-998-10, 4-12345-150, 2-03456-0075",bbl
TAX_LOT_ID,"5-789-23, 3-4500-1, 1-00150-1120",bbl
PROPERTY_IDENTIFIER,"4-88-999, 2-5050-42, 3-10203-5",bbl
BORO_BLOCK_LOT,"1-00215-0030, 4-08120-0150, 2-03456-0001",bbl
parcel_identifier,"3-01234-1001, 5-00987-0042, 1-01121-0075",bbl
tax_lot_id,"4-14222-0010, 2-02999-0200, 3-05432-0021",bbl
BORO_BLOCK_LOT,"4-00156-0030, 1-01234-0105, 5-04321-0001",bbl
nyc_parcel_identifier,"2-00099-1001, 3-05500-0075, 1-00008-0008",bbl
tax_lot_id,"4-18234-0250, 2-03456-1120, 3-00808-0042",bbl
borough_block_lot,"4-08123-045, 1-2050-1101, 5-789-25",bbl
parcel_identifier,"2-03345-0001, 3-5566-789, 4-15820-15",bbl
tax_lot_id,"1-00999-7501, 3-00123-0100, 2-4001-50",bbl
borough_block_lot,"1-00987-0050, 4-08123-0110, 5-00755-0042",bbl
parcel_id,"2-02500-0001, 3-01234-0075, 1-00456-0009",bbl
tax_lot_id,"4-15050-1021, 5-06100-0015, 3-00890-0200",bbl
bbl_id,"1-00123-0045, 4-05678-0009, 2-00987-1234",bbl
property_bbl,"5-00001-0001, 3-43210-0050, 1-00200-0075",bbl
borough_block_lot,"2-03000-0150, 4-12345-0001, 5-888-999",bbl
BORO_BLOCK_LOT,"1-00990-0075, 4-15231-0001, 2-02500-0102",bbl
parcel_identifier,"5-00789-0040, 3-04567-1234, 1-00210-0005",bbl
TaxLotID,"4-00088-0099, 2-03456-0210, 5-05555-0007",bbl
BORO_BLOCK_LOT,"1-00815-0021, 4-05123-0150, 2-3105-8",bbl
ParcelIdentifier,"5-00120-1001, 3-02550-0075, 1-00018-0002",bbl
nyc_bbl_id,"4-12345-0042, 2-04050-0234, 3-00088-0099",bbl
BORO_BLOCK_LOT,"1-995-7501, 3-450-25, 4-12345-100",bbl
PARCEL_ID,"2-2780-150, 5-789-1, 1-0015-1200",bbl
TAX_LOT_ID,"3-88-42, 4-3111-55, 2-5678-999",bbl
BORO_BLOCK_LOT,"4-08753-0021, 2-2945-58, 1-1987-1101",bbl
TaxLotID,"5-00789-0345, 3-44321-1, 4-123-75",bbl
ParcelNumber,"1-00088-0009, 2-5601-150, 3-876-2033",bbl
borough_block_lot,"1-990-25, 4-08123-0050, 3-456-1110",bbl
bbl_id,"2-3450-75, 5-7890-1, 1-00150-0101",bbl
parcel_identifier,"3-12345-200, 4-150-345, 2-5600-99",bbl
Easting,"-9812345.67, -8345678, -11054321.9",x_coord
Projected X,"-12543210, -7543210.12, -9988776.5",x_coord
X-Coord (Projected),"-8765432.1, -10101010, -9450000.0",x_coord
Easting,"-9785432.1, 1254321, -8345678",x_coord
Projected X,"11502345, -10293847.5, 2345678",x_coord
X Value,"-7890123, -13456789.01, 3456789",x_coord
X Proj Coord,"1254321, -8543210, 1150250.5",x_coord
Easting,"-9876543.21, 1500000, -10200300",x_coord
Projected X,"987654, 10543210.8, -11345678",x_coord
easting,"1254321, 1189500.5, 1305678",x_coord
x_coordinate,"-9854321, -10345678, -8765432.1",x_coord
projected_x,"6543210, -11223344, 7890123",x_coord
Projected X Coordinate,"-9745321.12, -8239876.5, -13587901",x_coord
Easting Value,"-10912345.8, -9354876, 2456789.5",x_coord
X Projection,"-13158329.45, -8574392, -7901234.09",x_coord
Easting,"-9785432.1, -10543890, -8432109",x_coord
Projected X,"1154321, 1234567.8, 2050100",x_coord
X Value,"-11223344, 1300500.5, -9500432.12",x_coord
Easting,"-9745321, 1254321, -10512456.5",x_coord
Coord X,"11500000, -8256789.1, 2100500",x_coord
Horizontal Coordinate,"-11234567, 1850250.75, -9998765",x_coord
x_coordinate,"-9854321, -8765432.1, -11223344",x_coord
easting,"1250000, 2345678, 1890123.5",x_coord
projected_x,"-10500100, -9998877, -12345678",x_coord
x_utm,"-9812345.67, -8765432, -11223344.5",x_coord
Easting,"-9505123.4, -10345678, -7890123.0",x_coord
projected_x,"-8543210, -12345678.9, -9998877",x_coord
Projected X,"-8245132.5, 1254321, -10987654",x_coord
Easting,"11502345, -9765432.1, 2345678",x_coord
X Value,"-11223344, 1890123.45, -7890123",x_coord
Easting,"-9778450, -11543210.5, -8245900",x_coord
Projected X,"1254321, 1890500.25, 2105678",x_coord
Horizontal Coordinate,"14500123, -13200500, 4567890",x_coord
easting,"1254321, 2345678, 1890123",x_coord
x_projected,"-9876543, -8765432.1, -11223344",x_coord
x_coordinate,"3456789, -10500000, 6789012",x_coord
x_coord_proj,"-9834567.12, -12134567.89, -8245678",x_coord
easting,"1254321, -9543210.5, 11500250",x_coord
ProjectedX,"-8765432.1, -10987654, 2154367.88",x_coord
Projected X,"1254321, 2345678, 11509876",x_coord
Easting,"-9876543.21, 10234567, 6543210",x_coord
X Coord,"13456789, 9871234, -8245136",x_coord
Easting,"1254321, 6543210, -9876543.21",x_coord
Projected X,"-8542109, 2109876, -11223344.5",x_coord
X Value,"10500250, -7890123, 1890543",x_coord
easting,"1250345, 2100500.5, 3543210",x_coord
x_coordinate,"-9854321, -11234567.8, -8765432",x_coord
projected_x,"6543210, -10500123.45, 1890000",x_coord
Easting,"-9774591.3, -8345102, -11258999",x_coord
Projected X,"-7458321.6, -10876543, -9123456.78",x_coord
X Coordinate Projected,"-8654321, -13005432.1, -7998213.45",x_coord
Easting,"-8765432, -9912345.6, -10543210",x_coord
X_Coord_Proj,"1234567, 1198765.43, 2109876",x_coord
horizontal_coordinate,"-9753124, -11223344, -8899001.2",x_coord
Easting,"-8593401, -9942188, -11034567",x_coord
Projected X,"1250345, 1301567.5, 1198765",x_coord
X Value,"-13456789, -10500250, -9876543",x_coord
x_coordinate,"-11543210, -9876543.21, -7654321",x_coord
easting,"1250000, 1175500.5, 1301234",x_coord
projected_x,"-10500000, -8900000, -12345678",x_coord
x_projected,"-9745123.5, -11012345, -8567342.11",x_coord
easting,"-9987654.32, -12345678, -7890123.4",x_coord
coordinate_x,"-10500000.5, -8888888, -13579123.6",x_coord
Easting,"-8245123, -11543890, -7998234",x_coord
Projected X,"-10234567.89, -9876543.21, -8675309.0",x_coord
X,"10543210, 9871234, 12345678",x_coord
Easting,"-9876543, -11234567.8, -8500100",x_coord
X_Projected,"12500000, 7890123.45, 5550000",x_coord
X_Coord_Meters,"-10543210, 2345678, -9998877.5",x_coord
x_coordinate,"-8543210, 1250500.5, 11050000",x_coord
easting,"-9876543, 2100000, 6543210",x_coord
projected_x,"-11234567.89, 1550000, -10500300",x_coord
x_projected,"-9845321, -8543210.5, -11234567",x_coord
easting,"-9754231, 1234567, -10567890.12",x_coord
XCoord,"-8345678, -9998765, -12456789.0",x_coord
Easting,"-10935678.45, 1234567, -9876543",x_coord
X Projected Coord,"-8543210.9, 2109876, -11223344",x_coord
X State Plane,"3456789, -9988776, 1598765.2",x_coord
Easting,"1150250, 1345678, 985432",x_coord
Projected X,"-9876543.21, -8543210, -10123456.7",x_coord
Horizontal Coordinate,"2500123, -12345678, 11987654",x_coord
easting,"2154321, 3050100, 2876543",x_coord
x_coordinate,"-8234567, -11500250, -9988776",x_coord
proj_x,"-10543210.5, 4500123.75, -8765432.1",x_coord
Easting,"-9834567.1, -8765432, -11012345.67",x_coord
Projected X,"-10500000.5, -7543210, -12345678.9",x_coord
X,"-9988776.54, 10293847, -8123456",x_coord
Easting,"1254321, 1134567.8, 1050200",x_coord
Horizontal Coordinate,"-9876543.21, -8765432, -10123456",x_coord
Projected X,"2150493, -7543210.5, 6543210",x_coord
Easting,"-9876543, -8543210.5, 1250000",x_coord
Projected X,"10543210, -11223344, -9998887.7",x_coord
Horizontal Coordinate,"1050250, -13579246, 2345678",x_coord
x_coordinate,"-9854321, -10234567, -8765432",x_coord
easting,"1254321, 1198765, 1345678",x_coord
longitude_proj,"-9988776.5, -11223344.25, -9500100.0",x_coord
X Projection,"-9812345.67, -11250000, -7543210.1",x_coord
Easting Coordinate,"-10543892, -8999123.45, -12121212",x_coord
Projected X,"-9500150.8, -8350400, -13456789.9",x_coord
Easting,"-8345132.5, -9887654, -11405421.1",x_coord
X Projected,"-10643210, -7990123.45, -9112345",x_coord
Horizontal Coordinate,"-12445678, -8977665, -7655443.2",x_coord
Easting,"-8543210, -9987654.3, -11234567",x_coord
Projected X,"1250000, 1575432.1, 2100500",x_coord
X Coord Projected,"-10500321, 6543210, -9753100.55",x_coord
x_coordinate,"-8234567, -11250345.5, -9876543",x_coord
easting,"1254321, 2345678.9, 1890123",x_coord
horizontal_coord,"-10500800, -9754321.1, -12300450",x_coord
Easting,"-9745321.12, -8241567, -11105432.5",x_coord
X Projection,"-10567890.3, 9456789, -9876543.21",x_coord
Horizontal Coordinate,"-7890123, -12345678.9, -8887766.55",x_coord
X Proj Coord,"1154321, -8543210.5, 12345678",x_coord
Projected X,"-9876543, 11502345.1, 1345678",x_coord
Easting,"-10123456, 1498765.25, 2500000",x_coord
Easting,"1005678, 987345, 1123456",x_coord
X Value,"-8543210, -9765432, -10123456",x_coord
Horizontal Coordinate,"1054321.5, 999888.75, 1200000.0",x_coord
x_coordinate,"1254321, 985500, 1150250",x_coord
easting,"-8543210, -9987654, -11234567.8",x_coord
projected_x,"2105432.5, -7890123, 4567890",x_coord
northing,"2876543.1, 4501234, 6123456.78",y_coord
YCoordinate,"3141592, 5298710.5, 6854321",y_coord
y_projected,"2250000.25, 4998877, 6543210.9",y_coord
Y Proj Coord,"4567890, 6123456.7, 2890123",y_coord
Northing,"3123456.78, 5555555, 6876543",y_coord
Projected Y,"2345678, 4987654.32, 7000000",y_coord
Northing,"4789251.5, 5123456, 3987654",y_coord
Projected Y,"2154321, 6876543.21, 4500000",y_coord
Y Projection,"3344556, 5987123, 2876543.9",y_coord
y_coordinate,"3548210.5, 5123456, 6890123.12",y_coord
northing,"2987654, 4789012, 6210987",y_coord
projected_y_val,"3112233.9, 4999888, 2100500",y_coord
Projected Y,"3884512.5, 5432109, 6201745.22",y_coord
Y Mercator,"4553145.75, 2987654, 5987123.1",y_coord
Northing,"4756321, 3512345.9, 6890123",y_coord
y_projection,"4823456, 5109872.5, 3500123",y_coord
Northing,"2987654, 6543210, 4555666.1",y_coord
Projected Y,"3141592, 5999888, 6871234.99",y_coord
Northing,"4532189, 3123456, 5890123",y_coord
Y_Projected,"2876543, 6123456.78, 4998765",y_coord
Y_Coord_Meters,"3500100.0, 5250000, 6754321.5",y_coord
y_coordinate,"4512345.67, 2100500, 6890123",y_coord
northing,"3345678, 5500100.9, 2987654",y_coord
projected_y,"6250000, 4789123.1, 3850200.5",y_coord
projected_y,"4213654.88, 5109234, 2987123.5",y_coord
Northing,"6543210.9, 3456789, 4890123.45",y_coord
vertical_coord,"2154321, 5550011.2, 3876543.12",y_coord
Northing,"4826374, 6123456.7, 2109876",y_coord
Y Projected,"3546890, 5234198.55, 6876543",y_coord
Vertical Grid Coordinate,"2987123, 4500123, 5890432.12",y_coord
Northing,"4829103, 2910345.5, 6123456",y_coord
Projected Y,"3104589, 5345678, 6987123.45",y_coord
Vertical Coordinate,"2450111, 4440592, 5789012.9",y_coord
y_coordinate,"3456789, 5123456, 6987123",y_coord
northing,"2890123.45, 4500678.9, 6123456.78",y_coord
y_proj,"2150000, 4750000, 6300000",y_coord
y_coord_projected,"3543210, 4123456.78, 6876543",y_coord
y_utm,"5201987.5, 2987654, 4455667.1",y_coord
Northing,"2154321, 5987123.45, 4890123",y_coord
Northing,"4567890.1, 5123456, 3987654.32",y_coord
y_projected,"2876543, 6543210.9, 4455667",y_coord
Y_Coord_Meters,"5234567.8, 3100200, 6876543.21",y_coord
Y,"4532189, 6123456.7, 2987654",y_coord
Northing,"3500123.5, 5554321, 4210987",y_coord
Vertical Coordinate,"2112345, 6876543.21, 3999888",y_coord
y_coordinate,"4567890, 3123456.7, 5500100",y_coord
northing,"2987654, 6123450.55, 4890123",y_coord
projected_y,"3500000, 6876543.21, 2250000",y_coord
y_projected,"2543189, 4812345.67, 6987123",y_coord
Northing,"3109876, 5554321.9, 4500100",y_coord
Y_COORD_METERS,"2050123.45, 6876543, 3999888.7",y_coord
Y Proj Coord,"3456789, 5123456.78, 2987654",y_coord
Northing,"4500123.5, 6876543, 2112233",y_coord
Y Projected,"5554321, 3999888.1, 4765432",y_coord
northing,"4532189, 5123456, 3890123",y_coord
y_projected,"2987654, 6123456.78, 4200000",y_coord
ProjectedY,"3350100, 4876543.2, 5551212",y_coord
northing,"4532189, 6123456.78, 2987654",y_coord
y_coordinate,"3500123.5, 5554321, 6890123",y_coord
projected_y,"2109876, 4999888.1, 3344556",y_coord
Y Proj Coord,"4865943.2, 5321890, 6123456.78",y_coord
Northing,"3123456, 4567890.12, 6987654",y_coord
Projected Y,"2587413, 5032145.5, 4765891.99",y_coord
northing,"3542189, 5123456, 4890123.5",y_coord
y_projected,"2876543, 6109876, 4200500",y_coord
YCoord_StatePlane,"2150680.2, 5554321, 6987123",y_coord
Y Proj Coord,"4500123.5, 5123456, 3890100.25",y_coord
Projected Y,"6250000, 2876543.1, 4999888",y_coord
Northing,"3555678, 5800100.9, 4210987",y_coord
y_coordinate,"4501234, 5123456.78, 3876543",y_coord
northing,"2987654, 6012345.5, 4200000",y_coord
y_proj,"3105201, 5890123.1, 6543210",y_coord
projected_y_coordinate,"3543210.5, 5123456, 6890123.45",y_coord
Northing,"4250000, 2987654.3, 6100500",y_coord
y_mercator,"4876543.21, 3334445, 5551212.9",y_coord
Projected Y,"4567890, 2109876.5, 6543210",y_coord
Northing,"3876543.21, 5551234, 2987654",y_coord
Vertical Coordinate,"6123456, 4789012.3, 2005678",y_coord
Northing,"4532109, 5123456.7, 6890123",y_coord
Y Projected Coordinate,"2100500, 3500800.25, 4876543",y_coord
Projection Y Value,"2987654, 4321987, 6123456.5",y_coord
y_coordinate,"4567890.12, 3123456, 5500100.5",y_coord
northing,"2876543, 6123456.78, 4999888",y_coord
y_proj,"3501234, 6876543.2, 2100500",y_coord
y_coord_proj,"4823456.12, 2198765, 6543210.9",y_coord
northing,"3500123.45, 5123456, 4789012.3",y_coord
projected_y,"2876543, 6123456.78, 3999888",y_coord
Projected Y,"4512345, 3890123.45, 6200500",y_coord
Northing,"2987654, 5150210.8, 4321098",y_coord
YCoord,"5543210, 2468013, 6876543.21",y_coord
Northing,"4532189, 6123456.7, 2987654",y_coord
Projected Y,"3150000.5, 5543210, 6890123",y_coord
Y Projection Value,"4200100, 2345678.9, 5999888",y_coord
y_coordinate,"4512345, 2890500.5, 6123456",y_coord
northing,"3456789.1, 5500100, 2100200.75",y_coord
projected_y,"4987654, 6876543.21, 3333333",y_coord
Northing,"4812345.67, 2543189, 6890123",y_coord
Y Projected Coord,"3129876.5, 5554321, 2050607.11",y_coord
Vertical Coordinate,"6999888.9, 4200000, 3765432.1",y_coord
Y Proj Coord,"3145678, 5234123.5, 6879012",y_coord
Northing,"2500100.25, 4890123, 5551212",y_coord
Projected Y,"2112345, 6345987.9, 4050607",y_coord
Northing,"3542890, 4812345.67, 6105000",y_coord
Projected Y,"2987115.5, 5550210, 4200123.45",y_coord
Y Proj Coord,"2150600, 6890123, 3999888.9",y_coord
y_coordinate,"4567890, 3123456.78, 6200150",y_coord
northing,"2890500.5, 5550000, 4987654",y_coord
proj_y,"3344556, 6876543.2, 2109876",y_coord
Northing,"3854123.5, 5123456, 2987654.22",y_coord
Projected Y,"4500123.9, 6876543, 2109876.5",y_coord
Y Grid Value,"3344556, 5566778.8, 4999000.1",y_coord
Projected Y,"3456789.1, 5123456, 6890123.45",y_coord
Northing,"2500100, 4789654.3, 6123987",y_coord
Y Value,"2109876, 5554433.9, 4050607",y_coord
Northing,"4512345.6, 3109876, 6890123",y_coord
Projected Y,"2789123.45, 5432109, 4123456",y_coord
Y Projection,"2050100, 5987654.3, 3999888",y_coord
y_coordinate,"4532189, 6123456.7, 3987123",y_coord
northing,"5129870, 2876543, 6754321.1",y_coord
y_proj,"3344556, 4999888, 2050100.55",y_coord
shape,"POLYGON((-90.0 40.0, -90.1 40.0, -90.1 40.1, -90.0 40.1, -90.0 40.0)), POLYGON((-122.4 37.7, -122.5 37.75, -122.45 37.8, -122.35 37.75, -122.4 37.7)), POLYGON((-81.5 28.5, -81.6 28.5, -81.6 28.6, -81.5 28.6, -81.5 28.5))",polygon
boundary,"POLYGON((-97.74 30.26, -97.75 30.26, -97.75 30.27, -97.74 30.27, -97.74 30.26)), POLYGON((-73.9 40.7, -73.9 40.8, -74.0 40.8, -74.0 40.7, -73.9 40.7)), POLYGON((-122.33 47.60, -122.34 47.61, -122.33 47.62, -122.32 47.61, -122.33 47.60))",polygon
footprint,"POLYGON((-87.62 41.88, -87.63 41.88, -87.63 41.89, -87.62 41.89, -87.62 41.88)), POLYGON((-104.99 39.74, -105.00 39.74, -105.00 39.75, -104.99 39.75, -104.99 39.74)), POLYGON((-71.0589 42.3601, -71.0599 42.3601, -71.0599 42.3611, -71.0589 42.3611, -71.0589 42.3601))",polygon
area_geom,"POLYGON((-105.1 39.2, -105.2 39.2, -105.2 39.3, -105.1 39.3, -105.1 39.2)), POLYGON((-81.5 28.5, -81.6 28.4, -81.7 28.5, -81.6 28.6, -81.5 28.5)), POLYGON((-120.2 37.5, -120.3 37.4, -120.4 37.6, -120.25 37.7, -120.2 37.5))",polygon
boundary_wkt,"POLYGON((-98.4 30.2, -98.5 30.1, -98.6 30.2, -98.5 30.3, -98.4 30.2)), POLYGON((-122.3 47.6, -122.3 47.7, -122.4 47.7, -122.4 47.6, -122.3 47.6)), POLYGON((-69.0 45.0, -69.1 45.1, -69.2 45.0, -69.1 44.9, -69.0 45.0))",polygon
shape_polygon,"POLYGON((-112.0 33.4, -112.1 33.4, -112.1 33.5, -112.0 33.5, -112.0 33.4)), POLYGON((-76.88 40.27, -76.89 40.26, -76.88 40.25, -76.87 40.26, -76.88 40.27)), POLYGON((-110.5 46.5, -111.0 46.3, -111.2 46.8, -110.8 47.0, -110.4 46.9, -110.5 46.5))",polygon
boundary,"POLYGON((-98.5 38.5, -98.0 38.5, -98.0 38.0, -98.5 38.0, -98.5 38.5)), POLYGON((-122.1 37.5, -122.0 37.6, -121.9 37.5, -121.9 37.4, -122.0 37.3, -122.1 37.5)), POLYGON((-81.5 28.0, -81.0 28.0, -81.0 27.5, -81.5 27.5, -81.5 28.0))",polygon
shape,"POLYGON((-69.0 45.0, -68.5 45.5, -69.5 45.5, -69.0 45.0)), POLYGON((-105.0 39.8, -104.9 39.9, -104.8 39.8, -104.8 39.7, -104.9 39.6, -105.0 39.7, -105.0 39.8)), POLYGON((-122.5 47.6, -122.4 47.6, -122.4 47.5, -122.5 47.5, -122.5 47.6))",polygon
wkt_geometry,"POLYGON((-87.63 41.88, -87.62 41.88, -87.62 41.87, -87.63 41.87, -87.63 41.88)), POLYGON((-97.75 30.27, -97.74 30.28, -97.73 30.27, -97.74 30.26, -97.75 30.27)), POLYGON((-112.10 33.45, -112.08 33.46, -112.06 33.45, -112.08 33.44, -112.10 33.45))",polygon
boundary,"POLYGON((-97.74 30.26, -97.73 30.26, -97.73 30.27, -97.74 30.27, -97.74 30.26)), POLYGON((-118.25 34.05, -118.24 34.05, -118.24 34.06, -118.25 34.06, -118.25 34.05)), POLYGON((-87.63 41.88, -87.62 41.88, -87.62 41.89, -87.63 41.89, -87.63 41.88))",polygon
area,"POLYGON((-71.06 42.36, -71.05 42.36, -71.055 42.37, -71.06 42.36)), POLYGON((-122.42 37.77, -122.40 37.77, -122.41 37.78, -122.42 37.77)), POLYGON((-104.99 39.74, -104.98 39.74, -104.98 39.75, -104.99 39.75, -104.99 39.74))",polygon
shape_wkt,"POLYGON((-84.39 33.75, -84.38 33.75, -84.38 33.76, -84.39 33.76, -84.39 33.75)), POLYGON((-122.33 47.61, -122.32 47.61, -122.32 47.62, -122.33 47.615, -122.33 47.61)), POLYGON((-81.65 28.54, -81.64 28.53, -81.63 28.54, -81.65 28.54))",polygon
shape,"POLYGON((-105.05 39.74, -105.04 39.74, -105.04 39.75, -105.05 39.75, -105.05 39.74)), POLYGON((-81.5 28.5, -81.6 28.6, -81.7 28.5, -81.6 28.4, -81.5 28.5)), POLYGON((-122.3 47.6, -122.4 47.5, -122.2 47.5, -122.3 47.6))",polygon
wkt_polygon,"POLYGON((-97.74 30.26, -97.75 30.26, -97.75 30.27, -97.74 30.27, -97.74 30.26)), POLYGON((-118.25 34.05, -118.24 34.06, -118.23 34.05, -118.25 34.05)), POLYGON((-71.05 42.36, -71.06 42.37, -71.07 42.36, -71.06 42.35, -71.05 42.36))",polygon
boundary,"POLYGON((-87.63 41.88, -87.62 41.88, -87.62 41.89, -87.63 41.89, -87.63 41.88)), POLYGON((-112.07 33.45, -112.06 33.45, -112.06 33.46, -112.07 33.46, -112.07 33.45)), POLYGON((-84.39 33.75, -84.38 33.76, -84.37 33.75, -84.39 33.75))",polygon
shape,"POLYGON((-87.62 41.87, -87.62 41.89, -87.60 41.89, -87.60 41.87, -87.62 41.87)), POLYGON((-118.25 34.05, -118.23 34.05, -118.24 34.07, -118.25 34.05)), POLYGON((-80.20 25.77, -80.19 25.77, -80.19 25.78, -80.20 25.79, -80.20 25.77))",polygon
wkt_polygon,"POLYGON((-97.74 30.26, -97.73 30.26, -97.73 30.27, -97.74 30.27, -97.74 30.26)), POLYGON((-122.33 47.60, -122.31 47.60, -122.31 47.62, -122.33 47.62, -122.33 47.60)), POLYGON((-71.06 42.36, -71.05 42.36, -71.055 42.365, -71.06 42.36))",polygon
boundary_geom,"POLYGON((-104.99 39.74, -104.98 39.74, -104.98 39.75, -104.99 39.75, -104.99 39.74)), POLYGON((-112.07 33.45, -112.06 33.45, -112.06 33.46, -112.07 33.46, -112.07 33.45)), POLYGON((-95.36 29.76, -95.35 29.76, -95.35 29.77, -95.355 29.775, -95.36 29.77, -95.36 29.76))",polygon
boundary,"POLYGON((-97.7 30.2, -97.6 30.2, -97.6 30.3, -97.7 30.3, -97.7 30.2)), POLYGON((-121.5 38.5, -121.4 38.5, -121.4 38.6, -121.5 38.6, -121.5 38.5)), POLYGON((-81.5 28.5, -81.4 28.55, -81.3 28.5, -81.4 28.45, -81.5 28.5))",polygon
shape_wkt,"POLYGON((-104.9 39.7, -104.8 39.7, -104.85 39.8, -104.9 39.7)), POLYGON((-122.3 47.6, -122.2 47.6, -122.2 47.5, -122.25 47.5, -122.25 47.55, -122.3 47.55, -122.3 47.6)), POLYGON((-87.6 41.8, -87.5 41.8, -87.45 41.85, -87.55 41.9, -87.65 41.85, -87.6 41.8))",polygon
parcel_polygon,"POLYGON((-112.0 33.4, -111.99 33.4, -111.99 33.41, -112.0 33.41, -112.0 33.4)), POLYGON((-80.8 35.2, -80.78 35.21, -80.79 35.22, -80.81 35.21, -80.8 35.2)), POLYGON((-122.6 45.5, -122.59 45.5, -122.59 45.51, -122.6 45.51, -122.6 45.5))",polygon
shape_wkt,"POLYGON((-118.4 34.0, -118.3 34.0, -118.3 33.9, -118.4 33.9, -118.4 34.0)), POLYGON((-95.5 29.8, -95.4 29.8, -95.4 29.7, -95.5 29.7, -95.5 29.8)), POLYGON((-87.65 41.89, -87.64 41.89, -87.64 41.88, -87.63 41.87, -87.65 41.89))",polygon
boundary,"POLYGON((-105.0 40.5, -104.9 40.6, -104.8 40.5, -104.9 40.4, -105.0 40.5)), POLYGON((-84.40 33.76, -84.38 33.77, -84.37 33.75, -84.39 33.74, -84.40 33.76)), POLYGON((-71.10 42.36, -71.08 42.36, -71.08 42.35, -71.10 42.35, -71.10 42.36))",polygon
footprint,"POLYGON((-122.33 47.61, -122.32 47.61, -122.32 47.60, -122.33 47.60, -122.33 47.61)), POLYGON((-80.20 25.78, -80.19 25.78, -80.19 25.77, -80.20 25.77, -80.20 25.78)), POLYGON((-111.9 33.4, -111.8 33.5, -111.7 33.4, -111.9 33.4))",polygon
shape,"POLYGON((-87.62 41.87, -87.61 41.87, -87.61 41.86, -87.62 41.86, -87.62 41.87)), POLYGON((-97.75 30.26, -97.74 30.27, -97.73 30.26, -97.74 30.25, -97.75 30.26)), POLYGON((-122.42 37.77, -122.41 37.77, -122.415 37.76, -122.42 37.77))",polygon
boundary,"POLYGON((-80.20 25.77, -80.19 25.78, -80.18 25.77, -80.19 25.76, -80.20 25.77)), POLYGON((-104.99 39.74, -104.98 39.74, -104.98 39.73, -104.99 39.73, -104.99 39.74)), POLYGON((-122.33 47.61, -122.32 47.61, -122.32 47.60, -122.325 47.59, -122.33 47.60, -122.33 47.61))",polygon
wkt_polygon,"POLYGON((-112.07 33.45, -112.06 33.45, -112.06 33.44, -112.07 33.44, -112.07 33.45)), POLYGON((-71.06 42.36, -71.05 42.36, -71.05 42.35, -71.06 42.35, -71.06 42.36)), POLYGON((-78.64 35.78, -78.63 35.79, -78.62 35.78, -78.63 35.77, -78.64 35.78))",polygon
area_boundary,"POLYGON((-87.62 41.88, -87.62 41.89, -87.61 41.89, -87.61 41.88, -87.62 41.88)), POLYGON((-104.99 39.74, -104.99 39.75, -104.98 39.75, -104.985 39.745, -104.98 39.74, -104.99 39.74)), POLYGON((-80.20 25.77, -80.20 25.78, -80.19 25.78, -80.19 25.77, -80.20 25.77))",polygon
parcel_shape,"POLYGON((-118.25 34.05, -118.25 34.055, -118.245 34.055, -118.245 34.05, -118.25 34.05)), POLYGON((-95.36 29.76, -95.36 29.77, -95.35 29.765, -95.35 29.76, -95.36 29.76)), POLYGON((-122.33 47.60, -122.33 47.61, -122.32 47.61, -122.32 47.60, -122.33 47.60))",polygon
zone_geometry,"POLYGON((-112.07 33.44, -112.07 33.45, -112.06 33.45, -112.06 33.44, -112.07 33.44)), POLYGON((-75.16 39.95, -75.16 39.96, -75.15 39.96, -75.155 39.955, -75.15 39.95, -75.16 39.95)), POLYGON((-84.39 33.75, -84.39 33.76, -84.38 33.76, -84.38 33.75, -84.39 33.75))",polygon
geom_polygon,"POLYGON((-97.7 30.2, -97.6 30.2, -97.6 30.3, -97.7 30.3, -97.7 30.2)), POLYGON((-122.3 47.6, -122.28 47.61, -122.29 47.62, -122.3 47.6)), POLYGON((-87.63 41.88, -87.62 41.88, -87.62 41.89, -87.63 41.89, -87.63 41.88))",polygon
wkt_polygon,"POLYGON((-81.5 28.4, -81.4 28.45, -81.5 28.5, -81.6 28.45, -81.5 28.4)), POLYGON((-104.99 39.74, -104.989 39.74, -104.989 39.741, -104.99 39.741, -104.99 39.74)), POLYGON((-98.5 38.5, -98.4 38.5, -98.4 38.6, -98.5 38.6, -98.5 38.5))",polygon
boundary,"POLYGON((-121.5 38.5, -121.2 38.6, -121.3 38.8, -121.6 38.7, -121.5 38.5)), POLYGON((-112.0 33.5, -111.9 33.5, -111.9 33.55, -112.0 33.55, -112.0 33.5)), POLYGON((-68.5 44.2, -68.49 44.21, -68.5 44.22, -68.51 44.21, -68.5 44.2))",polygon
geom,"POLYGON((-87.63 41.88, -87.62 41.88, -87.62 41.87, -87.63 41.87, -87.63 41.88)), POLYGON((-95.37 29.76, -95.36 29.77, -95.35 29.76, -95.36 29.75, -95.37 29.76)), POLYGON((-118.25 34.05, -118.24 34.06, -118.23 34.06, -118.23 34.04, -118.24 34.04, -118.25 34.05))",polygon
boundary_shape,"POLYGON((-122.33 47.61, -122.32 47.62, -122.31 47.61, -122.32 47.60, -122.33 47.61)), POLYGON((-71.06 42.36, -71.05 42.37, -71.04 42.36, -71.05 42.35, -71.06 42.36)), POLYGON((-104.99 39.74, -104.98 39.75, -104.97 39.74, -104.98 39.73, -104.99 39.74))",polygon
wkt_polygon,"POLYGON((-84.39 33.75, -84.38 33.76, -84.37 33.75, -84.38 33.74, -84.39 33.75)), POLYGON((-112.07 33.45, -112.06 33.46, -112.05 33.45, -112.06 33.44, -112.07 33.45)), POLYGON((-77.04 38.90, -77.03 38.91, -77.02 38.91, -77.02 38.89, -77.03 38.89, -77.04 38.90))",polygon
wkt_polygon,"POLYGON((-90.1 40.5, -89.1 40.5, -89.1 41.5, -90.1 41.5, -90.1 40.5)), POLYGON((-122.4 37.7, -122.3 37.8, -122.2 37.7, -122.1 37.6, -122.2 37.5, -122.4 37.7)), POLYGON((-84.5 33.8, -84.0 33.8, -84.0 34.2, -84.5 34.2, -84.5 33.8))",polygon
shape,"POLYGON((-98.4 30.1, -97.5 30.1, -98.0 30.9, -98.4 30.1)), POLYGON((-74.0 41.1, -73.8 41.2, -73.7 41.5, -73.9 41.6, -74.1 41.3, -74.0 41.1)), POLYGON((-122.3 47.6, -122.1 47.6, -122.1 47.8, -122.3 47.8, -122.3 47.6))",polygon
boundary,"POLYGON((-80.2 26.1, -80.1 26.1, -80.1 26.2, -80.2 26.2, -80.2 26.1)), POLYGON((-105.0 39.7, -104.8 39.8, -105.0 39.9, -104.8 40.0, -104.9 40.1, -105.0 39.7)), POLYGON((-112.1 33.4, -111.9 33.4, -111.9 33.6, -112.1 33.6, -112.1 33.4))",polygon
boundary_shape,"POLYGON((-118.25 34.05, -118.25 34.06, -118.24 34.06, -118.24 34.05, -118.25 34.05)), POLYGON((-80.20 25.77, -80.19 25.78, -80.18 25.77, -80.20 25.77)), POLYGON((-122.33 47.60, -122.33 47.61, -122.32 47.615, -122.31 47.61, -122.32 47.60, -122.33 47.60))",polygon
parcel_geom,"POLYGON((-97.74 30.26, -97.74 30.27, -97.73 30.27, -97.73 30.26, -97.74 30.26)), POLYGON((-104.99 39.73, -104.99 39.74, -104.98 39.74, -104.98 39.73, -104.99 39.73)), POLYGON((-87.63 41.87, -87.63 41.88, -87.625 41.885, -87.62 41.885, -87.615 41.88, -87.62 41.87, -87.63 41.87))",polygon
wkt_polygon,"POLYGON((-112.07 33.44, -112.07 33.45, -112.06 33.44, -112.07 33.44)), POLYGON((-75.16 39.95, -75.16 39.96, -75.15 39.96, -75.15 39.95, -75.16 39.95)), POLYGON((-115.17 36.16, -115.17 36.17, -115.16 36.175, -115.15 36.17, -115.16 36.16, -115.17 36.16))",polygon
boundary,"POLYGON((-87.63 41.88, -87.62 41.88, -87.62 41.87, -87.63 41.87, -87.63 41.88)), POLYGON((-118.25 34.05, -118.24 34.06, -118.23 34.05, -118.24 34.04, -118.25 34.05)), POLYGON((-80.20 25.77, -80.19 25.78, -80.18 25.77, -80.19 25.76, -80.20 25.76, -80.20 25.77))",polygon
footprint,"POLYGON((-122.33 47.61, -122.32 47.61, -122.32 47.60, -122.33 47.60, -122.33 47.61)), POLYGON((-104.99 39.74, -104.98 39.75, -104.97 39.74, -104.98 39.73, -104.99 39.74)), POLYGON((-71.06 42.36, -71.05 42.36, -71.055 42.355, -71.06 42.35, -71.06 42.36))",polygon
shape,"POLYGON((-97.75 30.27, -97.74 30.28, -97.73 30.27, -97.74 30.26, -97.75 30.27)), POLYGON((-112.07 33.45, -112.06 33.45, -112.06 33.44, -112.07 33.44, -112.07 33.45)), POLYGON((-75.17 39.95, -75.16 39.96, -75.15 39.95, -75.16 39.94, -75.17 39.95))",polygon
boundary_shape,"POLYGON((-122.41 37.77, -122.40 37.77, -122.40 37.76, -122.41 37.76, -122.41 37.77)), POLYGON((-93.25 44.98, -93.24 44.99, -93.23 44.98, -93.24 44.97, -93.25 44.97, -93.25 44.98)), POLYGON((-80.20 25.78, -80.18 25.79, -80.19 25.77, -80.20 25.78))",polygon
area_geometry,"POLYGON((-87.65 41.88, -87.64 41.88, -87.64 41.87, -87.65 41.87, -87.65 41.88)), POLYGON((-97.75 30.27, -97.74 30.28, -97.73 30.27, -97.74 30.26, -97.75 30.27)), POLYGON((-68.21 44.39, -68.20 44.40, -68.19 44.39, -68.20 44.38, -68.21 44.39))",polygon
wkt_polygon,"POLYGON((-122.332 47.605, -122.330 47.608, -122.328 47.605, -122.330 47.603, -122.332 47.605)), POLYGON((-75.150 39.950, -75.145 39.952, -75.147 39.948, -75.150 39.950)), POLYGON((-104.99 39.74, -104.98 39.74, -104.98 39.73, -104.99 39.73, -104.99 39.74))",polygon
shape,"POLYGON((-118.2 34.1, -118.1 34.1, -118.1 34.0, -118.2 34.0, -118.2 34.1)), POLYGON((-81.5 26.7, -81.4 26.7, -81.4 26.6, -81.5 26.6, -81.5 26.7)), POLYGON((-122.3 47.6, -122.2 47.7, -122.1 47.6, -122.1 47.5, -122.2 47.5, -122.3 47.6))",polygon
boundary,"POLYGON((-97.75 30.25, -97.70 30.25, -97.70 30.20, -97.75 30.20, -97.75 30.25)), POLYGON((-105.0 39.7, -104.9 39.8, -104.8 39.7, -104.9 39.6, -105.0 39.7)), POLYGON((-69.8 44.3, -69.7 44.3, -69.7 44.2, -69.8 44.2, -69.8 44.3))",polygon
footprint,"POLYGON((-112.10 33.45, -112.00 33.45, -112.00 33.40, -112.10 33.40, -112.10 33.45)), POLYGON((-87.65 41.88, -87.60 41.90, -87.58 41.88, -87.60 41.86, -87.64 41.86, -87.65 41.88)), POLYGON((-84.4 33.8, -84.3 33.8, -84.3 33.7, -84.4 33.7, -84.4 33.8))",polygon
shape,"POLYGON((-87.63 41.88, -87.62 41.88, -87.62 41.87, -87.63 41.87, -87.63 41.88)), POLYGON((-80.20 25.77, -80.19 25.77, -80.19 25.76, -80.20 25.76, -80.20 25.77)), POLYGON((-104.99 39.75, -104.98 39.75, -104.985 39.74, -104.99 39.74, -104.99 39.75))",polygon
wkt_polygon,"POLYGON((-93.50 45.00, -93.48 45.01, -93.47 45.00, -93.48 44.98, -93.50 44.98, -93.50 45.00)), POLYGON((-122.33 47.61, -122.32 47.61, -122.32 47.60, -122.33 47.60, -122.33 47.61)), POLYGON((-97.75 30.27, -97.74 30.28, -97.73 30.27, -97.74 30.26, -97.75 30.27))",polygon
boundary,"POLYGON((-98.5 38.5, -98.0 38.5, -98.0 38.0, -98.5 38.0, -98.5 38.5)), POLYGON((-75.150 39.950, -75.145 39.952, -75.140 39.950, -75.143 39.946, -75.147 39.946, -75.150 39.950)), POLYGON((-112.07 33.51, -112.06 33.51, -112.06 33.50, -112.065 33.50, -112.07 33.50, -112.07 33.51))",polygon
parcel_shape,"POLYGON((-97.74 30.26, -97.73 30.26, -97.73 30.25, -97.74 30.25, -97.74 30.26)), POLYGON((-80.20 25.77, -80.19 25.78, -80.18 25.77, -80.18 25.76, -80.19 25.76, -80.20 25.77)), POLYGON((-122.33 47.61, -122.32 47.61, -122.325 47.60, -122.33 47.61))",polygon
wkt_boundary,"POLYGON((-104.99 39.73, -104.98 39.74, -104.97 39.73, -104.98 39.72, -104.99 39.73)), POLYGON((-70.25 43.66, -70.24 43.66, -70.245 43.65, -70.25 43.66)), POLYGON((-112.07 33.45, -112.06 33.46, -112.05 33.46, -112.04 33.45, -112.05 33.44, -112.06 33.44, -112.07 33.45))",polygon
footprint_polygon,"POLYGON((-118.25 34.05, -118.24 34.05, -118.24 34.04, -118.25 34.04, -118.25 34.05)), POLYGON((-87.63 41.88, -87.62 41.88, -87.625 41.87, -87.63 41.88)), POLYGON((-78.64 35.78, -78.63 35.79, -78.62 35.78, -78.62 35.77, -78.63 35.77, -78.64 35.78))",polygon
shape_wkt,"POLYGON((-118.25 34.05, -118.24 34.05, -118.24 34.06, -118.25 34.06, -118.25 34.05)), POLYGON((-97.74 30.26, -97.75 30.25, -97.76 30.26, -97.75 30.27, -97.74 30.26)), POLYGON((-87.62 41.87, -87.63 41.87, -87.63 41.88, -87.62 41.88, -87.62 41.87))",polygon
boundary_poly,"POLYGON((-71.05 42.36, -71.06 42.36, -71.06 42.37, -71.05 42.37, -71.05 42.36)), POLYGON((-122.33 47.60, -122.34 47.60, -122.34 47.61, -122.33 47.61, -122.33 47.60)), POLYGON((-81.4 28.5, -81.3 28.4, -81.5 28.3, -81.4 28.5))",polygon
area_geometry,"POLYGON((-104.99 39.73, -104.98 39.73, -104.98 39.74, -104.99 39.74, -104.99 39.73)), POLYGON((-112.07 33.44, -112.08 33.44, -112.08 33.45, -112.075 33.455, -112.07 33.45, -112.07 33.44)), POLYGON((-95.36 29.76, -95.37 29.75, -95.38 29.76, -95.36 29.76))",polygon
geom,"POLYGON((-87.63 41.88, -87.62 41.88, -87.62 41.87, -87.63 41.87, -87.63 41.88)), POLYGON((-118.25 34.05, -118.24 34.06, -118.23 34.05, -118.24 34.04, -118.25 34.05)), POLYGON((-81.51 28.55, -81.50 28.55, -81.50 28.54, -81.51 28.54, -81.51 28.55))",polygon
wkt_polygon,"POLYGON((-97.74 30.26, -97.73 30.27, -97.72 30.26, -97.73 30.25, -97.74 30.26)), POLYGON((-122.33 47.61, -122.32 47.62, -122.31 47.61, -122.32 47.60, -122.33 47.61)), POLYGON((-104.99 39.74, -104.98 39.75, -104.97 39.74, -104.98 39.73, -104.99 39.74))",polygon
boundary_shape,"POLYGON((-112.07 33.45, -112.06 33.45, -112.06 33.44, -112.07 33.44, -112.07 33.45)), POLYGON((-71.06 42.36, -71.05 42.37, -71.04 42.36, -71.05 42.35, -71.06 42.36)), POLYGON((-95.36 29.76, -95.35 29.77, -95.34 29.76, -95.35 29.75, -95.36 29.76))",polygon
shape,"POLYGON((-87.62 41.85, -87.61 41.85, -87.61 41.86, -87.62 41.86, -87.62 41.85)), POLYGON((-118.24 34.05, -118.23 34.05, -118.23 34.06, -118.24 34.06, -118.24 34.05)), POLYGON((-84.38 33.74, -84.37 33.75, -84.39 33.75, -84.38 33.74))",polygon
boundary,"POLYGON((-96.79 32.77, -96.78 32.77, -96.78 32.78, -96.79 32.78, -96.79 32.77)), POLYGON((-80.20 25.76, -80.19 25.76, -80.19 25.77, -80.195 25.775, -80.21 25.77, -80.20 25.76)), POLYGON((-122.33 47.60, -122.32 47.60, -122.325 47.61, -122.33 47.60))",polygon
geom,"POLYGON((-104.99 39.73, -104.98 39.73, -104.98 39.74, -104.99 39.74, -104.99 39.73)), POLYGON((-112.07 33.44, -112.06 33.45, -112.08 33.45, -112.07 33.44)), POLYGON((-71.06 42.36, -71.05 42.36, -71.05 42.37, -71.06 42.365, -71.06 42.36))",polygon
boundary,"POLYGON((-97.3 32.7, -97.2 32.7, -97.2 32.8, -97.3 32.8, -97.3 32.7)), POLYGON((-122.3 47.6, -122.2 47.6, -122.15 47.65, -122.2 47.7, -122.3 47.7, -122.3 47.6)), POLYGON((-69.78 44.31, -69.77 44.31, -69.77 44.32, -69.78 44.32, -69.78 44.31))",polygon
shape_wkt,"POLYGON((-112.1 33.4, -112.0 33.4, -112.0 33.5, -112.1 33.5, -112.1 33.4)), POLYGON((-104.9 39.7, -104.8 39.7, -104.85 39.8, -104.95 39.8, -104.9 39.7)), POLYGON((-84.4 33.7, -84.3 33.7, -84.3 33.8, -84.4 33.8, -84.4 33.7))",polygon
area,"POLYGON((-87.6 41.8, -87.5 41.8, -87.5 41.9, -87.6 41.9, -87.6 41.8)), POLYGON((-122.4 37.7, -122.3 37.75, -122.35 37.8, -122.45 37.8, -122.4 37.7)), POLYGON((-81.5 28.5, -81.4 28.5, -81.4 28.6, -81.5 28.6, -81.5 28.5))",polygon
shape,"POLYGON((-87.62 41.87, -87.61 41.87, -87.61 41.88, -87.62 41.88, -87.62 41.87)), POLYGON((-104.99 39.74, -104.98 39.74, -104.98 39.75, -104.99 39.75, -104.99 39.74)), POLYGON((-112.07 33.45, -112.06 33.45, -112.06 33.46, -112.07 33.46, -112.07 33.45))",polygon
boundary,"POLYGON((-122.33 47.60, -122.32 47.60, -122.32 47.61, -122.33 47.61, -122.33 47.60)), POLYGON((-97.74 30.26, -97.73 30.27, -97.75 30.28, -97.74 30.26)), POLYGON((-81.38 28.53, -81.37 28.53, -81.36 28.54, -81.37 28.54, -81.38 28.53))",polygon
wkt_polygon,"POLYGON((-118.24 34.05, -118.23 34.05, -118.23 34.06, -118.24 34.06, -118.24 34.05)), POLYGON((-71.06 42.36, -71.05 42.36, -71.05 42.37, -71.06 42.37, -71.06 42.36)), POLYGON((-84.39 33.75, -84.38 33.74, -84.37 33.75, -84.38 33.76, -84.39 33.75))",polygon
shape,"POLYGON((-105.00 39.70, -104.98 39.70, -104.98 39.72, -105.00 39.72, -105.00 39.70)), POLYGON((-80.20 25.75, -80.18 25.75, -80.18 25.77, -80.19 25.78, -80.21 25.77, -80.20 25.75)), POLYGON((-122.42 37.76, -122.40 37.765, -122.41 37.78, -122.42 37.76))",polygon
parcel_boundary,"POLYGON((-97.75 30.25, -97.74 30.25, -97.74 30.26, -97.755 30.255, -97.75 30.25)), POLYGON((-122.340 47.600, -122.335 47.601, -122.330 47.602, -122.332 47.605, -122.338 47.604, -122.342 47.603, -122.340 47.600)), POLYGON((-87.63 41.88, -87.62 41.88, -87.62 41.89, -87.63 41.89, -87.63 41.88))",polygon
wkt_geometry,"POLYGON((-74.01 40.71, -74.00 40.71, -74.005 40.72, -74.01 40.71)), POLYGON((-112.10 33.40, -112.05 33.41, -112.04 33.45, -112.06 33.48, -112.08 33.49, -112.11 33.46, -112.12 33.42, -112.10 33.40)), POLYGON((-75.170 39.940, -75.160 39.940, -75.160 39.945, -75.165 39.945, -75.165 39.950, -75.170 39.950, -75.170 39.940))",polygon
shape,"POLYGON((-122.1 37.4, -122.1 37.5, -122.2 37.5, -122.2 37.4, -122.1 37.4)), POLYGON((-95.36 29.76, -95.36 29.80, -95.40 29.80, -95.40 29.76, -95.36 29.76)), POLYGON((-80.2 25.7, -80.2 25.8, -80.3 25.8, -80.3 25.7, -80.2 25.7))",polygon
wkt_geom,"POLYGON((-118.25 34.05, -118.25 34.15, -118.35 34.15, -118.40 34.10, -118.25 34.05)), POLYGON((-87.63 41.88, -87.63 41.98, -87.73 41.98, -87.73 41.88, -87.63 41.88)), POLYGON((-104.99 39.74, -104.90 39.80, -105.10 39.70, -104.99 39.74))",polygon
boundary_poly,"POLYGON((-71.06 42.36, -71.06 42.40, -71.10 42.40, -71.10 42.36, -71.06 42.36)), POLYGON((-122.33 47.61, -122.33 47.65, -122.40 47.65, -122.40 47.61, -122.33 47.61)), POLYGON((-77.03 38.90, -77.03 38.95, -77.08 38.95, -77.08 38.90, -77.03 38.90))",polygon
footprint,"POLYGON((-87.62 41.87, -87.61 41.87, -87.61 41.86, -87.62 41.86, -87.62 41.87)), POLYGON((-122.40 37.77, -122.39 37.78, -122.38 37.78, -122.38 37.76, -122.39 37.76, -122.40 37.77)), POLYGON((-81.38 28.54, -81.37 28.54, -81.37 28.53, -81.38 28.53, -81.38 28.54))",polygon
boundary,"POLYGON((-97.74 30.26, -97.73 30.27, -97.72 30.26, -97.73 30.25, -97.74 30.26)), POLYGON((-122.33 47.60, -122.32 47.61, -122.31 47.61, -122.31 47.59, -122.32 47.58, -122.33 47.59, -122.33 47.60)), POLYGON((-69.78 44.31, -69.77 44.31, -69.77 44.30, -69.78 44.30, -69.78 44.31))",polygon
area_shape,"POLYGON((-104.99 39.74, -104.98 39.75, -104.97 39.75, -104.97 39.73, -104.98 39.73, -104.99 39.74)), POLYGON((-112.07 33.45, -112.06 33.45, -112.065 33.44, -112.075 33.44, -112.07 33.45)), POLYGON((-80.84 35.22, -80.83 35.23, -80.82 35.23, -80.81 35.22, -80.82 35.21, -80.84 35.21, -80.84 35.22))",polygon
boundary_shape,"POLYGON((-122.40 37.78, -122.39 37.78, -122.39 37.77, -122.40 37.77, -122.40 37.78)), POLYGON((-97.74 30.26, -97.73 30.27, -97.75 30.25, -97.74 30.26)), POLYGON((-81.5 28.5, -81.4 28.5, -81.4 28.4, -81.45 28.35, -81.5 28.4, -81.5 28.5))",polygon
area_geometry,"POLYGON((-104.99 39.75, -104.98 39.75, -104.98 39.74, -104.99 39.74, -104.99 39.75)), POLYGON((-87.63 41.88, -87.62 41.885, -87.62 41.89, -87.625 41.89, -87.635 41.885, -87.63 41.88)), POLYGON((-122.33 47.61, -122.32 47.615, -122.33 47.62, -122.34 47.615, -122.33 47.61))",polygon
wkt_polygon,"POLYGON((-112.07 33.45, -112.06 33.455, -112.05 33.45, -112.05 33.44, -112.06 33.435, -112.07 33.44, -112.07 33.45)), POLYGON((-79.05 35.91, -78.95 35.91, -78.95 35.81, -79.05 35.81, -79.05 35.91)), POLYGON((-93.27 44.98, -93.26 44.99, -93.25 44.98, -93.25 44.97, -93.26 44.96, -93.27 44.96, -93.28 44.97, -93.27 44.98))",polygon
wkt_polygon,"POLYGON((-87.62 41.85, -87.63 41.85, -87.63 41.86, -87.62 41.86, -87.62 41.85)), POLYGON((-104.99 39.74, -105.00 39.74, -105.00 39.75, -104.995 39.755, -104.99 39.75, -104.99 39.74)), POLYGON((-81.50 28.50, -81.52 28.51, -81.51 28.53, -81.49 28.52, -81.50 28.50))",polygon
shape,"POLYGON((-112.07 33.44, -112.08 33.44, -112.08 33.45, -112.07 33.45, -112.07 33.44)), POLYGON((-122.33 47.61, -122.34 47.61, -122.34 47.62, -122.33 47.62, -122.33 47.61)), POLYGON((-98.50 29.40, -98.55 29.40, -98.55 29.45, -98.50 29.45, -98.50 29.40))",polygon
boundary,"POLYGON((-118.24 34.05, -118.25 34.04, -118.26 34.05, -118.25 34.06, -118.24 34.05)), POLYGON((-84.38 33.77, -84.39 33.77, -84.39 33.78, -84.385 33.785, -84.38 33.78, -84.38 33.77)), POLYGON((-93.20 44.90, -93.21 44.92, -93.20 44.93, -93.19 44.91, -93.20 44.90))",polygon
boundary_shape,"POLYGON((-97.74 30.26, -97.73 30.26, -97.73 30.27, -97.74 30.27, -97.74 30.26)), POLYGON((-122.41 37.77, -122.40 37.77, -122.40 37.78, -122.415 37.78, -122.41 37.77)), POLYGON((-81.5 26.1, -81.4 26.1, -81.4 26.2, -81.5 26.2, -81.5 26.1))",polygon
parcel_footprint,"POLYGON((-104.99 39.73, -104.98 39.73, -104.985 39.74, -104.99 39.73)), POLYGON((-87.629 41.878, -87.628 41.878, -87.628 41.879, -87.629 41.879, -87.629 41.878)), POLYGON((-122.33 47.60, -122.32 47.60, -122.32 47.61, -122.325 47.615, -122.335 47.605, -122.33 47.60))",polygon
area_polygon_wkt,"POLYGON((-112.07 33.45, -112.06 33.45, -112.06 33.46, -112.07 33.46, -112.07 33.45)), POLYGON((-69.78 44.31, -69.77 44.31, -69.77 44.32, -69.78 44.32, -69.78 44.31)), POLYGON((-84.38 33.74, -84.37 33.74, -84.37 33.75, -84.38 33.76, -84.39 33.75, -84.38 33.74))",polygon
shape,"POLYGON((-95.1 38.2, -95.2 38.2, -95.2 38.3, -95.1 38.3, -95.1 38.2)), POLYGON((-122.3 47.6, -122.4 47.5, -122.5 47.6, -122.4 47.7, -122.3 47.6)), POLYGON((-81.50 28.10, -81.55 28.10, -81.55 28.15, -81.50 28.15, -81.50 28.10))",polygon
boundary,"POLYGON((-98.5 30.2, -98.6 30.1, -98.4 30.1, -98.5 30.2)), POLYGON((-72.0 41.5, -72.1 41.5, -72.1 41.6, -72.2 41.6, -72.0 41.6, -72.0 41.5)), POLYGON((-119.0 36.0, -119.5 36.1, -119.5 36.2, -119.0 36.1, -119.0 36.0))",polygon
footprint,"POLYGON((-87.6290 41.8781, -87.6295 41.8781, -87.6295 41.8785, -87.6290 41.8785, -87.6290 41.8781)), POLYGON((-112.0741 33.4484, -112.0745 33.4484, -112.0745 33.4486, -112.0743 33.4486, -112.0743 33.4488, -112.0741 33.4488, -112.0741 33.4484)), POLYGON((-104.9903 39.7392, -104.9908 39.7392, -104.9908 39.7396, -104.9903 39.7396, -104.9903 39.7392))",polygon
shape,"POLYGON((-105.0 39.5, -105.1 39.5, -105.1 39.6, -105.0 39.6, -105.0 39.5)), POLYGON((-81.5 28.0, -81.6 28.1, -81.5 28.2, -81.4 28.1, -81.5 28.0)), POLYGON((-122.3 47.6, -122.4 47.6, -122.4 47.7, -122.3 47.7, -122.3 47.6))",polygon
wkt_polygon,"POLYGON((-97.7 32.8, -97.8 32.8, -97.8 32.9, -97.7 32.9, -97.7 32.8)), POLYGON((-112.0 33.4, -112.1 33.4, -112.1 33.5, -112.0 33.5, -112.0 33.4)), POLYGON((-69.78 44.31, -69.70 44.31, -69.74 44.35, -69.78 44.31))",polygon
boundary,"POLYGON((-118.2 34.0, -118.3 34.0, -118.3 34.1, -118.2 34.1, -118.2 34.0)), POLYGON((-87.6 41.8, -87.7 41.8, -87.7 41.9, -87.6 41.9, -87.6 41.8)), POLYGON((-115.1 36.1, -115.2 36.1, -115.25 36.15, -115.2 36.2, -115.1 36.2, -115.1 36.1))",polygon
shape,"POLYGON((-87.62 41.87, -87.62 41.88, -87.63 41.88, -87.63 41.87, -87.62 41.87)), POLYGON((-104.99 39.73, -104.98 39.74, -104.98 39.75, -105.00 39.74, -104.99 39.73)), POLYGON((-81.50 28.50, -81.51 28.51, -81.52 28.51, -81.53 28.50, -81.52 28.49, -81.50 28.50))",polygon
boundary,"POLYGON((-122.33 47.60, -122.33 47.61, -122.34 47.61, -122.34 47.60, -122.33 47.60)), POLYGON((-97.74 30.26, -97.73 30.27, -97.74 30.28, -97.75 30.27, -97.74 30.26)), POLYGON((-71.06 42.36, -71.05 42.36, -71.055 42.35, -71.06 42.36))",polygon
area_geom,"POLYGON((-112.07 33.44, -112.07 33.45, -112.08 33.45, -112.08 33.44, -112.07 33.44)), POLYGON((-77.03 38.89, -77.03 38.90, -77.04 38.90, -77.045 38.895, -77.04 38.89, -77.03 38.89)), POLYGON((-118.24 34.05, -118.25 34.06, -118.26 34.06, -118.27 34.05, -118.26 34.04, -118.24 34.05))",polygon
boundary,"POLYGON((-118.25 34.05, -118.20 34.05, -118.20 34.00, -118.25 34.00, -118.25 34.05)), POLYGON((-97.75 30.26, -97.74 30.28, -97.73 30.26, -97.74 30.25, -97.75 30.26)), POLYGON((-80.20 25.77, -80.19 25.78, -80.18 25.77, -80.19 25.76, -80.20 25.77))",polygon
area_shape,"POLYGON((-122.33 47.60, -122.33 47.62, -122.30 47.62, -122.30 47.60, -122.33 47.60)), POLYGON((-104.99 39.74, -104.98 39.75, -104.97 39.74, -104.98 39.73, -104.99 39.74)), POLYGON((-87.63 41.88, -87.62 41.89, -87.61 41.88, -87.61 41.87, -87.63 41.88))",polygon
wkt_geom,"POLYGON((-112.07 33.45, -112.07 33.48, -112.04 33.48, -112.04 33.45, -112.07 33.45)), POLYGON((-84.39 33.75, -84.38 33.76, -84.37 33.75, -84.38 33.74, -84.39 33.75)), POLYGON((-71.06 42.36, -71.05 42.37, -71.04 42.36, -71.05 42.35, -71.06 42.36))",polygon
shape,"POLYGON((-105.1 39.4, -105.1 39.6, -104.9 39.6, -104.9 39.4, -105.1 39.4)), POLYGON((-81.2 28.0, -81.1 28.1, -81.0 28.0, -80.9 27.9, -81.2 27.9, -81.2 28.0)), POLYGON((-122.3 47.5, -122.3 47.6, -122.2 47.6, -122.2 47.5, -122.3 47.5))",polygon
wkt_polygon,"POLYGON((-97.75 30.25, -97.75 30.28, -97.72 30.28, -97.72 30.25, -97.75 30.25)), POLYGON((-118.25 34.05, -118.25 34.06, -118.24 34.065, -118.23 34.06, -118.23 34.05, -118.25 34.05)), POLYGON((-71.06 42.36, -71.05 42.365, -71.04 42.36, -71.05 42.355, -71.06 42.36))",polygon
boundary,"POLYGON((-88.0 41.5, -88.0 41.6, -87.9 41.6, -87.8 41.55, -87.9 41.5, -88.0 41.5)), POLYGON((-112.1 33.4, -112.1 33.5, -112.0 33.5, -112.0 33.4, -112.1 33.4)), POLYGON((-84.4 33.7, -84.4 33.8, -84.35 33.8, -84.35 33.75, -84.3 33.7, -84.4 33.7))",polygon
wkt_boundary,"POLYGON((-118.25 34.05, -118.20 34.05, -118.20 34.10, -118.25 34.10, -118.25 34.05)), POLYGON((-97.4 32.8, -97.3 32.8, -97.3 32.9, -97.4 32.9, -97.4 32.8)), POLYGON((-81.5 28.5, -81.4 28.55, -81.45 28.6, -81.55 28.58, -81.5 28.5))",polygon
shape_polygon,"POLYGON((-122.33 47.60, -122.30 47.61, -122.31 47.65, -122.34 47.64, -122.33 47.60)), POLYGON((-71.06 42.36, -71.05 42.36, -71.05 42.37, -71.06 42.37, -71.06 42.36)), POLYGON((-87.90 43.03, -87.88 43.04, -87.89 43.06, -87.91 43.05, -87.90 43.03))",polygon
area_footprint,"POLYGON((-104.99 39.73, -104.98 39.73, -104.98 39.74, -104.99 39.74, -104.99 39.73)), POLYGON((-112.07 33.44, -112.06 33.44, -112.06 33.45, -112.07 33.45, -112.07 33.44)), POLYGON((-90.07 29.95, -90.06 29.95, -90.05 29.96, -90.07 29.97, -90.07 29.95))",polygon
boundary_shape,"POLYGON((-118.25 34.05, -118.25 34.06, -118.24 34.06, -118.24 34.05, -118.25 34.05)), POLYGON((-87.629 41.878, -87.629 41.879, -87.628 41.879, -87.628 41.878, -87.629 41.878)), POLYGON((-95.36 29.76, -95.36 29.77, -95.35 29.77, -95.355 29.765, -95.36 29.76))",polygon
wkt_polygon,"POLYGON((-81.50 28.53, -81.51 28.54, -81.49 28.55, -81.48 28.54, -81.50 28.53)), POLYGON((-122.33 47.61, -122.33 47.62, -122.32 47.62, -122.32 47.61, -122.33 47.61)), POLYGON((-104.99 39.74, -104.99 39.75, -104.985 39.75, -104.98 39.745, -104.98 39.74, -104.99 39.74))",polygon
parcel_geom,"POLYGON((-71.06 42.36, -71.06 42.361, -71.058 42.361, -71.058 42.36, -71.06 42.36)), POLYGON((-112.07 33.45, -112.07 33.46, -112.06 33.46, -112.06 33.45, -112.07 33.45)), POLYGON((-84.388 33.749, -84.388 33.751, -84.387 33.751, -84.387 33.749, -84.388 33.749))",polygon
area_boundary,"POLYGON((-87.63 41.88, -87.62 41.88, -87.62 41.87, -87.63 41.87, -87.63 41.88)), POLYGON((-104.99 39.74, -104.98 39.74, -104.985 39.73, -104.99 39.74)), POLYGON((-80.20 25.77, -80.19 25.78, -80.18 25.77, -80.19 25.76, -80.20 25.76, -80.20 25.77))",polygon
parcel_shape,"POLYGON((-122.33 47.61, -122.32 47.61, -122.32 47.60, -122.33 47.60, -122.33 47.61)), POLYGON((-97.744 30.267, -97.742 30.267, -97.742 30.265, -97.744 30.265, -97.744 30.267)), POLYGON((-71.060 42.360, -71.058 42.361, -71.057 42.360, -71.057 42.358, -71.059 42.358, -71.060 42.359, -71.060 42.360))",polygon
zoning_polygon,"POLYGON((-118.25 34.05, -118.24 34.06, -118.23 34.05, -118.23 34.04, -118.24 34.03, -118.25 34.03, -118.26 34.04, -118.25 34.05)), POLYGON((-75.16 39.95, -75.15 39.96, -75.14 39.95, -75.15 39.94, -75.16 39.94, -75.16 39.95)), POLYGON((-112.074 33.448, -112.070 33.450, -112.068 33.445, -112.072 33.444, -112.074 33.448))",polygon
shape,"POLYGON((-122.41 37.77, -122.40 37.77, -122.40 37.76, -122.41 37.76, -122.41 37.77)), POLYGON((-97.75 30.25, -97.74 30.26, -97.73 30.25, -97.75 30.25)), POLYGON((-80.20 25.80, -80.19 25.81, -80.18 25.80, -80.19 25.79, -80.20 25.79, -80.20 25.80))",polygon
wkt_footprint,"POLYGON((-104.99 39.74, -104.98 39.74, -104.98 39.73, -104.99 39.73, -104.99 39.74)), POLYGON((-122.33 47.61, -122.32 47.61, -122.325 47.60, -122.33 47.61)), POLYGON((-69.78 44.31, -69.77 44.32, -69.76 44.32, -69.75 44.31, -69.76 44.30, -69.78 44.31))",polygon
boundary_poly,"POLYGON((-112.07 33.45, -112.06 33.45, -112.06 33.44, -112.07 33.44, -112.07 33.45)), POLYGON((-87.63 41.88, -87.62 41.88, -87.625 41.87, -87.63 41.88)), POLYGON((-78.64 35.78, -78.63 35.78, -78.63 35.77, -78.635 35.76, -78.64 35.77, -78.64 35.78))",polygon
boundary_shape,"POLYGON((-122.41 37.77, -122.40 37.77, -122.40 37.76, -122.41 37.76, -122.41 37.77)), POLYGON((-80.19 25.77, -80.18 25.79, -80.17 25.78, -80.17 25.76, -80.18 25.76, -80.19 25.77)), POLYGON((-87.65 41.88, -87.64 41.89, -87.63 41.89, -87.63 41.87, -87.64 41.87, -87.65 41.88))",polygon
area_polygon,"POLYGON((-97.74 30.26, -97.73 30.26, -97.73 30.25, -97.74 30.25, -97.74 30.26)), POLYGON((-122.33 47.61, -122.32 47.62, -122.31 47.61, -122.32 47.60, -122.33 47.61)), POLYGON((-71.06 42.36, -71.05 42.36, -71.055 42.35, -71.06 42.355, -71.06 42.36))",polygon
wkt_polygon,"POLYGON((-112.07 33.45, -112.06 33.45, -112.06 33.44, -112.07 33.44, -112.07 33.45)), POLYGON((-104.99 39.74, -104.98 39.75, -104.97 39.75, -104.97 39.73, -104.98 39.73, -104.99 39.74)), POLYGON((-84.39 33.75, -84.38 33.76, -84.37 33.75, -84.38 33.74, -84.39 33.75))",polygon
geom,"LINESTRING(-87.62981 41.87811, -87.63504 41.87812, -87.63505 41.87953), LINESTRING(-122.419 37.775, -122.421 37.775, -122.423 37.777), LINESTRING(-73.7562 41.0409, -73.4837 41.0534)",line
wkt_linestring,"LINESTRING(-104.9903 39.7392, -104.9880 39.7400, -104.9875 39.7421, -104.9892 39.7435), LINESTRING(-96.80888 32.7767, -96.81001 32.7800), LINESTRING(-81.6557 30.3322, -81.6540 30.3310, -81.6523 30.3298)",line
path_geometry,"LINESTRING(-124.0535 44.9333, -124.0540 44.9350, -124.0538 44.9365, -124.0530 44.9380), LINESTRING(-112.07403 33.44837, -112.17403 33.44837), LINESTRING(-82.5515 35.5952, -82.5530 35.5960, -82.5525 35.5975)",line
geom,"LINESTRING(-122.4 37.7, -122.41 37.71), LINESTRING(-96.8 32.7, -96.85 32.75, -96.9 32.8), LINESTRING(-80.2 25.8, -80.25 25.85)",line
wkt_line,"LINESTRING(-87.62 41.88, -87.63 41.89, -87.64 41.90), LINESTRING(-71.05 42.36, -71.06 42.35), LINESTRING(-118.25 34.05, -118.30 34.06, -118.35 34.07, -118.40 34.08)",line
line_shape,"LINESTRING(-104.99 39.74, -104.98 39.75), LINESTRING(-73.98 40.75, -73.99 40.76, -74.00 40.77), LINESTRING(-95.36 29.76, -95.37 29.75, -95.38 29.74)",line
wkt_geometry,"LINESTRING(-87.6298 41.8781, -87.6315 41.8781, -87.6315 41.8790), LINESTRING(-122.4194 37.7749, -122.4250 37.7752, -122.4300 37.7760, -122.4350 37.7765), LINESTRING(-81.3792 28.5383, -81.3790 28.5395)",line
line_shape,"LINESTRING(-96.8089 32.7792, -96.8100 32.7800, -96.8115 32.7812), LINESTRING(-71.0589 42.3601, -71.0650 42.3615, -71.0700 42.3630), LINESTRING(-98.5795 38.5378, -99.0000 38.5378)",line
path,"LINESTRING(-82.5515 35.5952, -82.5530 35.5960, -82.5545 35.5955, -82.5560 35.5962), LINESTRING(-112.0740 33.4484, -112.0740 33.4584, -112.0740 33.4684), LINESTRING(-122.3321 47.6062, -122.3305 47.6075, -122.3290 47.6090)",line
wkt_line,"LINESTRING(-81.3792 28.5383, -81.3790 28.5415, -81.3788 28.5440), LINESTRING(-104.9847 39.7392, -104.9801 39.7391, -104.9755 39.7390), LINESTRING(-122.3321 47.6062, -122.3315 47.6089, -122.3310 47.6112, -122.3305 47.6140)",line
line_geom,"LINESTRING(-121.9360 36.6002, -121.9321 36.5987, -121.9288 36.5971), LINESTRING(-97.7431 30.2672, -97.7455 30.2665, -97.7480 30.2659, -97.7501 30.2650), LINESTRING(-71.0589 42.3601, -71.0624 42.3585)",line
shape_wkt,"LINESTRING(-112.0740 33.4484, -112.0741 33.4584, -112.0742 33.4684), LINESTRING(-87.6298 41.8781, -87.6325 41.8780, -87.6350 41.8779), LINESTRING(-84.3880 33.7490, -84.3912 33.7515)",line
wkt_linestring,"LINESTRING(-87.62 41.87, -87.55 41.53, -87.21 41.60), LINESTRING(-122.41 37.77, -122.12 37.43, -121.95 36.97), LINESTRING(-80.20 25.76, -80.13 26.12)",line
shape,"LINESTRING(-105.08 40.58, -105.25 40.31, -105.52 40.40, -105.80 40.22, -105.61 40.01), LINESTRING(-98.5 38.5, -97.5 38.5), LINESTRING(-71.05 42.36, -71.79 42.26, -72.59 42.10)",line
line_geom,"LINESTRING(-112.07 33.50, -112.10 33.50, -112.10 33.60), LINESTRING(-122.33 47.60, -122.44 47.25), LINESTRING(-96.80 32.78, -96.81 32.60, -96.70 32.51)",line
line_geom,"LINESTRING(-122.41 37.77, -122.42 37.78), LINESTRING(-97.74 30.26, -97.75 30.27, -97.76 30.28), LINESTRING(-73.98 40.75, -73.99 40.76)",line
wkt_linestring,"LINESTRING(-87.62 41.88, -87.63 41.88, -87.64 41.88), LINESTRING(-118.24 34.05, -118.25 34.05), LINESTRING(-81.65 30.33, -81.66 30.34, -81.67 30.35, -81.68 30.36)",line
shape,"LINESTRING(-104.99 39.74, -104.99 39.75), LINESTRING(-122.33 47.60, -122.34 47.61, -122.35 47.62), LINESTRING(-71.06 42.36, -71.07 42.36)",line
wkt_linestring,"LINESTRING(-71.06 42.36, -71.05 42.35), LINESTRING(-122.41 37.77, -122.42 37.78, -122.43 37.79), LINESTRING(-87.62 41.87, -87.63 41.87)",line
shape,"LINESTRING(-95.36 29.76, -95.37 29.75), LINESTRING(-80.19 25.76, -80.20 25.76, -80.21 25.77), LINESTRING(-118.24 34.05, -118.25 34.06)",line
line_geom,"LINESTRING(-104.99 39.74, -104.98 39.75), LINESTRING(-112.07 33.45, -112.07 33.46, -112.08 33.46), LINESTRING(-84.38 33.74, -84.39 33.75, -84.40 33.76)",line
geom,"LINESTRING(-87.6298 41.8781, -87.6350 41.8790), LINESTRING(-122.4194 37.7749, -122.4250 37.7751, -122.4280 37.7710), LINESTRING(-80.1918 25.7617, -80.2000 25.7617, -80.2050 25.7700)",line
wkt_line,"LINESTRING(-104.9903 39.7392, -104.9905 39.7420, -104.9910 39.7455), LINESTRING(-96.8089 32.7792, -96.7900 32.7792), LINESTRING(-78.6382 35.7796, -78.6400 35.7810, -78.6415 35.7825)",line
shape,"LINESTRING(-68.1352 44.3876, -68.1360 44.3870, -68.1365 44.3878), LINESTRING(-112.0740 33.4484, -112.0740 33.5000, -112.0740 33.5500), LINESTRING(-122.3321 47.6062, -122.3300 47.6080, -122.3280 47.6075, -122.3260 47.6090)",line
wkt_geometry,"LINESTRING(-104.990 39.740, -104.992 39.741, -104.994 39.742), LINESTRING(-98.50 38.50, -98.55 38.50), LINESTRING(-82.55 35.60, -82.56 35.61, -82.55 35.62)",line
line_shape,"LINESTRING(-97.75 30.25, -97.74 30.26, -97.73 30.25), LINESTRING(-80.10 25.77, -80.11 25.79), LINESTRING(-121.50 38.58, -121.50 38.68, -121.50 38.78)",line
centerline,"LINESTRING(-112.074 33.448, -112.074 33.458), LINESTRING(-122.33 47.61, -122.335 47.615, -122.332 47.618), LINESTRING(-89.50 40.00, -89.60 40.05, -89.70 40.10)",line
line_wkt,"LINESTRING(-74.0060 40.7128, -74.0070 40.7138, -74.0080 40.7148), LINESTRING(-118.2437 34.0522, -118.2537 34.0522), LINESTRING(-95.3698 29.7604, -95.3712 29.7621, -95.3724 29.7645, -95.3730 29.7660)",line
route_geometry,"LINESTRING(-87.6298 41.8781, -87.6315 41.8781, -87.6332 41.8781), LINESTRING(-122.3321 47.6062, -122.3321 47.6082, -122.3321 47.6102), LINESTRING(-84.3880 33.7490, -84.3980 33.7550)",line
path_linestring,"LINESTRING(-104.9903 39.7392, -104.9913 39.7382), LINESTRING(-71.0589 42.3601, -71.0599 42.3611, -71.0609 42.3621, -71.0619 42.3631, -71.0629 42.3641), LINESTRING(-77.0369 38.9072, -77.0360 38.9082)",line
shape,"LINESTRING(-87.6298 41.8781, -87.6298 41.8795), LINESTRING(-122.4194 37.7749, -122.4210 37.7752, -122.4215 37.7768), LINESTRING(-80.1918 25.7743, -80.1925 25.7750, -80.1930 25.7745)",line
wkt_line,"LINESTRING(-96.7970 32.7767, -96.8050 32.7767), LINESTRING(-104.9903 39.7392, -104.9880 39.7400, -104.9875 39.7415), LINESTRING(-71.0589 42.3601, -71.0601 42.3612, -71.0615 42.3620)",line
centerline,"LINESTRING(-122.3321 47.6062, -122.3321 47.6088), LINESTRING(-83.0011 39.9612, -82.9990 39.9625, -82.9975 39.9630), LINESTRING(-111.5472 39.3210, -111.5480 39.3225, -111.5491 39.3233)",line
shape,"LINESTRING(-122.4194 37.7749, -122.4251 37.7802), LINESTRING(-74.0060 40.7128, -73.9950 40.7228, -73.9850 40.7328), LINESTRING(-95.3698 29.7604, -95.3750 29.7650, -95.3800 29.7700)",line
line_geom,"LINESTRING(-118.2437 34.0522, -118.2500 34.0500, -118.2550 34.0480), LINESTRING(-87.6298 41.8781, -87.6350 41.8881), LINESTRING(-71.0589 42.3601, -71.0689 42.3621, -71.0789 42.3641, -71.0889 42.3661)",line
wkt_line,"LINESTRING(-84.3880 33.7490, -84.3980 33.7590), LINESTRING(-122.3321 47.6062, -122.3325 47.6162, -122.3330 47.6262), LINESTRING(-97.7431 30.2672, -97.7435 30.2772)",line
wkt_linestring,"LINESTRING(-87.62 41.87, -87.63 41.88, -87.63 41.89), LINESTRING(-122.41 37.77, -122.42 37.78, -122.43 37.78, -122.44 37.79), LINESTRING(-81.38 28.54, -81.39 28.55)",line
shape,"LINESTRING(-71.05 42.36, -71.06 42.36, -71.07 42.37), LINESTRING(-104.99 39.73, -104.99 39.74, -105.00 39.75), LINESTRING(-97.74 30.26, -97.75 30.27, -97.74 30.28)",line
route_geometry,"LINESTRING(-80.50 38.10, -80.51 38.11, -80.52 38.10, -80.53 38.11), LINESTRING(-122.33 47.60, -122.33 47.61, -122.34 47.62, -122.34 47.63), LINESTRING(-149.90 61.21, -149.88 61.22, -149.86 61.21)",line
wkt_line,"LINESTRING(-87.6298 41.8781, -86.1581 39.7684, -90.1994 38.6270), LINESTRING(-122.3321 47.6062, -122.6750 45.5051, -122.4194 37.7749), LINESTRING(-84.3880 33.7490, -80.1918 25.7617)",line
shape,"LINESTRING(-104.9903 39.7392, -107.5 40.1, -111.8910 40.7608, -116.2146 43.6187), LINESTRING(-97.7431 30.2672, -97.7512 30.2685), LINESTRING(-77.0369 38.9072, -75.1652 39.9526, -74.0060 40.7128, -71.0589 42.3601)",line
line_geometry,"LINESTRING(-81.3792 28.5383, -81.35 28.45, -81.40 28.35, -81.33 28.25), LINESTRING(-101.5 39.0, -96.5 39.0), LINESTRING(-110.5885 44.4280, -110.7 44.6, -110.5 44.8, -110.3 44.9)",line
wkt_line,"LINESTRING(-71.0589 42.3601, -71.0633 42.3615, -71.0650 42.3622), LINESTRING(-122.4194 37.7749, -122.4085 37.7852, -122.3942 37.7954), LINESTRING(-96.7970 32.7767, -96.8080 32.7800)",line
road_segment,"LINESTRING(-87.6298 41.8781, -87.6350 41.8781, -87.6350 41.8800), LINESTRING(-80.1918 25.7617, -80.2050 25.7742), LINESTRING(-104.9903 39.7392, -104.9915 39.7420, -104.9890 39.7455)",line
path_geom,"LINESTRING(-122.3321 47.6062, -122.3300 47.6100, -122.3285 47.6150), LINESTRING(-90.1994 38.6270, -90.2100 38.6255, -90.2205 38.6240), LINESTRING(-112.0740 33.4484, -111.9740 33.5484)",line
shape,"LINESTRING(-87.62 41.87, -87.63 41.88, -87.63 41.89), LINESTRING(-122.4 37.7, -122.1 37.4, -119.5 36.6, -118.2 34.1), LINESTRING(-91.1 30.4, -91.12 30.41, -91.14 30.40, -91.15 30.39)",line
line_feature,"LINESTRING(-74.00 40.71, -73.99 40.72), LINESTRING(-105.0 41.0, -105.5 41.0, -106.0 41.0), LINESTRING(-121.75 46.85, -121.76 46.86, -121.77 46.85, -121.78 46.84)",line
wkt_linestring,"LINESTRING(-80.19 25.76, -80.22 25.86, -80.25 25.96), LINESTRING(-97.74 30.26, -96.79 32.77), LINESTRING(-111.9 33.4, -111.8 33.4, -111.7 33.4, -111.6 33.4)",line
shape,"LINESTRING(-87.62 41.87, -86.15 39.76, -83.00 39.96), LINESTRING(-118.24 34.05, -118.50 34.10, -119.70 34.42), LINESTRING(-80.19 25.76, -81.37 28.53)",line
wkt_geometry,"LINESTRING(-122.65 45.52, -122.40 45.60, -122.03 45.61, -121.85 45.66), LINESTRING(-71.05 42.36, -71.41 41.82, -72.92 41.30), LINESTRING(-95.36 29.76, -97.74 30.26, -98.49 29.42)",line
line_feature,"LINESTRING(-104.99 39.73, -105.27 40.01), LINESTRING(-80.5 37.5, -80.4 37.6, -80.55 37.7, -80.45 37.8, -80.6 37.9), LINESTRING(-112.07 33.45, -111.93 33.46, -111.80 33.48)",line
path_wkt,"LINESTRING(-122.4194 37.7749, -122.4250 37.7751, -122.4300 37.7755), LINESTRING(-97.7431 30.2672, -97.7455 30.2700, -97.7480 30.2725), LINESTRING(-80.1918 25.7743, -80.2100 25.7750)",line
road_centerline,"LINESTRING(-87.6298 41.8781, -87.6298 41.8800, -87.6295 41.8821, -87.6290 41.8845), LINESTRING(-105.5217 39.7200, -105.5230 39.7215, -105.5255 39.7210, -105.5280 39.7205), LINESTRING(-71.0589 42.3601, -71.0612 42.3615, -71.0630 42.3630)",line
route_shape,"LINESTRING(-112.0740 33.4484, -112.0740 33.4500, -112.0765 33.4510, -112.0790 33.4510), LINESTRING(-122.3321 47.6062, -122.3350 47.6088), LINESTRING(-82.5515 35.5952, -82.5530 35.5970, -82.5545 35.5985, -82.5560 35.6000)",line
wkt_line,"LINESTRING(-87.6278 41.8781, -87.6295 41.8781), LINESTRING(-105.5467 40.3772, -105.5501 40.3789, -105.5520 40.3805), LINESTRING(-81.3792 28.5383, -81.3790 28.5400, -81.3788 28.5415)",line
shape,"LINESTRING(-122.4783 37.8199, -122.4779 37.8205, -122.4775 37.8211), LINESTRING(-96.7970 32.7767, -96.8500 32.7790, -96.9030 32.7813), LINESTRING(-82.2566 35.6117, -82.2590 35.6105, -82.2614 35.6093, -82.2638 35.6081)",line
line_geometry,"LINESTRING(-71.1097 42.3736, -71.1097 42.3750), LINESTRING(-99.7821 41.1239, -100.0000 41.1250, -100.2179 41.1261), LINESTRING(-149.8937 61.2181, -149.8937 61.2281, -149.8937 61.2381)",line
shape,"LINESTRING(-88.12 40.45, -87.55 40.81, -86.91 41.03), LINESTRING(-122.41 37.77, -122.33 39.52, -123.08 44.94), LINESTRING(-79.05 35.91, -78.64 36.55, -77.43 37.54)",line
wkt_line,"LINESTRING(-97.74 30.26, -96.79 32.77), LINESTRING(-105.27 40.01, -105.52 40.24, -105.81 40.15, -106.05 40.48), LINESTRING(-81.37 28.53, -81.65 28.37, -82.45 27.95)",line
path_geom,"LINESTRING(-122.65 45.51, -122.78 45.59, -122.99 45.71), LINESTRING(-71.06 42.36, -71.38 42.35, -71.72 42.26), LINESTRING(-112.07 33.44, -111.92 33.49)",line
wkt_line,"LINESTRING(-122.33 47.61, -122.34 47.62), LINESTRING(-74.0 40.7, -74.1 40.7, -74.1 40.8), LINESTRING(-87.62 41.88, -87.63 41.88, -87.64 41.89, -87.65 41.90)",line
line_geom,"LINESTRING(-95.36 29.76, -95.37 29.77), LINESTRING(-118.24 34.05, -118.25 34.05, -118.25 34.06), LINESTRING(-84.39 33.75, -84.39 33.76, -84.40 33.76, -84.40 33.77, -84.41 33.78)",line
road_centerline,"LINESTRING(-104.99 39.74, -104.98 39.75), LINESTRING(-71.06 42.36, -71.07 42.36), LINESTRING(-121.88 37.33, -121.89 37.33, -121.90 37.34)",line
geom,"LINESTRING(-122.4194 37.7749, -122.4180 37.7755), LINESTRING(-105.5217 39.9948, -105.5225 39.9952, -105.5230 39.9945), LINESTRING(-97.7431 30.2672, -97.7420 30.2665)",line
wkt_line,"LINESTRING(-81.3792 28.5383, -81.3780 28.5390, -81.3775 28.5395), LINESTRING(-122.3321 47.6062, -122.3305 47.6078), LINESTRING(-68.7813 44.8016, -68.7800 44.8020, -68.7795 44.8015)",line
road_segment,"LINESTRING(-87.6298 41.8781, -87.6285 41.8781), LINESTRING(-82.5515 35.5952, -82.5520 35.5960, -82.5510 35.5965), LINESTRING(-112.0740 33.4484, -111.9740 33.4484)",line
line_geom,"LINESTRING(-87.62 41.87, -87.92 43.03), LINESTRING(-118.24 34.05, -121.89 36.60, -122.41 37.77), LINESTRING(-80.19 25.76, -81.37 28.53)",line
wkt_linestring,"LINESTRING(-104.99 39.73, -105.27 40.01, -106.37 39.64), LINESTRING(-97.74 30.26, -96.33 29.85, -95.36 29.76), LINESTRING(-75.16 39.95, -76.88 40.27)",line
shape,"LINESTRING(-122.33 47.60, -122.52 47.62), LINESTRING(-111.05 31.33, -111.50 31.33, -112.80 31.45), LINESTRING(-84.38 33.74, -84.39 33.75, -84.38 33.76)",line
line_geom,"LINESTRING(-87.63 41.88, -87.91 43.04), LINESTRING(-118.24 34.05, -119.02 35.37, -119.77 36.74), LINESTRING(-79.99 40.44, -80.05 40.50, -80.10 40.48)",line
wkt_line,"LINESTRING(-104.99 39.74, -111.89 40.76), LINESTRING(-80.19 25.76, -80.14 26.12, -80.20 26.15), LINESTRING(-112.07 33.45, -112.10 33.45, -112.10 33.50)",line
route_shape,"LINESTRING(-97.74 30.27, -97.64 30.27), LINESTRING(-73.99 40.73, -73.99 40.74, -73.98 40.75), LINESTRING(-122.33 47.61, -122.35 47.65, -122.38 47.70, -122.40 47.72)",line
wkt_line,"LINESTRING(-97.74 30.26, -97.75 30.27, -97.75 30.28), LINESTRING(-122.41 37.77, -122.42 37.77), LINESTRING(-71.06 42.36, -71.07 42.36, -71.07 42.37)",line
shape,"LINESTRING(-87.62 41.87, -87.62 41.88, -87.63 41.89), LINESTRING(-118.24 34.05, -118.24 34.06, -118.25 34.07, -118.25 34.08), LINESTRING(-84.39 33.75, -84.39 33.76)",line
linestring,"LINESTRING(-104.99 39.73, -104.99 39.74), LINESTRING(-122.33 47.60, -122.33 47.61, -122.34 47.61), LINESTRING(-95.36 29.76, -95.37 29.76, -95.38 29.77)",line
line_geom,"LINESTRING(-87.62 41.88, -87.63 41.89), LINESTRING(-122.41 37.77, -122.42 37.76, -122.43 37.75), LINESTRING(-90.07 29.95, -90.08 29.96, -90.09 29.97)",line
shape,"LINESTRING(-80.19 25.77, -80.20 25.79), LINESTRING(-104.99 39.74, -104.98 39.745, -104.97 39.75), LINESTRING(-122.33 47.61, -122.34 47.615, -122.35 47.62, -122.36 47.625)",line
wkt_linestring,"LINESTRING(-71.06 42.36, -71.07 42.35), LINESTRING(-96.80 32.78, -96.79 32.79), LINESTRING(-112.07 33.45, -112.08 33.46, -112.09 33.47, -112.10 33.48)",line
wkt_linestring,"LINESTRING(-87.6294 41.8781, -87.6321 41.8782), LINESTRING(-105.2705 39.9984, -105.2710 40.0015, -105.2715 40.0040), LINESTRING(-81.3787 28.5383, -81.3795 28.5399, -81.3801 28.5410)",line
shape,"LINESTRING(-122.4194 37.7749, -122.4250 37.7751), LINESTRING(-96.7970 32.7767, -96.8000 32.7800, -96.8030 32.7833), LINESTRING(-122.3321 47.6062, -122.3350 47.6063, -122.3375 47.6064)",line
line_geometry,"LINESTRING(-110.5885 44.4280, -110.5890 44.4295, -110.5895 44.4310), LINESTRING(-73.9851 40.7580, -73.9875 40.7610), LINESTRING(-112.0740 33.4484, -112.0740 33.4584, -112.0740 33.4684)",line
line_geometry,"LINESTRING(-122.41 37.77, -122.40 37.76, -122.39 37.75), LINESTRING(-103.5 41.2, -101.1 41.3, -98.7 41.1, -96.2 41.0), LINESTRING(-81.87 26.64, -81.85 26.65)",line
path_wkt,"LINESTRING(-73.965 40.782, -73.960 40.785, -73.958 40.789), LINESTRING(-122.8 45.6, -122.9 45.7, -123.1 45.8, -123.3 45.7), LINESTRING(-105.58 40.35, -105.59 40.36, -105.60 40.35)",line
road_centerline,"LINESTRING(-87.6298 41.8781, -87.6298 41.8881), LINESTRING(-97.74 30.26, -97.75 30.27, -97.74 30.28), LINESTRING(-111.5 34.8, -111.6 34.9, -111.7 35.0, -111.8 35.1)",line
wkt_line,"LINESTRING(-122.4194 37.7749, -122.4089 37.7854), LINESTRING(-105.051 39.742, -105.043 39.765, -105.035 39.771), LINESTRING(-97.7431 30.2672, -97.8222 30.3072)",line
line_geom,"LINESTRING(-93.6213 41.5868, -87.6298 41.8781), LINESTRING(-81.5158 26.6406, -81.5159 26.6420, -81.5160 26.6435, -81.5161 26.6450), LINESTRING(-69.7795 44.3106, -69.7750 44.3150, -69.7700 44.3200, -69.7650 44.3250)",line
centerline,"LINESTRING(-77.0369 38.9072, -75.1652 39.9526), LINESTRING(-121.7604 46.8529, -121.7650 46.8550, -121.7700 46.8580, -121.7750 46.8610, -121.7800 46.8640), LINESTRING(-112.0740 33.4484, -111.9742 33.4253, -111.9245 33.4158)",line
line_geometry,"LINESTRING(-81.7826 24.5551, -81.5000 24.6500, -81.2500 24.7500), LINESTRING(-103.0022 32.0000, -98.5000 31.5000), LINESTRING(-68.2733 44.3876, -68.3000 44.3500, -68.3500 44.3000)",line
wkt_line,"LINESTRING(-87.6232 41.8818, -87.6232 41.9000), LINESTRING(-121.4944 38.5816, -121.5000 38.7000, -121.5100 38.8500), LINESTRING(-104.9903 39.7392, -104.9800 39.7450)",line
shape,"LINESTRING(-122.3328 47.6061, -122.1215 47.6670), LINESTRING(-91.1871 30.4583, -91.1900 30.4600, -91.2000 30.4650), LINESTRING(-73.7552 41.2754, -73.4835 41.2750)",line
line_geometry,"LINESTRING(-74.01 40.71, -74.00 40.72, -73.99 40.71), LINESTRING(-118.25 34.05, -118.25 34.06, -118.26 34.07, -118.27 34.06), LINESTRING(-87.63 41.88, -87.64 41.88)",line
wkt_line,"LINESTRING(-95.36 29.76, -95.37 29.77), LINESTRING(-71.06 42.36, -71.07 42.36, -71.08 42.37), LINESTRING(-122.33 47.61, -122.34 47.62, -122.33 47.63)",line
road_centerline,"LINESTRING(-84.39 33.75, -84.39 33.76, -84.40 33.77), LINESTRING(-104.99 39.74, -104.98 39.74), LINESTRING(-77.03 38.90, -77.04 38.91, -77.05 38.90, -77.06 38.89)",line
wkt_line,"LINESTRING(-118.2437 34.0522, -118.2500 34.0522), LINESTRING(-73.985130 40.758896, -73.9850 40.7590, -73.9848 40.7592), LINESTRING(-95.3698 29.7604, -95.3700 29.7650, -95.3702 29.7700)",line
road_centerline,"LINESTRING(-87.6298 41.8781, -87.6350 41.8781, -87.6400 41.8781), LINESTRING(-122.3321 47.6062, -122.3321 47.6162), LINESTRING(-71.0589 42.3601, -71.0600 42.3615, -71.0612 42.3629)",line
path_geom,"LINESTRING(-104.9903 39.7392, -104.9925 39.7405, -104.9950 39.7420), LINESTRING(-84.3880 33.7490, -84.3980 33.7490), LINESTRING(-121.8863 37.3382, -121.8800 37.3350, -121.8750 37.3325)",line
shape,"LINESTRING(-87.6298 41.8781, -87.6315 41.8781, -87.6315 41.8790), LINESTRING(-122.4194 37.7749, -122.4210 37.7752, -122.4233 37.7768, -122.4250 37.7780), LINESTRING(-80.1918 25.7617, -80.1328 25.7743)",line
wkt_linestring,"LINESTRING(-122.6765 45.5231, -122.6780 45.5255, -122.6792 45.5278), LINESTRING(-105.5216 39.7392, -105.5230 39.7401, -105.5245 39.7395), LINESTRING(-97.7431 30.2672, -97.8431 30.3672, -97.9431 30.4672)",line
path,"LINESTRING(-73.9654 40.7829, -73.9631 40.7850), LINESTRING(-112.0740 33.4484, -112.0740 33.4584, -112.0760 33.4684), LINESTRING(-77.0369 38.9072, -77.0352 38.8977, -77.0320 38.8895)",line
shape,"LINESTRING(-122.4 37.7, -122.3 37.8), LINESTRING(-87.6 41.8, -87.7 41.85, -87.6 41.9), LINESTRING(-80.1 25.7, -80.2 25.8)",line
wkt_line,"LINESTRING(-71.05 42.36, -71.06 42.35), LINESTRING(-97.7 30.2, -97.75 30.25, -97.8 30.3), LINESTRING(-118.2 34.0, -118.3 34.1)",line
centerline,"LINESTRING(-104.99 39.74, -104.98 39.75), LINESTRING(-122.3 47.6, -122.31 47.61, -122.32 47.62, -122.33 47.63), LINESTRING(-73.98 40.75, -73.99 40.76)",line
line_geom,"LINESTRING(-95.3698 29.7604, -95.3750 29.7602), LINESTRING(-118.2437 34.0522, -118.2445 34.0560, -118.2453 34.0598), LINESTRING(-73.9851 40.7580, -73.9840 40.7591, -73.9830 40.7602)",line
wkt_linestring,"LINESTRING(-84.3880 33.7490, -84.3900 33.7495), LINESTRING(-122.6750 45.5051, -122.6750 45.5151, -122.6780 45.5151), LINESTRING(-104.9903 39.7392, -104.9925 39.7401, -104.9947 39.7410)",line
path_wkt,"LINESTRING(-77.0369 38.9072, -77.0369 38.9172), LINESTRING(-90.0715 29.9511, -90.0700 29.9525, -90.0685 29.9539), LINESTRING(-117.1611 32.7157, -117.1590 32.7160, -117.1570 32.7163, -117.1550 32.7166)",line
line_wkt,"LINESTRING(-97.74 30.26, -97.75 30.27, -97.76 30.28), LINESTRING(-122.33 47.60, -122.34 47.61, -122.35 47.62, -122.36 47.63), LINESTRING(-73.98 40.75, -73.99 40.76)",line
road_segment,"LINESTRING(-118.24 34.05, -118.25 34.04), LINESTRING(-87.62 41.88, -87.63 41.87, -87.64 41.86), LINESTRING(-84.38 33.74, -84.39 33.75, -84.40 33.76, -84.41 33.77, -84.42 33.78)",line
path_geom,"LINESTRING(-104.99 39.73, -104.98 39.74, -104.97 39.75), LINESTRING(-80.19 25.76, -80.20 25.77), LINESTRING(-111.97 40.76, -111.96 40.75, -111.95 40.74)",line
centerline_geom,"LINESTRING(-97.7431 30.2672, -97.7445 30.2680), LINESTRING(-118.2437 34.0522, -118.2500 34.0522, -118.2550 34.0523), LINESTRING(-73.9851 40.7580, -73.9855 40.7590, -73.9860 40.7600)",line
path_wkt,"LINESTRING(-84.3880 33.7490, -84.3980 33.7590), LINESTRING(-122.6765 45.5231, -122.6780 45.5241, -122.6795 45.5251, -122.6810 45.5261), LINESTRING(-87.6298 41.8781, -87.6298 41.8881)",line
route_linestring,"LINESTRING(-104.9903 39.7392, -104.9903 39.7492, -104.9903 39.7592), LINESTRING(-71.0589 42.3601, -71.0689 42.3601), LINESTRING(-122.3321 47.6062, -122.3328 47.6072, -122.3335 47.6082, -122.3342 47.6092)",line
wkt_line,"LINESTRING(-87.6298 41.8781, -87.6312 41.8781), LINESTRING(-98.4936 29.4241, -98.4950 29.4255, -98.4965 29.4268), LINESTRING(-122.3321 47.6062, -122.3350 47.6089)",line
line_geometry,"LINESTRING(-104.9903 39.7392, -104.9900 39.7398, -104.9895 39.7405, -104.9890 39.7420), LINESTRING(-81.3792 28.5383, -81.4792 28.5383), LINESTRING(-69.7654 44.3106, -69.7650 44.3115, -69.7645 44.3123)",line
road_centerline,"LINESTRING(-122.4194 37.7749, -122.4210 37.7752, -122.4225 37.7758, -122.4240 37.7765), LINESTRING(-96.5011 41.1234, -97.5011 41.1234), LINESTRING(-91.1871 30.4583, -91.1865 30.4570, -91.1858 30.4560, -91.1850 30.4550)",line
shape,"LINESTRING(-87.6298 41.8781, -87.6350 41.8781, -87.6350 41.8800), LINESTRING(-119.5383 37.8651, -119.5401 37.8662, -119.5425 37.8670), LINESTRING(-97.7431 30.2672, -97.7500 30.2705)",line
wkt_linestring,"LINESTRING(-80.1918 25.7617, -80.2000 25.7700, -80.2105 25.7850, -80.2210 25.7990), LINESTRING(-105.01 39.0, -105.01 39.5), LINESTRING(-82.5515 35.5952, -82.5530 35.6000, -82.5500 35.6012, -82.5485 35.6055)",line
path,"LINESTRING(-122.3321 47.6062, -122.3350 47.6080, -122.3380 47.6075), LINESTRING(-73.9855 40.7580, -73.9818 40.7628, -73.9772 40.7654), LINESTRING(-112.0740 33.4484, -112.1000 33.4500)",line
line_geom,"LINESTRING(-87.6298 41.8781, -87.9065 43.0389), LINESTRING(-118.4965 34.0194, -119.6982 34.4208, -120.6583 35.2828), LINESTRING(-72.5754 44.2601, -72.5799 44.2655, -72.5831 44.2690)",line
wkt_line,"LINESTRING(-105.0 41.0, -105.5 41.0, -106.0 41.0), LINESTRING(-80.2105 25.7743, -80.2115 25.7750, -80.2100 25.7761), LINESTRING(-95.3698 29.7604, -96.7970 32.7767)",line
boundary_line,"LINESTRING(-112.0351 46.5928, -112.0351 46.6012, -112.0299 46.6012), LINESTRING(-82.5515 35.5952, -82.5540 35.5980, -82.5571 35.6001, -82.5600 35.6015), LINESTRING(-98.4833 38.5000, -98.4833 38.5500)",line
multi_linestring,"MULTILINESTRING((-122.4 37.7, -122.41 37.75), (-122.3 37.8, -122.31 37.81)), MULTILINESTRING((-81.5 28.5, -81.55 28.52), (-81.6 28.6, -81.62 28.63)), MULTILINESTRING((-88.1 42.1, -88.15 42.15, -88.2 42.2), (-88.0 42.0, -88.05 42.05))",multi-line
pathways,"MULTILINESTRING((-122.33 47.6, -122.34 47.61, -122.35 47.62), (-122.30 47.58, -122.29 47.57)), MULTILINESTRING((-72.5 42.1, -72.55 42.12), (-72.6 42.2, -72.65 42.22, -72.7 42.25)), MULTILINESTRING((-96.80 32.78, -96.79 32.79), (-96.82 32.77, -96.83 32.76))",multi-line
route_geometry,"MULTILINESTRING((-105.0 39.7, -105.1 39.75), (-104.9 39.8, -104.8 39.85)), MULTILINESTRING((-84.38 33.75, -84.39 33.76, -84.40 33.77), (-84.5 33.8, -84.51 33.81)), MULTILINESTRING((-112.07 33.45, -112.08 33.46), (-112.1 33.5, -112.11 33.51, -112.12 33.52))",multi-line
route_geom,"MULTILINESTRING((-87.6 41.8, -87.7 41.9), (-90.2 38.6, -90.3 38.7, -90.4 38.5)), MULTILINESTRING((-122.3 47.6, -122.4 47.5), (-122.6 45.5, -122.7 45.6)), MULTILINESTRING((-80.2 25.8, -80.3 25.9), (-84.4 33.7, -84.5 33.8), (-80.8 35.2, -80.9 35.3))",multi-line
path_segments,"MULTILINESTRING((-95.3 29.7, -95.4 29.8, -95.5 29.9), (-96.8 32.8, -96.9 32.7)), MULTILINESTRING((-104.9 39.7, -105.0 39.8), (-111.9 40.7, -112.0 40.6, -111.8 40.5)), MULTILINESTRING((-71.06 42.36, -71.07 42.35), (-72.68 41.76, -72.69 41.77))",multi-line
multiline_shape,"MULTILINESTRING((-122.42 37.77, -122.43 37.78), (-118.24 34.05, -118.25 34.06, -118.26 34.07)), MULTILINESTRING((-75.16 39.95, -74.95 40.05), (-73.75 41.03, -73.55 41.12)), MULTILINESTRING((-112.07 33.45, -112.08 33.46), (-110.97 32.22, -110.98 32.23), (-111.65 35.19, -111.66 35.20))",multi-line
path_segments,"MULTILINESTRING((-122.4 37.7, -122.3 37.8), (-115.1 36.1, -115.2 36.2)), MULTILINESTRING((-97.7 30.2, -97.7 30.3, -97.8 30.3), (-97.6 30.1, -97.5 30.1)), MULTILINESTRING((-81.6 27.9, -81.7 28.0), (-84.3 33.7, -84.4 33.8))",multi-line
road_network,"MULTILINESTRING((-87.6 41.8, -87.7 41.8, -87.7 41.9), (-87.6 41.8, -87.6 41.7)), MULTILINESTRING((-122.3 47.6, -122.3 47.7, -122.2 47.7), (-122.6 45.5, -122.7 45.5)), MULTILINESTRING((-71.0 42.3, -71.1 42.35), (-72.6 41.7, -72.7 41.7), (-71.05 42.32, -71.06 42.33))",multi-line
route_geom,"MULTILINESTRING((-104.9 39.7, -105.0 39.7), (-105.0 39.71, -104.9 39.71)), MULTILINESTRING((-122.4 37.8, -122.45 37.85), (-122.3 37.7, -122.35 37.75)), MULTILINESTRING((-111.8 34.8, -111.8 34.9, -111.9 34.95), (-111.8 34.9, -111.7 34.95))",multi-line
multiline_shape,"MULTILINESTRING((-87.62 41.87, -87.63 41.88), (-122.33 47.60, -122.34 47.61, -122.35 47.62)), MULTILINESTRING((-71.05 42.36, -71.06 42.37), (-71.10 42.40, -71.11 42.41)), MULTILINESTRING((-97.74 30.26, -97.75 30.27), (-90.07 29.95, -90.08 29.96))",multi-line
wkt_multiline,"MULTILINESTRING((-105.5 39.7, -105.6 39.8), (-106.1 40.1, -106.2 40.2)), MULTILINESTRING((-81.37 28.53, -81.38 28.54), (-82.45 27.95, -82.46 27.96)), MULTILINESTRING((-118.24 34.05, -118.34 34.06), (-122.41 37.77, -122.42 37.78))",multi-line
route_geometry,"MULTILINESTRING((-112.07 33.44, -112.08 33.45), (-112.10 33.50, -112.11 33.51)), MULTILINESTRING((-122.45 47.65, -122.46 47.66), (-122.50 47.70, -122.52 47.72)), MULTILINESTRING((-84.15 34.7, -84.16 34.71), (-83.4 35.5, -83.42 35.52))",multi-line
routes_wkt,"MULTILINESTRING((-87.62 41.88, -87.65 41.90), (-87.63 41.85, -87.63 41.82)), MULTILINESTRING((-118.25 34.05, -118.30 34.05, -118.30 34.08), (-118.22 34.10, -118.24 34.12)), MULTILINESTRING((-95.36 29.76, -95.40 29.75), (-95.38 29.80, -95.42 29.81), (-95.35 29.70, -95.35 29.73))",multi-line
street_segments,"MULTILINESTRING((-71.06 42.36, -71.08 42.35), (-71.07 42.37, -71.09 42.36)), MULTILINESTRING((-104.99 39.74, -104.99 39.76), (-104.98 39.74, -104.98 39.76)), MULTILINESTRING((-80.19 25.77, -80.22 25.78), (-80.20 25.80, -80.23 25.81, -80.25 25.80))",multi-line
pipeline_network,"MULTILINESTRING((-97.52 35.47, -97.60 35.50), (-97.55 35.45, -97.62 35.48)), MULTILINESTRING((-122.33 47.61, -122.35 47.62), (-122.30 47.58, -122.32 47.59, -122.34 47.57)), MULTILINESTRING((-90.07 29.95, -90.10 29.98), (-90.10 29.98, -90.12 30.00), (-90.10 29.98, -90.08 30.01))",multi-line
wkt_multiline,"MULTILINESTRING((-90.1 38.6, -90.2 38.7, -90.3 38.6), (-89.5 39.8, -89.6 39.9)), MULTILINESTRING((-122.4 47.6, -122.3 47.5), (-122.0 47.7, -121.9 47.8), (-122.5 47.4, -122.6 47.3)), MULTILINESTRING((-81.1 28.5, -81.2 28.6), (-80.2 25.8, -80.3 25.9, -80.4 25.8, -80.5 25.7))",multi-line
line_features,"MULTILINESTRING((-97.7 30.2, -97.8 30.3, -97.7 30.4), (-96.8 32.8, -96.9 32.9)), MULTILINESTRING((-105.0 39.7, -105.1 39.8, -105.2 39.9, -105.3 39.8), (-104.8 40.1, -104.7 40.2)), MULTILINESTRING((-118.2 34.0, -118.3 34.1), (-121.5 38.5, -121.4 38.6), (-117.2 32.7, -117.1 32.8))",multi-line
route_geometry,"MULTILINESTRING((-71.06 42.35, -71.10 42.36, -71.12 42.34), (-72.68 41.76, -72.70 41.77)), MULTILINESTRING((-122.67 45.52, -122.65 45.53, -122.68 45.51), (-123.03 44.94, -122.99 44.92)), MULTILINESTRING((-84.38 33.74, -84.40 33.75, -84.42 33.76), (-86.78 36.16, -86.80 36.17))",multi-line
route_segments,"MULTILINESTRING((-118.25 34.05, -118.30 34.10), (-118.35 34.15, -118.40 34.20)), MULTILINESTRING((-97.74 30.26, -97.75 30.27, -97.76 30.28), (-97.80 30.30, -97.81 30.31)), MULTILINESTRING((-84.38 33.74, -84.39 33.75), (-84.40 33.76, -84.41 33.77))",multi-line
waterways,"MULTILINESTRING((-90.07 29.95, -90.08 29.96, -90.09 29.97), (-90.15 30.00, -90.16 30.01)), MULTILINESTRING((-122.33 47.60, -122.34 47.61), (-122.35 47.62, -122.36 47.63, -122.37 47.64)), MULTILINESTRING((-76.61 39.29, -76.62 39.30), (-76.63 39.31, -76.64 39.32))",multi-line
transit_lines,"MULTILINESTRING((-87.62 41.87, -87.63 41.88, -87.64 41.89), (-87.65 41.90, -87.66 41.91)), MULTILINESTRING((-112.07 33.44, -112.08 33.45), (-112.09 33.46, -112.10 33.47)), MULTILINESTRING((-71.05 42.36, -71.06 42.35), (-71.07 42.34, -71.08 42.33))",multi-line
route_geometry,"MULTILINESTRING((-97.7 30.2, -97.71 30.21), (-97.8 30.3, -97.81 30.31)), MULTILINESTRING((-122.4 47.6, -122.5 47.7), (-122.6 47.8, -122.7 47.9)), MULTILINESTRING((-87.6 41.8, -87.65 41.85, -87.7 41.9))",multi-line
shape,"MULTILINESTRING((-118.2 34.0, -118.21 34.01), (-118.3 34.1, -118.31 34.11)), MULTILINESTRING((-71.0 42.3, -71.1 42.3, -71.2 42.4), (-71.3 42.5, -71.4 42.6)), MULTILINESTRING((-104.9 39.7, -104.91 39.71))",multi-line
wkt_multiline,"MULTILINESTRING((-95.3 29.7, -95.31 29.71, -95.32 29.72), (-95.4 29.8, -95.41 29.81)), MULTILINESTRING((-84.3 33.7, -84.35 33.75)), MULTILINESTRING((-112.0 33.4, -112.1 33.5), (-111.9 33.6, -111.8 33.7))",multi-line
wkt_multiline,"MULTILINESTRING((-122.41 37.77, -122.42 37.78, -122.43 37.77), (-122.40 37.80, -122.41 37.81)), MULTILINESTRING((-97.74 30.26, -97.75 30.27), (-97.73 30.28, -97.74 30.29, -97.75 30.29, -97.76 30.30)), MULTILINESTRING((-81.65 29.90, -81.66 29.91, -81.67 29.92), (-81.60 29.85, -81.61 29.86, -81.62 29.87, -81.63 29.88))",multi-line
route_geometry,"MULTILINESTRING((-87.62 41.87, -87.62 41.88, -87.62 41.89), (-87.63 41.88, -87.64 41.88, -87.65 41.88)), MULTILINESTRING((-105.27 39.99, -105.28 40.00), (-105.25 40.01, -105.26 40.02, -105.26 40.03, -105.27 40.04), (-105.29 40.00, -105.29 40.01, -105.30 40.01)), MULTILINESTRING((-79.05 35.91, -79.06 35.92, -79.07 35.93, -79.08 35.94), (-80.00 36.10, -80.01 36.11, -80.02 36.12, -80.03 36.13, -80.04 36.14, -80.05 36.15))",multi-line
feature_shape,"MULTILINESTRING((-98.5 35.5, -98.6 35.5, -98.7 35.6, -98.8 35.6), (-98.5 35.7, -98.6 35.8, -98.7 35.8, -98.8 35.9)), MULTILINESTRING((-71.05 42.36, -71.06 42.36), (-71.07 42.35, -71.08 42.35, -71.09 42.36), (-71.06 42.34, -71.07 42.34)), MULTILINESTRING((-123.0 45.0, -123.1 45.1, -123.1 45.2, -123.2 45.3, -123.2 45.4), (-122.5 45.5, -122.6 45.5, -122.7 45.6, -122.7 45.7, -122.8 45.8))",multi-line
wkt_multilinestring,"MULTILINESTRING((-98.1 38.2, -98.2 38.3, -98.15 38.35), (-98.5 38.5, -98.6 38.6)), MULTILINESTRING((-122.5 45.5, -122.6 45.55), (-122.1 45.1, -122.15 45.15, -122.2 45.1, -122.25 45.05)), MULTILINESTRING((-81.0 28.0, -81.1 28.1, -81.2 28.05), (-81.5 28.5, -81.6 28.55, -81.55 28.6))",multi-line
road_network,"MULTILINESTRING((-118.2 34.0, -118.25 34.05, -118.3 34.0), (-118.1 34.1, -118.15 34.15, -118.2 34.1)), MULTILINESTRING((-97.7 30.3, -97.75 30.35), (-97.71 30.31, -97.76 30.36), (-97.72 30.32, -97.77 30.37)), MULTILINESTRING((-87.6 41.8, -87.7 41.8), (-87.65 41.75, -87.65 41.85))",multi-line
stream_segments,"MULTILINESTRING((-105.1 39.5, -105.15 39.55, -105.1 39.6, -105.2 39.7), (-105.18 39.6, -105.15 39.65, -105.12 39.68)), MULTILINESTRING((-91.2 30.4, -91.25 30.45, -91.3 30.4), (-91.5 30.6, -91.55 30.65, -91.6 30.6)), MULTILINESTRING((-80.5 38.1, -80.55 38.15, -80.6 38.1), (-80.57 38.05, -80.55 38.15, -80.53 38.18))",multi-line
wkt_multiline,"MULTILINESTRING((-122.419 37.774, -122.425 37.780), (-122.430 37.785, -122.435 37.790)), MULTILINESTRING((-97.743 30.267, -97.750 30.270), (-96.797 32.776, -96.800 32.780)), MULTILINESTRING((-87.629 41.878, -87.635 41.880, -87.640 41.882), (-87.650 41.890, -87.655 41.895))",multi-line
street_segments,"MULTILINESTRING((-104.990 39.739, -104.995 39.740), (-104.990 39.739, -104.990 39.745)), MULTILINESTRING((-81.379 28.538, -81.380 28.540), (-81.400 28.550, -81.401 28.551)), MULTILINESTRING((-121.332 47.606, -121.335 47.610, -121.340 47.615), (-121.300 47.620, -121.295 47.625))",multi-line
route_shape,"MULTILINESTRING((-112.074 33.448, -112.075 33.450, -112.080 33.452), (-112.090 33.460, -112.095 33.465)), MULTILINESTRING((-111.500 38.500, -111.510 38.505, -111.520 38.510), (-111.510 38.505, -111.515 38.500)), MULTILINESTRING((-71.058 42.360, -71.060 42.362), (-71.065 42.365, -71.070 42.368, -71.075 42.370))",multi-line
route_shape,"MULTILINESTRING((-87.65 41.88, -87.63 41.89), (-87.65 41.87, -87.63 41.86, -87.62 41.85)), MULTILINESTRING((-118.25 34.05, -118.30 34.06, -118.35 34.07), (-118.24 34.04, -118.29 34.05)), MULTILINESTRING((-81.65 29.90, -81.66 29.88), (-81.50 30.33, -81.52 30.35, -81.54 30.37))",multi-line
wkt_multilines,"MULTILINESTRING((-105.5 39.7, -105.52 39.71), (-105.6 39.8, -105.61 39.82)), MULTILINESTRING((-97.74 30.26, -97.70 30.25), (-96.80 32.77, -96.75 32.79), (-95.36 29.76, -95.38 29.74)), MULTILINESTRING((-122.33 47.60, -122.34 47.61, -122.35 47.62), (-122.30 47.65, -122.31 47.66))",multi-line
path_geometry,"MULTILINESTRING((-71.00 42.36, -71.05 42.40), (-72.68 41.93, -72.70 41.95)), MULTILINESTRING((-112.07 33.44, -112.10 33.45, -112.12 33.46), (-111.9 33.4, -111.95 33.42)), MULTILINESTRING((-120.5 36.5, -120.6 36.6, -120.7 36.7), (-120.0 37.0, -120.1 37.1))",multi-line
wkt_multiline,"MULTILINESTRING((-89.5 40.1, -89.0 40.2, -88.5 40.0), (-86.1 39.7, -86.5 39.9, -86.9 39.6)), MULTILINESTRING((-84.3 33.7, -84.0 33.8), (-86.8 33.5, -87.0 33.4), (-90.1 32.3, -90.5 32.5)), MULTILINESTRING((-122.4 37.7, -122.1 37.4), (-122.6 45.5, -122.8 45.6, -123.0 45.4))",multi-line
shape,"MULTILINESTRING((-81.5 28.5, -81.6 28.5), (-81.5 28.55, -81.6 28.55)), MULTILINESTRING((-95.3 29.7, -95.4 29.7), (-97.7 30.2, -97.8 30.2), (-106.4 31.7, -106.5 31.7)), MULTILINESTRING((-105.0 39.7, -105.1 39.8, -105.2 39.9), (-111.8 40.7, -111.9 40.6))",multi-line
multilinestring_geom,"MULTILINESTRING((-122.3 47.6, -122.31 47.62, -122.32 47.63), (-122.0 47.5, -122.05 47.55)), MULTILINESTRING((-75.16 39.95, -75.17 39.96), (-75.165 39.955, -75.175 39.950, -75.185 39.945)), MULTILINESTRING((-112.0 33.4, -111.9 33.5, -111.8 33.4), (-110.9 32.2, -110.8 32.1))",multi-line
route_geometry,"MULTILINESTRING((-87.62 41.87, -86.95 40.81, -86.15 39.76), (-86.15 39.76, -84.50 39.85, -82.99 39.96)), MULTILINESTRING((-122.41 37.77, -121.88 38.20, -121.49 38.58), (-121.49 38.58, -120.75 38.85, -120.03 39.05)), MULTILINESTRING((-95.36 29.76, -95.11 29.65), (-90.07 29.95, -90.25 30.07, -90.33 29.99))",multi-line
path_wkt,"MULTILINESTRING((-105.27 40.01, -105.30 40.03, -105.33 40.02), (-105.28 40.00, -105.31 39.98)), MULTILINESTRING((-82.45 27.95, -82.50 28.05), (-81.37 28.53, -81.30 28.61, -81.25 28.55)), MULTILINESTRING((-122.33 47.60, -122.52 47.56), (-122.46 47.24, -122.65 47.38))",multi-line
multilinestring_feature,"MULTILINESTRING((-98.5 41.2, -98.0 41.3, -97.5 41.4), (-98.5 41.0, -98.0 41.1, -97.5 41.2)), MULTILINESTRING((-82.55 35.59, -82.53 35.61, -82.50 35.62), (-82.45 35.55, -82.47 35.56)), MULTILINESTRING((-112.07 33.44, -111.93 33.45), (-111.75 33.46, -111.60 33.47))",multi-line
route_segments,"MULTILINESTRING((-87.6 41.8, -87.7 41.9, -87.65 41.85), (-90.2 38.6, -90.3 38.7)), MULTILINESTRING((-118.2 34.0, -118.3 34.1, -118.25 34.05), (-122.4 37.7, -122.5 37.8), (-117.1 32.7, -117.2 32.8)), MULTILINESTRING((-122.3 47.6, -122.4 47.7), (-122.6 45.5, -122.7 45.6))",multi-line
wkt_multilines,"MULTILINESTRING((-105.0 39.7, -105.1 39.8, -105.0 39.72, -104.9 39.68), (-105.5 40.0, -105.6 40.1, -105.5 40.05)), MULTILINESTRING((-80.2 25.7, -80.3 25.8, -80.25 25.75), (-81.3 28.5, -81.4 28.6)), MULTILINESTRING((-149.8 61.2, -149.9 61.3), (-147.7 64.8, -147.8 64.9))",multi-line
feature_geometry,"MULTILINESTRING((-71.0 42.3, -71.1 42.4, -71.05 42.35), (-72.6 41.7, -72.7 41.8), (-72.5 44.2, -72.6 44.3)), MULTILINESTRING((-96.8 32.7, -96.9 32.8, -96.75 32.75), (-95.3 29.7, -95.4 29.8, -95.35 29.75)), MULTILINESTRING((-84.5 39.1, -84.6 39.0), (-85.7 38.2, -85.8 38.1))",multi-line
route,"MULTILINESTRING((-87.62 41.87, -87.63 41.88, -87.64 41.89), (-87.60 41.85, -87.61 41.86)), MULTILINESTRING((-118.24 34.05, -118.25 34.06), (-118.30 34.01, -118.31 34.02, -118.32 34.03)), MULTILINESTRING((-80.19 25.76, -80.20 25.77), (-80.22 25.78, -80.23 25.79), (-80.25 25.80, -80.26 25.81))",multi-line
wkt_lines,"MULTILINESTRING((-122.33 47.60, -122.34 47.61), (-122.30 47.58, -122.31 47.59)), MULTILINESTRING((-96.80 32.77, -96.79 32.78), (-96.75 32.80, -96.76 32.81, -96.77 32.82)), MULTILINESTRING((-71.06 42.36, -71.07 42.35), (-71.09 42.34, -71.10 42.33, -71.11 42.32))",multi-line
multilinestring_shape,"MULTILINESTRING((-104.99 39.73, -104.98 39.74, -104.97 39.75), (-105.00 39.70, -105.01 39.71)), MULTILINESTRING((-84.38 33.74, -84.39 33.75), (-84.41 33.77, -84.42 33.78, -84.43 33.79)), MULTILINESTRING((-74.01 40.71, -74.02 40.72), (-73.99 40.73, -73.98 40.74))",multi-line
wkt_multiline,"MULTILINESTRING((-122.4 37.7, -122.3 37.6), (-118.2 34.1, -118.3 34.0)), MULTILINESTRING((-105.0 39.7, -105.1 39.8), (-105.25 40.0, -105.26 40.1, -105.27 40.2)), MULTILINESTRING((-95.3 29.7, -95.4 29.8, -95.5 29.7, -95.6 29.8), (-96.8 32.8, -96.9 32.7))",multi-line
route_geometry,"MULTILINESTRING((-87.62 41.87, -87.63 41.88, -87.64 41.89), (-87.70 41.90, -87.71 41.91)), MULTILINESTRING((-122.33 47.60, -122.52 47.62), (-122.80 48.51, -123.01 48.52)), MULTILINESTRING((-83.5 35.6, -83.4 35.7, -83.5 35.8, -83.4 35.9), (-82.2 36.1, -82.3 36.0, -82.4 36.1))",multi-line
path_segments,"MULTILINESTRING((-122.67 45.52, -122.68 45.53, -122.67 45.54), (-122.70 45.49, -122.71 45.48)), MULTILINESTRING((-112.1 33.5, -112.0 33.6), (-110.9 32.2, -111.0 32.3), (-111.65 35.19, -111.66 35.20)), MULTILINESTRING((-88.2 40.1, -88.3 40.2), (-86.1 41.5, -86.2 41.6))",multi-line
street_segments,"MULTILINESTRING((-87.6298 41.8781, -87.6298 41.8805), (-87.7012 41.9022, -87.7012 41.9045)), MULTILINESTRING((-118.2437 34.0522, -118.2500 34.0522), (-118.3000 34.1000, -118.3050 34.1010)), MULTILINESTRING((-97.7431 30.2672, -97.7431 30.2700, -97.7435 30.2700), (-97.7511 30.2500, -97.7511 30.2550))",multi-line
flight_paths,"MULTILINESTRING((-104.9903 39.7392, -94.5786 39.0997), (-87.6298 41.8781, -93.2650 44.9778)), MULTILINESTRING((-122.3321 47.6062, -122.4194 37.7749), (-118.2437 34.0522, -112.0740 33.4484)), MULTILINESTRING((-71.0589 42.3601, -77.0369 38.9072), (-80.1918 25.7617, -84.3880 33.7490))",multi-line
river_network,"MULTILINESTRING((-105.5217 40.3772, -105.5300 40.3800, -105.5350 40.3750), (-105.6836 40.2900, -105.6900 40.2950)), MULTILINESTRING((-90.0715 29.9511, -90.0800 29.9600, -90.0850 29.9650), (-91.1871 30.4515, -91.1900 30.4550)), MULTILINESTRING((-122.6784 45.5152, -122.6800 45.5200), (-123.1190 44.9392, -123.1250 44.9350))",multi-line
route_geometry,"MULTILINESTRING((-122.4 37.7, -122.41 37.71), (-122.42 37.72, -122.43 37.73, -122.44 37.74)), MULTILINESTRING((-97.7 30.2, -97.71 30.21, -97.72 30.22), (-96.8 32.7, -96.81 32.71)), MULTILINESTRING((-80.2 25.8, -80.21 25.81), (-80.22 25.82, -80.23 25.83))",multi-line
road_network,"MULTILINESTRING((-87.63 41.88, -87.64 41.89, -87.65 41.90), (-87.63 41.88, -87.62 41.87)), MULTILINESTRING((-104.99 39.74, -104.98 39.75), (-105.00 39.73, -105.01 39.72, -105.02 39.71)), MULTILINESTRING((-122.33 47.61, -122.34 47.62), (-122.33 47.60, -122.32 47.59))",multi-line
wkt_multiline,"MULTILINESTRING((-112.07 33.45, -112.08 33.46, -112.09 33.47), (-111.9 33.4, -111.91 33.41)), MULTILINESTRING((-71.06 42.36, -71.07 42.35), (-72.68 41.76, -72.69 41.77, -72.70 41.78)), MULTILINESTRING((-122.67 45.52, -122.68 45.52), (-122.65 45.53, -122.66 45.53), (-122.67 45.50, -122.68 45.50))",multi-line
wkt_multiline,"MULTILINESTRING((-88.23 40.11, -88.35 40.15, -88.45 40.18), (-88.24 40.10, -88.36 40.14, -88.46 40.17)), MULTILINESTRING((-121.9 37.4, -121.91 37.41), (-121.88 37.39, -121.89 37.40)), MULTILINESTRING((-105.1 39.7, -105.15 39.72, -105.2 39.75), (-105.11 39.71, -105.16 39.73, -105.21 39.76))",multi-line
shape,"MULTILINESTRING((-81.50 28.54, -81.55 28.54, -81.60 28.54), (-81.50 28.55, -81.55 28.55, -81.60 28.55)), MULTILINESTRING((-97.74 30.26, -97.80 30.30, -97.85 30.34), (-97.75 30.27, -97.81 30.31, -97.86 30.35)), MULTILINESTRING((-122.4 47.6, -122.5 47.7), (-122.45 47.65, -122.6 47.75))",multi-line
route_geometry,"MULTILINESTRING((-71.05 42.36, -71.06 42.35, -71.07 42.34), (-71.08 42.37, -71.09 42.36, -71.10 42.35)), MULTILINESTRING((-112.0 33.5, -112.1 33.6, -112.2 33.7), (-112.01 33.5, -112.11 33.6, -112.21 33.7)), MULTILINESTRING((-91.2 30.4, -91.25 30.45), (-91.21 30.41, -91.26 30.46))",multi-line
wkt_multiline,"MULTILINESTRING((-87.6 41.8, -87.7 41.85, -87.65 41.9), (-87.8 42.0, -87.9 42.1)), MULTILINESTRING((-122.4 37.7, -122.45 37.75), (-122.0 37.4, -122.1 37.45, -122.15 37.4), (-121.8 37.3, -121.9 37.35)), MULTILINESTRING((-84.4 33.7, -84.3 33.75, -84.35 33.8, -84.4 33.85), (-81.6 30.3, -81.65 30.35, -81.7 30.4))",multi-line
street_network_geom,"MULTILINESTRING((-105.0 39.7, -105.1 39.75, -105.05 39.8), (-104.9 39.6, -104.8 39.5)), MULTILINESTRING((-122.3 47.6, -122.35 47.61), (-122.2 47.5, -122.25 47.55), (-122.0 47.2, -122.1 47.25, -122.15 47.3, -122.2 47.35)), MULTILINESTRING((-97.7 30.2, -97.75 30.25, -97.8 30.3, -97.7 30.35, -97.65 30.4), (-95.3 29.7, -95.4 29.8))",multi-line
route_shape,"MULTILINESTRING((-71.05 42.36, -71.10 42.35, -71.15 42.34), (-71.08 42.30, -71.09 42.31, -71.10 42.32)), MULTILINESTRING((-112.0 33.4, -112.1 33.5), (-111.9 33.45, -111.95 33.55), (-110.9 32.2, -110.95 32.25)), MULTILINESTRING((-77.0 38.9, -77.05 38.95, -77.1 38.9, -77.05 38.85), (-75.1 39.9, -75.15 40.0, -75.2 39.95))",multi-line
multi_line_wkt,"MULTILINESTRING((-118.25 34.05, -118.26 34.06), (-118.255 34.055, -118.265 34.065, -118.27 34.07)), MULTILINESTRING((-96.80 32.78, -96.81 32.79), (-96.82 32.77, -96.83 32.76)), MULTILINESTRING((-80.20 25.77, -80.21 25.78, -80.22 25.79), (-80.19 25.76, -80.20 25.75))",multi-line
route_segments,"MULTILINESTRING((-122.33 47.61, -122.34 47.62), (-122.30 47.60, -122.31 47.59, -122.32 47.58)), MULTILINESTRING((-87.63 41.88, -87.64 41.88, -87.65 41.88), (-87.63 41.89, -87.64 41.89)), MULTILINESTRING((-71.06 42.36, -71.07 42.36), (-71.08 42.35, -71.09 42.35), (-71.06 42.37, -71.07 42.37))",multi-line
feature_geometry,"MULTILINESTRING((-112.07 33.45, -112.08 33.46, -112.09 33.47), (-112.07 33.44, -112.08 33.43)), MULTILINESTRING((-104.99 39.74, -105.00 39.75), (-104.98 39.73, -104.97 39.72)), MULTILINESTRING((-149.90 61.22, -149.91 61.23, -149.92 61.24), (-149.88 61.21, -149.87 61.20))",multi-line
path_geometry,"MULTILINESTRING((-87.62 41.85, -87.71 41.92, -87.80 41.88), (-84.39 33.75, -84.50 33.81, -84.42 33.93, -84.35 33.78)), MULTILINESTRING((-122.33 47.61, -122.40 47.55), (-122.41 37.77, -122.50 37.81, -122.43 37.89), (-118.24 34.05, -118.31 34.11)), MULTILINESTRING((-71.06 42.36, -71.12 42.39, -71.08 42.42), (-75.16 40.01, -75.22 39.95, -75.14 39.89))",multi-line
route_lines,"MULTILINESTRING((-97.74 30.26, -97.81 30.33, -97.76 30.41), (-97.52 30.15, -97.63 30.08, -97.55 29.99)), MULTILINESTRING((-105.55 39.72, -105.61 39.81), (-105.43 39.65, -105.51 39.58), (-105.82 39.93, -105.91 39.87)), MULTILINESTRING((-81.53 28.51, -81.66 28.62, -81.71 28.55), (-81.09 29.03, -81.15 29.18, -81.04 29.25))",multi-line
feature_multiline,"MULTILINESTRING((-101.52 47.58, -101.63 47.61, -101.75 47.53), (-102.04 48.06, -102.18 48.19, -102.11 47.99)), MULTILINESTRING((-119.05 36.52, -119.12 36.63), (-118.88 36.31, -118.94 36.42), (-119.53 37.08, -119.66 37.19)), MULTILINESTRING((-112.07 33.45, -112.18 33.51, -112.09 33.62), (-111.56 34.03, -111.62 34.14, -111.51 34.22))",multi-line
routes,"MULTILINESTRING((-118.24 34.05, -118.30 34.06), (-122.41 37.77, -122.42 37.78, -122.43 37.79)), MULTILINESTRING((-90.19 38.62, -90.25 38.65, -90.30 38.68), (-89.65 40.01, -89.70 40.05)), MULTILINESTRING((-95.36 29.76, -95.40 29.80, -95.45 29.82), (-97.74 30.26, -97.80 30.30, -97.85 30.33))",multi-line
pathways,"MULTILINESTRING((-105.52 39.73, -105.54 39.75, -105.56 39.78), (-106.81 40.48, -106.83 40.50)), MULTILINESTRING((-80.19 25.77, -80.21 25.79), (-81.51 26.61, -81.53 26.63, -81.55 26.65)), MULTILINESTRING((-122.33 47.60, -122.35 47.62), (-121.01 48.05, -121.05 48.10, -121.10 48.15))",multi-line
wkt_multiline,"MULTILINESTRING((-87.62 41.87, -87.63 41.88, -87.64 41.89), (-87.70 41.90, -87.71 41.91)), MULTILINESTRING((-90.07 29.95, -90.08 29.96, -90.09 29.97), (-91.21 30.45, -91.22 30.46)), MULTILINESTRING((-75.16 39.95, -75.20 39.98, -75.24 40.01), (-76.88 40.27, -76.92 40.30), (-79.99 40.44, -80.02 40.46))",multi-line
multiline_wkt,"MULTILINESTRING((-87.62 41.87, -87.90 43.03), (-87.5 41.9, -87.55 41.95)), MULTILINESTRING((-118.24 34.05, -121.49 38.58, -122.41 37.77), (-118.2 34.0, -118.3 34.1)), MULTILINESTRING((-84.39 33.75, -84.35 33.80), (-80.19 25.76, -80.22 25.79))",multi-line
road_network,"MULTILINESTRING((-96.80 32.77, -95.36 29.76), (-97.74 30.26, -98.49 29.42)), MULTILINESTRING((-122.33 47.60, -122.67 45.52), (-122.30 47.61, -122.28 47.62, -122.25 47.63)), MULTILINESTRING((-71.05 42.36, -71.08 42.35), (-72.68 41.76, -72.67 41.77))",multi-line
paths,"MULTILINESTRING((-105.82 39.99, -105.80 40.01, -105.78 40.03), (-105.55 40.35, -105.57 40.34)), MULTILINESTRING((-90.07 29.95, -90.10 29.93, -90.12 29.91), (-91.21 30.45, -91.18 30.44)), MULTILINESTRING((-112.07 33.44, -112.00 33.45, -111.95 33.46), (-110.97 32.22, -110.95 32.25))",multi-line
wkt_multiline,"MULTILINESTRING((-122.4 37.7, -122.3 37.6, -122.2 37.5), (-122.41 37.72, -122.31 37.62)), MULTILINESTRING((-102.1 39.5, -102.2 39.6), (-102.15 39.55, -102.25 39.65, -102.35 39.75), (-102.0 39.4, -101.9 39.3)), MULTILINESTRING((-81.5 28.5, -81.6 28.5, -81.7 28.4), (-81.55 28.6, -81.65 28.6))",multi-line
route_segments,"MULTILINESTRING((-83.5 35.6, -83.4 35.7), (-83.6 35.5, -83.7 35.4, -83.8 35.3)), MULTILINESTRING((-122.67 45.52, -122.68 45.53, -122.69 45.54), (-122.65 45.50, -122.66 45.49)), MULTILINESTRING((-88.0 41.9, -87.9 41.8, -87.8 41.7), (-88.2 42.0, -88.1 41.9, -88.0 41.8))",multi-line
path_collection,"MULTILINESTRING((-97.74 30.26, -97.75 30.27), (-97.73 30.25, -97.74 30.24)), MULTILINESTRING((-112.1 33.5, -112.0 33.5, -111.9 33.5), (-112.1 33.6, -112.0 33.6)), MULTILINESTRING((-122.4 47.6, -122.5 47.7), (-122.6 47.5, -122.7 47.6, -122.8 47.7))",multi-line
multi_linestring_wkt,"MULTILINESTRING((-122.4 37.7, -122.3 37.8), (-122.41 37.71, -122.31 37.81)), MULTILINESTRING((-95.6 39.0, -95.5 39.1, -95.4 39.0), (-95.3 38.9, -95.2 38.8)), MULTILINESTRING((-81.5 28.5, -81.4 28.6), (-81.55 28.4, -81.50 28.45, -81.45 28.35))",multi-line
road_segments,"MULTILINESTRING((-87.63 41.88, -87.63 41.89), (-87.64 41.88, -87.64 41.89)), MULTILINESTRING((-96.7 32.7, -96.71 32.71, -96.7 32.72), (-96.72 32.7, -96.71 32.71, -96.72 32.72)), MULTILINESTRING((-105.1 40.1, -105.2 40.2, -105.3 40.1), (-105.5 40.3, -105.6 40.2))",multi-line
stream_network,"MULTILINESTRING((-122.3 47.6, -122.2 47.5, -122.1 47.6), (-122.15 47.55, -122.2 47.5)), MULTILINESTRING((-90.5 30.1, -90.4 30.0), (-90.5 30.1, -90.6 30.0), (-90.5 30.1, -90.5 30.2)), MULTILINESTRING((-82.5 35.5, -82.4 35.6), (-82.6 35.4, -82.5 35.3))",multi-line
wkt_multiline,"MULTILINESTRING((-90.1 38.6, -90.2 38.7), (-90.3 38.5, -90.4 38.6, -90.5 38.7)), MULTILINESTRING((-122.4 37.7, -122.41 37.75), (-122.42 37.8, -122.43 37.81)), MULTILINESTRING((-84.4 33.7, -84.41 33.71, -84.42 33.72), (-81.1 32.1, -81.12 32.12))",multi-line
road_network,"MULTILINESTRING((-96.8 32.7, -96.81 32.71, -96.82 32.72), (-96.81 32.71, -96.815 32.73)), MULTILINESTRING((-71.1 42.3, -71.2 42.3, -71.3 42.3), (-71.1 42.31, -71.2 42.31, -71.3 42.31)), MULTILINESTRING((-80.2 25.8, -80.25 25.8, -80.3 25.8), (-80.25 25.7, -80.25 25.8, -80.25 25.9))",multi-line
stream_paths,"MULTILINESTRING((-105.0 39.7, -105.1 39.72, -105.2 39.74, -105.3 39.76), (-105.15 39.8, -105.1 39.72)), MULTILINESTRING((-150.0 61.2, -150.1 61.22, -150.2 61.24), (-150.05 61.21, -150.15 61.23, -150.2 61.24)), MULTILINESTRING((-122.3 47.6, -122.31 47.62, -122.32 47.64), (-122.7 45.5, -122.72 45.51, -122.74 45.52))",multi-line
route_geometry,"MULTILINESTRING((-87.6 41.8, -87.7 41.85), (-87.65 41.9, -87.75 41.95, -87.8 41.9)), MULTILINESTRING((-122.4 37.7, -122.4 37.8), (-122.45 37.75, -122.46 37.76)), MULTILINESTRING((-81.5 26.1, -81.55 26.15, -81.6 26.2), (-81.4 26.0, -81.45 26.05, -81.5 26.1))",multi-line
wkt_multilines,"MULTILINESTRING((-97.74 30.26, -97.75 30.27), (-97.70 30.30, -97.71 30.31, -97.72 30.32)), MULTILINESTRING((-122.33 47.60, -122.34 47.61), (-122.30 47.65, -122.31 47.66)), MULTILINESTRING((-71.05 42.36, -71.06 42.36, -71.07 42.37), (-71.10 42.35, -71.11 42.35))",multi-line
road_network,"MULTILINESTRING((-104.99 39.73, -105.00 39.74, -105.01 39.75), (-104.95 39.70, -104.95 39.71)), MULTILINESTRING((-149.90 61.21, -149.92 61.22), (-150.00 61.15, -150.01 61.16)), MULTILINESTRING((-84.38 33.74, -84.39 33.75), (-84.42 33.78, -84.42 33.79), (-84.35 33.80, -84.36 33.81))",multi-line
wkt_multiline,"MULTILINESTRING((-87.62 41.87, -86.91 40.42, -86.15 39.76), (-90.19 38.62, -92.17 38.57, -94.57 39.09)), MULTILINESTRING((-96.79 32.77, -97.2 31.5, -97.74 30.26), (-95.36 29.76, -96.9 29.5, -98.49 29.42), (-106.44 31.79, -106.50 31.85)), MULTILINESTRING((-111.89 40.76, -108.7 41.5, -104.82 41.13), (-122.33 47.60, -120.0 47.2, -117.42 47.65))",multi-line
route_segments,"MULTILINESTRING((-93.26 44.97, -92.5 44.4, -91.24 43.80), (-90.04 35.14, -90.5 33.7, -90.87 32.35)), MULTILINESTRING((-104.99 39.73, -108.5 36.5, -112.07 33.44), (-84.38 33.74, -82.0 29.5, -80.19 25.76)), MULTILINESTRING((-71.05 42.36, -71.9 41.7, -72.92 41.30), (-77.03 38.90, -77.2 38.2, -77.43 37.54))",multi-line
multilinestring_geom,"MULTILINESTRING((-120.1 39.1, -120.2 39.0, -120.15 38.9), (-116.1 34.0, -116.0 34.05, -115.9 34.0)), MULTILINESTRING((-122.67 45.52, -122.60 45.55, -122.55 45.50), (-116.21 43.61, -116.25 43.58, -116.30 43.63)), MULTILINESTRING((-81.37 28.53, -81.30 28.60), (-82.45 27.95, -82.50 27.90, -82.55 27.94), (-81.65 30.33, -81.60 30.30))",multi-line
wkt_multiline,"MULTILINESTRING((-118.24 34.05, -118.30 34.06), (-122.41 37.77, -122.42 37.78, -122.43 37.79)), MULTILINESTRING((-104.99 39.74, -104.98 39.75), (-105.27 40.01, -105.28 40.02)), MULTILINESTRING((-85.5 30.5, -85.6 30.4), (-81.2 28.5, -81.3 28.6))",multi-line
route_geometry,"MULTILINESTRING((-95.36 29.76, -95.37 29.77, -95.38 29.78), (-95.40 29.80, -95.41 29.81)), MULTILINESTRING((-122.33 47.60, -122.34 47.61, -122.35 47.62), (-122.67 45.52, -122.68 45.53)), MULTILINESTRING((-82.55 35.60, -82.54 35.61), (-82.60 35.55, -82.61 35.54))",multi-line
path_wkt,"MULTILINESTRING((-87.63 41.92, -87.64 41.93), (-87.65 41.90, -87.65 41.91)), MULTILINESTRING((-95.99 36.15, -96.00 36.16), (-97.51 35.46, -97.52 35.47)), MULTILINESTRING((-90.07 29.95, -90.08 29.96), (-90.10 29.94, -90.11 29.93), (-90.05 29.98, -90.06 29.99))",multi-line
wkt_multiline,"MULTILINESTRING((-87.6 41.8, -87.7 41.9, -87.65 41.85), (-87.61 41.81, -87.71 41.91)), MULTILINESTRING((-118.2 34.0, -118.3 34.1), (-118.25 34.05, -118.35 34.15, -118.4 34.1)), MULTILINESTRING((-81.5 28.5, -81.6 28.55, -81.55 28.6), (-81.4 28.4, -81.45 28.45))",multi-line
shape,"MULTILINESTRING((-122.3 47.6, -122.35 47.65), (-122.4 47.5, -122.45 47.55, -122.5 47.6)), MULTILINESTRING((-97.7 30.2, -97.75 30.25, -97.8 30.3), (-97.71 30.21, -97.76 30.26)), MULTILINESTRING((-104.9 39.7, -105.0 39.75), (-104.8 39.6, -104.85 39.65, -104.9 39.7), (-105.1 39.8, -105.05 39.85))",multi-line
route_geometry,"MULTILINESTRING((-71.0 42.3, -71.1 42.35), (-71.05 42.25, -71.15 42.3)), MULTILINESTRING((-112.0 33.4, -112.1 33.5, -112.05 33.45), (-111.9 33.6, -111.95 33.65)), MULTILINESTRING((-75.1 39.9, -75.2 40.0), (-75.15 39.95, -75.25 40.05, -75.3 40.0))",multi-line
route_shape,"MULTILINESTRING((-118.25 34.05, -118.30 34.01), (-122.41 37.77, -122.45 37.79, -122.48 37.76)), MULTILINESTRING((-104.99 39.73, -104.98 39.74, -104.99 39.75), (-105.01 39.70, -105.02 39.71)), MULTILINESTRING((-97.74 30.26, -97.75 30.27, -97.76 30.25), (-95.36 29.76, -95.37 29.75))",multi-line
path_wkt,"MULTILINESTRING((-87.62 41.87, -87.63 41.88, -87.64 41.89), (-87.65 41.85, -87.66 41.84)), MULTILINESTRING((-122.33 47.60, -122.34 47.61), (-121.55 47.50, -121.56 47.51, -121.57 47.52, -121.58 47.51)), MULTILINESTRING((-80.19 25.76, -80.20 25.77), (-81.37 28.53, -81.38 28.54))",multi-line
street_network,"MULTILINESTRING((-71.05 42.36, -71.06 42.35, -71.07 42.35), (-71.09 42.34, -71.10 42.33)), MULTILINESTRING((-96.69 40.81, -96.70 40.81, -96.71 40.82), (-100.77 41.12, -100.78 41.13, -100.79 41.12)), MULTILINESTRING((-112.07 33.44, -112.08 33.45), (-111.92 33.42, -111.93 33.41), (-112.00 33.50, -112.01 33.51))",multi-line
route_shape,"MULTILINESTRING((-118.2 34.1, -118.3 34.15), (-122.4 37.7, -122.5 37.8)), MULTILINESTRING((-89.5 40.1, -89.6 40.2, -89.5 40.3), (-89.6 40.2, -89.7 40.25)), MULTILINESTRING((-78.5 38.0, -78.6 38.1), (-78.8 38.2, -78.9 38.3, -79.0 38.4))",multi-line
wkt_multilinestring,"MULTILINESTRING((-96.8 32.8, -96.9 32.85, -97.0 32.9), (-95.3 29.7, -95.4 29.8)), MULTILINESTRING((-105.01 39.71, -105.02 39.72, -105.03 39.73), (-104.95 39.75, -104.96 39.76)), MULTILINESTRING((-122.33 47.60, -122.45 47.71), (-122.61 47.83, -122.72 47.90))",multi-line
path_geometry,"MULTILINESTRING((-71.05 42.36, -71.06 42.36, -71.07 42.35), (-71.06 42.36, -71.06 42.37)), MULTILINESTRING((-97.51 35.46, -98.02 35.59), (-99.04 35.81, -99.55 35.92)), MULTILINESTRING((-98.3 41.1, -98.5 41.2), (-108.2 42.5, -108.4 42.6), (-110.1 43.1, -110.2 43.2))",multi-line
shape,"MULTILINESTRING((-87.6 41.8, -87.7 41.85, -87.65 41.9), (-87.9 42.0, -87.8 42.1)), MULTILINESTRING((-122.4 37.7, -122.45 37.75), (-122.3 37.6, -122.32 37.62, -122.35 37.65)), MULTILINESTRING((-97.7 30.2, -97.71 30.22, -97.72 30.24, -97.73 30.25), (-97.8 30.3, -97.82 30.31, -97.84 30.33))",multi-line
wkt_multiline,"MULTILINESTRING((-122.3 47.6, -122.3 47.7, -122.2 47.7), (-122.5 47.8, -122.6 47.8, -122.7 47.85, -122.8 47.9)), MULTILINESTRING((-81.5 28.5, -81.55 28.55), (-81.6 28.6, -81.65 28.65)), MULTILINESTRING((-105.0 39.7, -105.1 39.7, -105.1 39.8), (-105.2 39.9, -105.3 39.95), (-104.9 39.6, -104.8 39.6, -104.7 39.65))",multi-line
route_segments,"MULTILINESTRING((-71.05 42.36, -71.06 42.365, -71.07 42.37), (-71.10 42.35, -71.11 42.34, -71.12 42.33)), MULTILINESTRING((-93.27 44.98, -93.28 44.97, -93.29 44.96), (-93.25 44.94, -93.25 44.93)), MULTILINESTRING((-122.33 47.60, -122.47 47.59), (-122.34 47.61, -122.52 47.55))",multi-line
route_geom,"MULTILINESTRING((-93.2 44.9, -93.3 44.95, -93.4 44.92), (-93.25 44.8, -93.35 44.85)), MULTILINESTRING((-122.4 37.7, -122.4 37.8), (-122.3 37.75, -122.5 37.75), (-122.45 37.6, -122.45 37.9)), MULTILINESTRING((-84.3 33.7, -84.3 33.8, -84.4 33.8), (-84.35 33.75, -84.25 33.75))",multi-line
street_segments,"MULTILINESTRING((-96.8 32.8, -96.7 32.8), (-96.8 32.81, -96.7 32.81, -96.69 32.81)), MULTILINESTRING((-80.2 25.8, -80.25 25.8, -80.3 25.81), (-80.22 25.79, -80.22 25.82)), MULTILINESTRING((-122.6 45.5, -122.7 45.5, -122.8 45.5), (-122.65 45.45, -122.65 45.55), (-122.75 45.45, -122.75 45.55))",multi-line
multiline_wkt,"MULTILINESTRING((-105.0 39.7, -105.1 39.8, -105.0 39.9), (-105.05 39.7, -105.05 39.9)), MULTILINESTRING((-71.1 42.3, -71.15 42.35, -71.2 42.3), (-71.12 42.28, -71.17 42.33)), MULTILINESTRING((-118.3 34.1, -118.31 34.11, -118.30 34.12), (-118.29 34.1, -118.30 34.11), (-118.31 34.1, -118.32 34.11))",multi-line
wkt_multiline,"MULTILINESTRING((-90.1 38.6, -90.2 38.65, -90.3 38.7), (-90.11 38.61, -90.21 38.66)), MULTILINESTRING((-84.3 33.7, -84.31 33.71), (-84.35 33.75, -84.36 33.76, -84.37 33.77)), MULTILINESTRING((-122.4 47.6, -122.3 47.5, -122.2 47.4), (-121.9 47.3, -121.8 47.2))",multi-line
route_segments,"MULTILINESTRING((-97.7 30.2, -97.8 30.3, -97.9 30.4), (-98.0 30.5, -98.1 30.6)), MULTILINESTRING((-104.99 39.74, -104.98 39.74), (-104.99 39.75, -104.98 39.75)), MULTILINESTRING((-81.5 28.5, -81.6 28.5), (-81.5 28.6, -81.6 28.6, -81.7 28.6))",multi-line
linear_features,"MULTILINESTRING((-72.6 42.1, -72.65 42.15, -72.7 42.2), (-72.5 42.0, -72.55 42.05)), MULTILINESTRING((-111.8 34.8, -111.85 34.85), (-111.9 34.9, -111.95 34.92, -112.0 34.95)), MULTILINESTRING((-87.63 41.88, -87.64 41.89), (-87.63 41.87, -87.64 41.86))",multi-line
route_segments,"MULTILINESTRING((-122.4 37.7, -122.5 37.8, -122.45 37.9), (-122.1 37.5, -122.2 37.6)), MULTILINESTRING((-105.5 40.3, -105.55 40.35), (-105.6 40.4, -105.62 40.42, -105.65 40.45), (-105.4 40.2, -105.45 40.22)), MULTILINESTRING((-97.7 30.2, -97.75 30.3, -97.8 30.4), (-96.8 32.8, -96.85 32.9, -96.9 33.0))",multi-line
path_collection,"MULTILINESTRING((-90.1 38.6, -90.2 38.65, -90.3 38.7), (-89.5 39.8, -89.6 39.85)), MULTILINESTRING((-81.5 28.5, -81.51 28.51), (-81.6 28.6, -81.61 28.61), (-81.7 28.7, -81.71 28.71), (-81.8 28.8, -81.81 28.81)), MULTILINESTRING((-83.5 35.6, -83.6 35.7, -83.7 35.8, -83.8 35.9), (-78.5 38.6, -78.6 38.7, -78.7 38.8))",multi-line
multiline_feature,"MULTILINESTRING((-122.3 47.6, -122.31 47.61, -122.32 47.62), (-122.2 47.5, -122.21 47.51)), MULTILINESTRING((-71.1 42.3, -71.2 42.35), (-72.9 41.3, -73.0 41.35, -73.1 41.4), (-73.9 40.7, -74.0 40.75)), MULTILINESTRING((-104.8 39.8, -97.3 37.6, -89.9 35.1), (-111.9 40.7, -104.8 39.8, -94.7 39.3))",multi-line
multiline_geom,"MULTILINESTRING((-87.62 41.87, -87.63 41.88, -87.64 41.89), (-87.63 41.88, -87.63 41.90, -87.62 41.91)), MULTILINESTRING((-119.5 37.7, -119.6 37.8), (-119.55 37.75, -119.65 37.75, -119.75 37.75)), MULTILINESTRING((-80.2 25.7, -80.3 25.7, -80.4 25.7, -80.5 25.7), (-80.4 25.7, -80.45 25.65, -80.5 25.6))",multi-line
route_geometry,"MULTILINESTRING((-97.74 30.26, -97.74 30.27, -97.75 30.28, -97.75 30.29), (-97.75 30.28, -97.76 30.27, -97.77 30.26)), MULTILINESTRING((-122.33 47.60, -122.34 47.61), (-122.34 47.61, -122.35 47.62, -122.35 47.63)), MULTILINESTRING((-104.99 39.73, -104.99 39.74, -104.99 39.75), (-104.98 39.74, -104.99 39.74, -105.00 39.74))",multi-line
feature_shape,"MULTILINESTRING((-77.5 40.1, -77.6 40.2, -77.7 40.3), (-77.65 40.25, -77.6 40.2, -77.55 40.15)), MULTILINESTRING((-112.0 33.4, -112.1 33.4, -112.2 33.4), (-112.1 33.3, -112.1 33.4, -112.1 33.5)), MULTILINESTRING((-111.8 40.7, -111.85 40.75, -111.9 40.8), (-111.85 40.75, -111.8 40.8, -111.75 40.85))",multi-line
line_features,"MULTILINESTRING ((-118.2 34.0, -118.3 34.1), (-119.0 35.2, -119.1 35.3, -119.2 35.4)), MULTILINESTRING ((-90.1 38.6, -90.2 38.7), (-91.5 41.5, -91.6 41.6, -91.7 41.7)), MULTILINESTRING ((-105.5 40.3, -105.6 40.35), (-105.8 40.4, -105.9 40.45))",multi-line
route_segments,"MULTILINESTRING ((-87.6 41.8, -87.7 41.85, -87.75 41.9), (-87.65 41.95, -87.75 41.98)), MULTILINESTRING ((-97.7 30.2, -97.8 30.3), (-95.3 29.7, -95.4 29.8, -95.5 29.9)), MULTILINESTRING ((-71.0 42.3, -71.1 42.35), (-72.5 41.8, -72.6 41.9))",multi-line
wkt_multiline,"MULTILINESTRING ((-81.5 26.5, -81.5 26.6), (-80.2 25.7, -80.3 25.7, -80.4 25.7)), MULTILINESTRING ((-77.0 38.9, -77.05 38.95, -77.1 38.98), (-77.1 38.8, -77.15 38.85)), MULTILINESTRING ((-122.3 47.6, -122.31 47.61), (-122.35 47.65, -122.36 47.66))",multi-line
borough_identifier,"4, 5, 3",borough_code
boro_id,"M1, BX, S4",borough_code
borough_num,"101, 302, 501",borough_code
borough_id,"4, 101, 305",borough_code
boro_ref_code,"BX, MN, SI",borough_code
district_code,"D-05, R2, 14",borough_code
borough_id,"3, 4, 5",borough_code
boro_identifier,"M1, BX2, Q4",borough_code
district_code,"101, 102, 103",borough_code
borough_id,"3, 5, 4",borough_code
b_code,"BX, MN, BK",borough_code
borough_identifier,"1002, 4001, 5023",borough_code
borough_identifier,"4, 5, 101",borough_code
boro_num,"3, 10, 11",borough_code
boro_cd,"QN, BK, BX",borough_code
borough_id,"4, 101, BX",borough_code
boro_identifier,"MN-01, S02, 21",borough_code
district_code,"305, AKB-11, 5",borough_code
boro_id,"3, 4, 5",borough_code
borough_num,"1001, 3002, 5010",borough_code
boro_code_alpha,"BK-01, QN-12, SI-05",borough_code
borough_identifier,"4, 5, 11",borough_code
boro_id,"BK, QN, SI",borough_code
district_code,"301, 502, 104",borough_code
boro_num,"3, 4, 5",borough_code
borough_id,"MN, BK, QN",borough_code
district_code,"D1, D2, C4",borough_code
borough_id,"3, 4, 5",borough_code
boro_num,"101, 402, 305",borough_code
district_code,"M1, B3, Q2",borough_code
borough_id,"3, 4, 5",borough_code
boro_code,"BX, QN, SI",borough_code
borough_num,"101, 202, 305",borough_code
borough_identifier,"5, 11, M4",borough_code
boro_id,"BX, 4, SI-01",borough_code
district_code,"3, QN, 101",borough_code
borough_id,"3, 5, BK",borough_code
boro_num,"4, 101, 4011",borough_code
district_code,"QNS, D7, AK-05",borough_code
borough_id,"3, 5, 4",borough_code
boro_code,"M1, QN, BK",borough_code
district_identifier,"101, 302, 501",borough_code
boro_code,"3, 5, 4",borough_code
borough_id,"M3, BX1, SI2",borough_code
borough_identifier,"1001, 4005, 3010",borough_code
borough_id,"3, 4, 5",borough_code
boro_code,"MN, BK, QN",borough_code
borough_identifier,"3001, 4005, 5002",borough_code
borough_id,"3, 4, 5",borough_code
boro_identifier,"BK, QN, MN",borough_code
boro_num,"101, 202, 303",borough_code
borough_id,"3, 4, 5",borough_code
boro_identifier,"BK, QN, MN",borough_code
borough_num,"301, 402, 503",borough_code
borough_id,"3, 5, 4",borough_code
boro_code,"MN1, BX2, BK5",borough_code
borough_num,"101, 202, 303",borough_code
boronum,"3, 5, 101",borough_code
districtcode,"M1, BK02, BX5",borough_code
boroughref,"4, S03, QN4",borough_code
boro_identifier,"4, 5, 3",borough_code
borough_id,"BX, MN, SI",borough_code
district_code,"D-01, C-04, N-02",borough_code
boroughid,"4, 5, 3",borough_code
boronum,"101, 302, 405",borough_code
bcode,"BK1, QN2, MN3",borough_code
boro_id,"3, 4, 5",borough_code
borough_num,"301, 405, 102",borough_code
b_code,"BX1, QN4, SI2",borough_code
boro_id,"3, 5, 4",borough_code
borough_identifier,"BX, MN, BK",borough_code
boro_num,"101, 202, 305",borough_code
boro_id,"3, 4, 5",borough_code
borough_identifier,"BK, MN, QN",borough_code
boro_num,"101, 201, 301",borough_code
borough_id,"3, 4, 5",borough_code
boro_code,"M1, B2, S5",borough_code
borough_identifier,"1001, 3002, 4005",borough_code
borough_id,"3, 4, 5",borough_code
boro_identifier,"BX, QN, SI",borough_code
borough_num,"201, 401, 502",borough_code
borough_id,"3, 5, 4",borough_code
boro_identifier,"M1, QN, S3",borough_code
district_code,"301, 405, 102",borough_code
borough_id,"4, 5, 3",borough_code
borough_identifier,"3001, 5002, 1010",borough_code
b_code,"BK, MN, QN",borough_code
borough_id,"3, 5, 101",borough_code
boro_identifier,"4, BX, 201",borough_code
b_code,"MN, SI, 3004",borough_code
borough_id,"3, 4, 5",borough_code
boro_num,"10, 12, 21",borough_code
district_code,"B2, D-01, C4A",borough_code
borough_num,"3, 4, 5",borough_code
district_code,"BX01, QN04, SI03",borough_code
boro_id,"101, 302, 504",borough_code
boro_id,"3, 4, 5",borough_code
borough_identifier,"BK, MN, QN",borough_code
boro_code_num,"101, 202, 303",borough_code
borough_id,"4, 5, 3001",borough_code
boro_num,"MN1, BK2, BX5",borough_code
districtCode,"101, 402, 503",borough_code
borough_id,"3, 4, 5",borough_code
boro_code,"BX, QN, SI",borough_code
district_identifier,"101, 202, 305",borough_code
borough_id,"3, 4, 5",borough_code
b_code,"BK, QN, SI",borough_code
boro_num,"101, 202, 303",borough_code
boro_id,"3, 4, 5",borough_code
borough_identifier,"M1, BX, SI-01",borough_code
district_code,"101, D-05, N-2",borough_code
borough_id,"3, 5, 4",borough_code
boro_identifier,"B01, Q05, M12",borough_code
district_cd,"1001, 4015, 5002",borough_code
borough_id,"3, 4, 5",borough_code
boro_code,"QN, BK, SI",borough_code
borough_num,"101, 302, 501",borough_code
boro_id,"3, 5, 4",borough_code
borough_identifier,"BX, MN, BK",borough_code
b_code,"101, 305, 502",borough_code
borough_id,"3, 4, 5",borough_code
b_code,"170, 122, 90",borough_code
boro_identifier,"20, 110, 130",borough_code
boro_id,"3, 4, 5",borough_code
borough_num_code,"110, 020, 170",borough_code
borough_abbreviation,"BRX, QNS, SI",borough_code
boro_code,"3, 4, 5",borough_code
borough_id,"5, 3, 4",borough_code
b_code,"4, 5, 3",borough_code
borough_id,"3, 4, 5",borough_code
boro_code,"5, 3, 4",borough_code
borough_num,"4, 5, 3",borough_code
borough_id,"3, 4, 5",borough_code
boro_num,"5, 1, 3",borough_code
nyc_boro_code,"4, 2, 1",borough_code
boro_code,"3, 4, 5",borough_code
borough_id,"3, 4, 5",borough_code
borough_num,"3, 4, 5",borough_code
boro_code,"3, 4, 5",borough_code
borough_id,"11, 102, 16",borough_code
borough_num,"220, 31, 8",borough_code
boro_code,"3, 4, 5",borough_code
borough_id,"3, QN, BX",borough_code
borough_identifier,"MN, BK, SI",borough_code
borough_id,"3, 4, 5",borough_code
boro_num,"5, 4, 3",borough_code
borough_identifier,"4, 3, 5",borough_code
boro_code,"3, 4, 5",borough_code
borough_id,"5, 1, 4",borough_code
b_code,"2, 3, 1",borough_code
boro_id,"3, 4, 5",borough_code
borough_identifier,"110, 130, 180",borough_code
borough_num_code,"MN, BX, SI",borough_code
borough_id,"3, 4, 5",borough_code
boro_code_alpha,"BK, MN, QN",borough_code
borough_abbreviation,"BX, SI, M",borough_code
boro_code,"3, 4, 5",borough_code
borough_num,"101, 202, 303",borough_code
borough_identifier,"MN, BK, QN",borough_code
borough_id,"3, 4, 5",borough_code
boro_num,"122, 130, 164",borough_code
b_code,"20, 60, 90",borough_code
borough_id,"3, 4, 5",borough_code
boro_code,"110, 122, 130",borough_code
borough_identifier,"MN, BX, SI",borough_code
borough_id,"3, 4, 5",borough_code
boro_code_num,"101, 102, 103",borough_code
b_code,"11, 21, 31",borough_code
borough_id,"5, 020, 150",borough_code
boro_code,"4, 050, 275",borough_code
boro_num,"3, 110, 180",borough_code
boro_id,"3, 4, 5",borough_code
borough_identifier,"5, 3, 4",borough_code
boro_num,"4, 5, 3",borough_code
borough_id,"3, 4, 5",borough_code
b_code,"BK, QN, SI",borough_code
boro_num,"122, 130, 170",borough_code
borough_id,"3, 4, 5",borough_code
b_code,"5, 3, 4",borough_code
boro_code,"4, 3, 5",borough_code
BoroughName,"Manhattan, The Bronx, Fairbanks North Star Borough",borough
borough_division,"Kenai Peninsula Borough, Juneau Borough, Kodiak Island Borough",borough
MUNICIPAL_BOROUGH,"Anchorage Borough, Denali Borough, Bristol Bay Borough",borough
MUNICIPAL_BOROUGH,"STATEN ISLAND, THE BRONX, JUNEAU BOROUGH",borough
BOROUGH_NAME,"Anchorage, Fairbanks North Star, Kenai Peninsula",borough
CITY_BOROUGH,"MATANUSKA-SUSITNA, KETCHIKAN GATEWAY, NORTH SLOPE",borough
BoroName,"The Bronx, Staten Island, Matanuska-Susitna Borough",borough
municipality_borough,"Fairbanks North Star Borough, Kenai Peninsula Borough, West Chester",borough
AdminBorough,"Anchorage, Juneau, Doylestown",borough
Borough_Name,"Brooklyn, The Bronx, Staten Island",borough
Municipality_Borough,"Fairbanks North Star Borough, Kenai Peninsula Borough, Juneau Borough",borough
borough_division,"West Chester Borough, Doylestown Borough, Matanuska-Susitna Borough",borough
boro_name,"The Bronx, Manhattan, Queens",borough
MunicipalBorough,"Fairbanks North Star Borough, Kenai Peninsula Borough, Juneau City and Borough",borough
Borough_Designation,"Staten Island, Brooklyn, Anchorage Borough",borough
CommunityBorough,"Staten Island, The Bronx, Juneau Borough",borough
borough_name,"Fairbanks North Star Borough, Kenai Peninsula Borough, Matanuska-Susitna Borough",borough
AdminBorough,"West Chester, Doylestown, ANCHORAGE",borough
boro,"STATEN ISLAND, The Bronx, Matanuska-Susitna Borough",borough
administrative_district,"Fairbanks North Star Borough, Kenai Peninsula Borough, Juneau",borough
BoroughName,"Denali Borough, Ketchikan Gateway Borough, Sitka",borough
BoroName,"The Bronx, Staten Island, Fairbanks North Star Borough",borough
admin_borough,"Kenai Peninsula Borough, Juneau Borough, North Slope Borough",borough
BOROUGH_JURISDICTION,"Denali Borough, Haines Borough, Ketchikan Gateway Borough",borough
borough_name,"Staten Island, The Bronx, Fairbanks North Star Borough",borough
MunicipalityBorough,"Kenai Peninsula Borough, Anchorage Borough, Matanuska-Susitna Borough",borough
Admin_District,"Juneau City and Borough, West Chester, Doylestown",borough
Borough_Name,"The Bronx, Staten Island, Matanuska-Susitna Borough",borough
BORO_NAME,"ANCHORAGE, JUNEAU, SITKA",borough
Jurisdiction,"State College, Kenai Peninsula Borough, West Chester",borough
borough_name,"Brooklyn, Staten Island, Fairbanks North Star Borough",borough
MUNICIPAL_BOROUGH,"Kenai Peninsula Borough, ANCHORAGE BOROUGH, Juneau Borough",borough
Borough,"Matanuska-Susitna Borough, Ketchikan Gateway Borough, Sitka Borough",borough
Borough_Name,"Staten Island, The Bronx, Kenai Peninsula Borough",borough
BOROUGH,"STATEN ISLAND, ALEUTIANS EAST BOROUGH, LAKE AND PENINSULA BOROUGH",borough
jurisdiction_borough,"The Bronx, North Slope Borough, Denali Borough",borough
boro,"Brooklyn, Staten Island, Anchorage Borough",borough
Borough_Name,"Fairbanks North Star Borough, Kenai Peninsula Borough, Matanuska-Susitna Borough",borough
BOROUGH_DISTRICT,"GETTYSBURG, DOYLESTOWN, JUNEAU",borough
BoroughName,"Staten Island, The Bronx, Fairbanks North Star Borough",borough
municipal_borough,"State College, Metuchen, Doylestown",borough
JurisdictionBorough,"Kenai Peninsula Borough, Juneau, Ketchikan Gateway Borough",borough
borough_name,"Brooklyn, Staten Island, Fairbanks North Star Borough",borough
Borough,"Kenai Peninsula Borough, Juneau, Ketchikan Gateway Borough",borough
municipality_borough,"North Slope Borough, ANCHORAGE, Haines Borough",borough
borough_name,"Brooklyn, Staten Island, Anchorage Borough",borough
location_borough,"Fairbanks North Star Borough, Matanuska-Susitna Borough, Juneau Borough",borough
site_borough,"Kenai Peninsula Borough, Ketchikan Gateway Borough, NORTH SLOPE BOROUGH",borough
Borough_Name,"Staten Island, The Bronx, Fairbanks North Star Borough",borough
Admin_Borough,"Juneau Borough, Matanuska-Susitna Borough, Kenai Peninsula Borough",borough
City_Borough,"Anchorage Borough, Sitka Borough, Haines Borough",borough
boro,"STATEN ISLAND, The Bronx, Anchorage Borough",borough
borough_name,"Fairbanks North Star Borough, Kenai Peninsula Borough, Juneau Borough",borough
JurisdictionBorough,"Matanuska-Susitna Borough, Bristol Bay Borough, Kodiak Island Borough",borough
boro_name,"STATEN ISLAND, The Bronx, Anchorage Borough",borough
BoroughName,"Fairbanks North Star Borough, Juneau Borough, Kenai Peninsula Borough",borough
municipality_district,"Matanuska-Susitna Borough, Gettysburg Borough, Ketchikan Gateway Borough",borough
borough_name,"Staten Island, The Bronx, Anchorage",borough
MunicipalityBorough,"Fairbanks North Star Borough, Kenai Peninsula Borough, Juneau Borough",borough
Borough_Designation,"Matanuska-Susitna Borough, Ketchikan Gateway Borough, Haines Borough",borough
borough_id,"3, 4, 5",borough_code
b_code,"170, 122, 90",borough_code
boro_identifier,"20, 110, 130",borough_code
boro_id,"3, 4, 5",borough_code
borough_num_code,"110, 020, 170",borough_code
borough_abbreviation,"BRX, QNS, SI",borough_code
boro_code,"3, 4, 5",borough_code
borough_id,"5, 3, 4",borough_code
b_code,"4, 5, 3",borough_code
borough_id,"3, 4, 5",borough_code
boro_code,"5, 3, 4",borough_code
borough_num,"4, 5, 3",borough_code
borough_id,"3, 4, 5",borough_code
boro_num,"5, 1, 3",borough_code
nyc_boro_code,"4, 2, 1",borough_code
boro_code,"3, 4, 5",borough_code
borough_id,"3, 4, 5",borough_code
borough_num,"3, 4, 5",borough_code
boro_code,"3, 4, 5",borough_code
borough_id,"11, 102, 16",borough_code
borough_num,"220, 31, 8",borough_code
boro_code,"3, 4, 5",borough_code
borough_id,"3, QN, BX",borough_code
borough_identifier,"MN, BK, SI",borough_code
borough_id,"3, 4, 5",borough_code
boro_num,"5, 4, 3",borough_code
borough_identifier,"4, 3, 5",borough_code
boro_code,"3, 4, 5",borough_code
borough_id,"5, 1, 4",borough_code
b_code,"2, 3, 1",borough_code
boro_id,"3, 4, 5",borough_code
borough_identifier,"110, 130, 180",borough_code
borough_num_code,"MN, BX, SI",borough_code
borough_id,"3, 4, 5",borough_code
boro_code_alpha,"BK, MN, QN",borough_code
borough_abbreviation,"BX, SI, M",borough_code
boro_code,"3, 4, 5",borough_code
borough_num,"101, 202, 303",borough_code
borough_identifier,"MN, BK, QN",borough_code
borough_id,"3, 4, 5",borough_code
boro_num,"122, 130, 164",borough_code
b_code,"20, 60, 90",borough_code
borough_id,"3, 4, 5",borough_code
boro_code,"110, 122, 130",borough_code
borough_identifier,"MN, BX, SI",borough_code
borough_id,"3, 4, 5",borough_code
boro_code_num,"101, 102, 103",borough_code
b_code,"11, 21, 31",borough_code
borough_id,"5, 020, 150",borough_code
boro_code,"4, 050, 275",borough_code
boro_num,"3, 110, 180",borough_code
boro_id,"3, 4, 5",borough_code
borough_identifier,"5, 3, 4",borough_code
boro_num,"4, 5, 3",borough_code
borough_id,"3, 4, 5",borough_code
b_code,"BK, QN, SI",borough_code
boro_num,"122, 130, 170",borough_code
borough_id,"3, 4, 5",borough_code
b_code,"5, 3, 4",borough_code
boro_code,"4, 3, 5",borough_code
BoroughName,"Manhattan, The Bronx, Fairbanks North Star Borough",borough
borough_division,"Kenai Peninsula Borough, Juneau Borough, Kodiak Island Borough",borough
MUNICIPAL_BOROUGH,"Anchorage Borough, Denali Borough, Bristol Bay Borough",borough
MUNICIPAL_BOROUGH,"STATEN ISLAND, THE BRONX, JUNEAU BOROUGH",borough
BOROUGH_NAME,"Anchorage, Fairbanks North Star, Kenai Peninsula",borough
CITY_BOROUGH,"MATANUSKA-SUSITNA, KETCHIKAN GATEWAY, NORTH SLOPE",borough
BoroName,"The Bronx, Staten Island, Matanuska-Susitna Borough",borough
municipality_borough,"Fairbanks North Star Borough, Kenai Peninsula Borough, West Chester",borough
AdminBorough,"Anchorage, Juneau, Doylestown",borough
Borough_Name,"Brooklyn, The Bronx, Staten Island",borough
Municipality_Borough,"Fairbanks North Star Borough, Kenai Peninsula Borough, Juneau Borough",borough
borough_division,"West Chester Borough, Doylestown Borough, Matanuska-Susitna Borough",borough
boro_name,"The Bronx, Manhattan, Queens",borough
MunicipalBorough,"Fairbanks North Star Borough, Kenai Peninsula Borough, Juneau City and Borough",borough
Borough_Designation,"Staten Island, Brooklyn, Anchorage Borough",borough
CommunityBorough,"Staten Island, The Bronx, Juneau Borough",borough
borough_name,"Fairbanks North Star Borough, Kenai Peninsula Borough, Matanuska-Susitna Borough",borough
AdminBorough,"West Chester, Doylestown, ANCHORAGE",borough
boro,"STATEN ISLAND, The Bronx, Matanuska-Susitna Borough",borough
administrative_district,"Fairbanks North Star Borough, Kenai Peninsula Borough, Juneau",borough
BoroughName,"Denali Borough, Ketchikan Gateway Borough, Sitka",borough
BoroName,"The Bronx, Staten Island, Fairbanks North Star Borough",borough
admin_borough,"Kenai Peninsula Borough, Juneau Borough, North Slope Borough",borough
BOROUGH_JURISDICTION,"Denali Borough, Haines Borough, Ketchikan Gateway Borough",borough
borough_name,"Staten Island, The Bronx, Fairbanks North Star Borough",borough
MunicipalityBorough,"Kenai Peninsula Borough, Anchorage Borough, Matanuska-Susitna Borough",borough
Admin_District,"Juneau City and Borough, West Chester, Doylestown",borough
Borough_Name,"The Bronx, Staten Island, Matanuska-Susitna Borough",borough
BORO_NAME,"ANCHORAGE, JUNEAU, SITKA",borough
Jurisdiction,"State College, Kenai Peninsula Borough, West Chester",borough
borough_name,"Brooklyn, Staten Island, Fairbanks North Star Borough",borough
MUNICIPAL_BOROUGH,"Kenai Peninsula Borough, ANCHORAGE BOROUGH, Juneau Borough",borough
Borough,"Matanuska-Susitna Borough, Ketchikan Gateway Borough, Sitka Borough",borough
Borough_Name,"Staten Island, The Bronx, Kenai Peninsula Borough",borough
BOROUGH,"STATEN ISLAND, ALEUTIANS EAST BOROUGH, LAKE AND PENINSULA BOROUGH",borough
jurisdiction_borough,"The Bronx, North Slope Borough, Denali Borough",borough
boro,"Brooklyn, Staten Island, Anchorage Borough",borough
Borough_Name,"Fairbanks North Star Borough, Kenai Peninsula Borough, Matanuska-Susitna Borough",borough
BOROUGH_DISTRICT,"GETTYSBURG, DOYLESTOWN, JUNEAU",borough
BoroughName,"Staten Island, The Bronx, Fairbanks North Star Borough",borough
municipal_borough,"State College, Metuchen, Doylestown",borough
JurisdictionBorough,"Kenai Peninsula Borough, Juneau, Ketchikan Gateway Borough",borough
borough_name,"Brooklyn, Staten Island, Fairbanks North Star Borough",borough
Borough,"Kenai Peninsula Borough, Juneau, Ketchikan Gateway Borough",borough
municipality_borough,"North Slope Borough, ANCHORAGE, Haines Borough",borough
borough_name,"Brooklyn, Staten Island, Anchorage Borough",borough
location_borough,"Fairbanks North Star Borough, Matanuska-Susitna Borough, Juneau Borough",borough
site_borough,"Kenai Peninsula Borough, Ketchikan Gateway Borough, NORTH SLOPE BOROUGH",borough
Borough_Name,"Staten Island, The Bronx, Fairbanks North Star Borough",borough
Admin_Borough,"Juneau Borough, Matanuska-Susitna Borough, Kenai Peninsula Borough",borough
City_Borough,"Anchorage Borough, Sitka Borough, Haines Borough",borough
boro,"STATEN ISLAND, The Bronx, Anchorage Borough",borough
borough_name,"Fairbanks North Star Borough, Kenai Peninsula Borough, Juneau Borough",borough
JurisdictionBorough,"Matanuska-Susitna Borough, Bristol Bay Borough, Kodiak Island Borough",borough
boro_name,"STATEN ISLAND, The Bronx, Anchorage Borough",borough
BoroughName,"Fairbanks North Star Borough, Juneau Borough, Kenai Peninsula Borough",borough
municipality_district,"Matanuska-Susitna Borough, Gettysburg Borough, Ketchikan Gateway Borough",borough
borough_name,"Staten Island, The Bronx, Anchorage",borough
MunicipalityBorough,"Fairbanks North Star Borough, Kenai Peninsula Borough, Juneau Borough",borough
Borough_Designation,"Matanuska-Susitna Borough, Ketchikan Gateway Borough, Haines Borough",borough
borough_id,"3, 4, 5",borough_code
boro_code,"MN, BK, BX",borough_code
borough_num,"101, 202, 303",borough_code
borough_id,"3, 4, 5",borough_code
b_code,"BX, QN, SI",borough_code
borough_identifier,"101, 201, 301",borough_code
boro_id,"3, 4, 5",borough_code
borough_num,"BX, QN, SI",borough_code
b_code,"020, 110, 170",borough_code
boro_code,"3, 4, 5",borough_code
borough_identifier,"20, 90, 122",borough_code
boro_id,"110, 170, 220",borough_code
boro_code,"3, 4, 5",borough_code
borough_id,"5, 3, 4",borough_code
boro_num,"4, 5, 3",borough_code
borough_identifier,"3, 5, 4",borough_code
boroCode,"4, 3, 5",borough_code
nyc_borough_num,"5, 4, 3",borough_code
borough_id,"3, 4, 5",borough_code
boro_identifier,"4, 5, 3",borough_code
b_code,"5, 3, 4",borough_code
borough_id,"3, 4, 5",borough_code
boro_identifier,"QN, BK, SI",borough_code
borough_code_alpha,"MN, BX, BK",borough_code
boro_code,"3, 4, 5",borough_code
borough_identifier,"5, 3, 4",borough_code
b_code,"4, 5, 3",borough_code
boro_id,"3, 4, 5",borough_code
borough_identifier,"BX, QN, SI",borough_code
borough_num,"301, 401, 501",borough_code
borough_num,"3, 4, 5",borough_code
boro_id,"MN, QN, BX",borough_code
borough_code_val,"110, 020, 170",borough_code
borough_identifier,"3, 4, 5",borough_code
boro_id,"4, 5, 3",borough_code
b_code,"5, 3, 4",borough_code
borough_id,"3, 4, 5",borough_code
boro_identifier,"BX, QN, SI",borough_code
b_code,"5, 3, 4",borough_code
borough_id,"3, 4, 5",borough_code
boro_code,"5, 3, 4",borough_code
borough_num,"4, 5, 3",borough_code
borough_id,"3, 4, 5",borough_code
boro_code,"4, 5, 3",borough_code
BoroughNum,"5, 3, 4",borough_code
borough_identifier,"3, 4, 5",borough_code
boro_numeric_code,"5, 3, 4",borough_code
b_code,"4, 5, 3",borough_code
boro_id,"3, 4, 5",borough_code
borough_identifier,"5, 3, 4",borough_code
boro_num,"4, 5, 3",borough_code
borough_id,"3, 4, 5",borough_code
boro_code,"MN, BK, QN",borough_code
borough_num,"020, 110, 090",borough_code
borough_identifier,"3, 4, 5",borough_code
boro_code_num,"5, 3, 4",borough_code
b_code,"4, 5, 3",borough_code
boro_id,"3, 4, 5",borough_code
borough_number,"101, 205, 310",borough_code
borough_identifier,"BX, MN, BK",borough_code
borough_name,"The Bronx, Manhattan, Fairbanks North Star Borough",borough
Borough,"Anchorage Borough, Kenai Peninsula Borough, Matanuska-Susitna Borough",borough
BOROUGH_NAME,"Juneau Borough, Ketchikan Gateway Borough, Bristol Bay Borough",borough
BoroughName,"Staten Island, The Bronx, Fairbanks North Star Borough",borough
boro_assignment,"Juneau Borough, Kenai Peninsula Borough, Matanuska-Susitna Borough",borough
MUNICIPAL_BOROUGH,"Aleutians East Borough, Ketchikan Gateway Borough, Kodiak Island Borough",borough
ADMINISTRATIVE_BOROUGH,"Staten Island, The Bronx, Fairbanks North Star Borough",borough
MUNICIPAL_DISTRICT,"Anchorage Borough, Matanuska-Susitna Borough, Kenai Peninsula Borough",borough
BOROUGH_NAME,"Doylestown, Gettysburg, Juneau Borough",borough
boro_name,"Brooklyn, The Bronx, Staten Island",borough
ADMIN_BOROUGH,"Fairbanks North Star Borough, Kenai Peninsula Borough, Juneau City and Borough",borough
BoroughName,"Ketchikan Gateway Borough, Matanuska-Susitna Borough, Denali Borough",borough
Borough Name,"Brooklyn, The Bronx, Queens",borough
Municipal_Borough,"Staten Island, Fairbanks North Star Borough, Kenai Peninsula Borough",borough
Administrative_District,"Manhattan, Anchorage, Matanuska-Susitna Borough",borough
Boro,"The Bronx, Staten Island, Anchorage Borough",borough
borough_district,"Fairbanks North Star Borough, Juneau Borough, Kenai Peninsula Borough",borough
Admin_Borough,"Matanuska-Susitna Borough, State College, Haines Borough",borough
boro_name,"Staten Island, The Bronx, Anchorage Borough",borough
municipality_borough,"Fairbanks North Star Borough, Kenai Peninsula Borough, Juneau City and Borough",borough
AdminBorough,"MATANUSKA-SUSITNA BOROUGH, Bristol Bay Borough, Haines Borough",borough
BoroughName,"Staten Island, The Bronx, Anchorage Borough",borough
AdministrativeBorough,"Fairbanks North Star Borough, Kenai Peninsula Borough, Juneau Borough",borough
MunicipalityBorough,"Matanuska-Susitna Borough, Kodiak Island Borough, Haines Borough",borough
BoroName,"STATEN ISLAND, The Bronx, Fairbanks North Star Borough",borough
BOROUGH_NAME,"Anchorage, Matanuska-Susitna Borough, Kodiak Island Borough",borough
JurisdictionBorough,"Denali Borough, Haines Borough, Yakutat City and Borough",borough
Borough_Name,"Staten Island, The Bronx, Fairbanks North Star Borough",borough
BORO,"JUNEAU, KENAI PENINSULA, KETCHIKAN GATEWAY",borough
AdministrativeBorough,"Matanuska-Susitna Borough, State College, Haddonfield",borough
borough_name,"Brooklyn, Staten Island, Fairbanks North Star Borough",borough
Borough,"State College, Kenai Peninsula Borough, Juneau",borough
BORO_NM,"ANCHORAGE, Matanuska-Susitna Borough, Sitka",borough
boro_name,"The Bronx, Staten Island, Fairbanks North Star Borough",borough
CommunityDistrict,"Kenai Peninsula Borough, Juneau Borough, Matanuska-Susitna Borough",borough
NYC_BORO,"Ketchikan Gateway Borough, Kodiak Island Borough, Anchorage Borough",borough
BoroughName,"Brooklyn, Staten Island, Anchorage Borough",borough
MUNICIPAL_BOROUGH,"FAIRBANKS NORTH STAR BOROUGH, KENAI PENINSULA BOROUGH, MATANUSKA-SUSITNA BOROUGH",borough
AdminBorough,"West Chester, Doylestown, Haddonfield",borough
Boro,"The Bronx, Staten Island, Fairbanks North Star Borough",borough
BOROUGH,"ANCHORAGE, JUNEAU, SITKA",borough
Borough_Name,"Matanuska-Susitna Borough, Kenai Peninsula Borough, Bristol Bay Borough",borough
borough,"Brooklyn, Staten Island, Fairbanks North Star Borough",borough
borough_name,"Kenai Peninsula Borough, Juneau Borough, Doylestown",borough
admin_borough,"Matanuska-Susitna Borough, KETCHIKAN GATEWAY BOROUGH, Fort Lee",borough
borough_name,"Brooklyn, Staten Island, Fairbanks North Star Borough",borough
municipality_borough,"Anchorage Borough, Kenai Peninsula Borough, Juneau Borough",borough
location_boro,"Matanuska-Susitna Borough, Ketchikan Gateway Borough, North Slope Borough",borough
Borough_Name,"STATEN ISLAND, The Bronx, Fairbanks North Star Borough",borough
Admin_Borough,"Kenai Peninsula Borough, Juneau Borough, Anchorage",borough
CityBorough,"Matanuska-Susitna Borough, Kodiak Island Borough, Bristol Bay Borough",borough
boro_name,"Staten Island, The Bronx, Anchorage Borough",borough
BOROUGH_DESC,"FAIRBANKS NORTH STAR BOROUGH, KENAI PENINSULA BOROUGH, JUNEAU BOROUGH",borough
CommunityBorough,"Matanuska-Susitna Borough, Denali Borough, Kodiak Island Borough",borough
BoroughName,"STATEN ISLAND, The Bronx, Fairbanks North Star Borough",borough
Administrative_Borough,"Kenai Peninsula Borough, Juneau Borough, Anchorage Borough",borough
borough_desc,"Matanuska-Susitna Borough, Bristol Bay Borough, Haines Borough",borough
boro_name,"Staten Island, THE BRONX, Fairbanks North Star Borough",borough
CityBorough,"Kenai Peninsula Borough, Anchorage Borough, Juneau Borough",borough
BOROUGH_DESC,"MATANUSKA-SUSITNA BOROUGH, Ketchikan Gateway Borough, Bristol Bay Borough",borough
postal_code,"94105, 90012, 92101",zip5
zip,"10011, 10023, 10004",zip5
zip_code_5,"77002, 75201, 78704",zip5
postal_code,"94102, 90210, 92101",zip5
zip5_code,"60601, 60614, 60657",zip5
Zip,"10001, 10012, 10023",zip5
PostalCode,"94110, 90210, 92101",zip5
Zip_5,"10011, 10012, 10013",zip5
MailingZip,"33133, 33139, 33140",zip5
PostalCode,"90210, 94117, 92101",zip5
Zip,"10011, 14202, 12203",zip5
LocationZip,"75201, 77002, 78704",zip5
LocationZip,"90210, 94105, 95123",zip5
PostalCode,"75201, 78701, 77002",zip5
Zip_Code,"02108, 01103, 01608",zip5
PostalCode,"94110, 90210, 92101",zip5
Zip5,"33131, 33139, 33109",zip5
MailingZip,"60601, 60611, 60614",zip5
postal_code,"90210, 94105, 92101",zip5
ZipCode,"10019, 11211, 14202",zip5
zip,"33131, 33602, 32801",zip5
zip,"94102, 90012, 92109",zip5
postal_code,"77002, 75201, 78701",zip5
zip_code_5,"10011, 12207, 14202",zip5
postal_code,"90210, 94117, 92109",zip5
zip,"75201, 77002, 78701",zip5
mail_zip,"02108, 01103, 01608",zip5
incident_zip_code,"90210, 94105, 92101",zip5
LocationZip,"33131, 33602, 32801",zip5
ZipcodeOfOccurrence,"60601, 60614, 60657",zip5
POSTAL_CODE,"94105, 90012, 92614",zip5
ZIP5,"60606, 60611, 60654",zip5
LOCATION_ZIP,"33131, 33139, 33178",zip5
postal_code,"94102, 90210, 95113",zip5
Zip5,"10001, 10019, 10036",zip5
LOCATION_ZIP,"60601, 60611, 60614",zip5
PostalCode,"90210, 94117, 95814",zip5
Zip_Code_5_Digit,"10001, 10012, 10025",zip5
zip,"60601, 60614, 60657",zip5
postal_code,"90210, 94105, 92101",zip5
zipcode_5digit,"33131, 33602, 32801",zip5
mailing_zip,"10007, 11201, 10451",zip5
PostalCode,"90210, 94110, 92101",zip5
Event_ZIP,"75201, 77002, 78701",zip5
LocationZip,"02109, 02114, 02116",zip5
PostalCode,"90210, 94105, 92101",zip5
mailing_zip,"02108, 01103, 02134",zip5
location_zip5,"33133, 33139, 33109",zip5
postal_code,"94102, 90210, 92101",zip5
zip_code_5,"10001, 10011, 11201",zip5
zip,"60601, 60614, 60657",zip5
postal_code,"94110, 94117, 94105",zip5
Zip5,"75201, 75202, 75204",zip5
zip,"06103, 06105, 06106",zip5
postal_code,"90210, 94105, 92101",zip5
zip,"75201, 77002, 78701",zip5
zip5_code,"02110, 01103, 01608",zip5
LocationZipCode,"94102, 90210, 95814",zip5
PostalCode_Event,"10001, 10011, 10023",zip5
Event_Zip_5_Digit,"60601, 60614, 60657",zip5
postal_code,"94102, 90210, 95814",zip5
five_digit_zip,"75201, 77002, 78701",zip5
zip5_code,"06103, 06510, 06901",zip5
postal_code,"94105, 90012, 92101",zip5
zip,"60606, 60614, 60654",zip5
Zip5Code,"33131, 33132, 33130",zip5
postal_code,"94102, 90210, 95112",zip5
zip_code,"33139, 33602, 32801",zip5
Zipcode5,"60605, 60611, 60654",zip5
postal_code,"90210, 94105, 92101",zip5
zip5_code,"60601, 60614, 60657",zip5
location_zip,"33109, 33139, 33140",zip5
zip_code,"90210, 94110, 92101",zip5
location_zip,"75201, 77002, 78701",zip5
postal_code,"02108, 01103, 01608",zip5
postal_code,"90210, 94103, 92101",zip5
zip5_code,"75201, 77002, 78701",zip5
location_zip,"02108, 01103, 01608",zip5
POSTAL_CODE,"94102, 90210, 95814",zip5
ZIPCODE,"60601, 60614, 62701",zip5
MAILING_ZIP,"33109, 33139, 30303",zip5
PostalCode,"90210, 94103, 92101",zip5
zip_code,"60601, 60614, 60657",zip5
Zipcode,"33109, 33139, 33140",zip5
postal_code,"90210, 94108, 92101",zip5
Zip,"10001, 11201, 14202",zip5
zip_5,"33131, 33602, 32801",zip5
Location Zip Code,"94102, 94109, 94118",zip5
Postal Code,"33130, 33131, 33139",zip5
Event Zip,"10011, 10012, 10013",zip5
postal_code,"94110, 94105, 94118",zip5
zip5_code,"10011, 10012, 10013",zip5
LocationZip,"77002, 77005, 77006",zip5
postal_code,"90210, 94110, 95112",zip5
zip_code_5,"75201, 77002, 78701",zip5
address_zip,"02108, 02116, 02215",zip5
postal_code,"94105, 94108, 94122",zip5
location_zip,"33130, 33139, 33155",zip5
zip5_code,"60601, 60614, 60657",zip5
Postal_Code,"90210, 94105, 92101",zip5
Zip5,"10001, 14202, 12207",zip5
postal,"75201, 77002, 78701",zip5
location_zipcode,"90210, 94117, 92614",zip5
event_postal_code,"75201, 77002, 78701",zip5
report_zip_code,"33131, 33602, 32801",zip5
postal_code,"90210, 94105, 92618",zip5
Zip5,"10011, 11201, 14623",zip5
zip,"75201, 77005, 78704",zip5
PostalCode,"33139, 32801, 34236",zip5
zip,"60614, 60657, 60601",zip5
Mailing_Zip,"98101, 98109, 98122",zip5
PostalCode,"94110, 94117, 94103",zip5
Zip_Code,"33131, 33139, 33109",zip5
Zip5,"10001, 10011, 10019",zip5
zip,"94110, 90210, 92101",zip5
postal_code,"33131, 33602, 32801",zip5
zip_5,"60601, 60614, 60657",zip5
zip_code,"90210, 94103, 92101",zip5
location_zipcode,"75201, 77002, 78701",zip5
postal_code,"33131, 32801, 33602",zip5
zip9_code,"94110-1234, 94107-5678, 94114-9012",zip9
postal_code_full,"10001-2410, 10011-3111, 10023-4825",zip9
mailing_zip,"33130-1199, 33131-2005, 33132-3515",zip9
zip_code_full,"90210-1234, 90210-5678, 90210-0015",zip9
postal_code_plus4,"10001-2501, 10002-8843, 10003-1122",zip9
zip9,"75201-3456, 75201-7890, 75201-1111",zip9
ZipCodePlus4,"90210-1706, 94105-5401, 92101-5917",zip9
full_zip_code,"77002-1001, 77002-2345, 77002-8899",zip9
postal_code_9,"33139-2514, 32819-8111, 33602-5147",zip9
postal_code_full,"90210-1702, 90211-1401, 90212-2315",zip9
zip_plus_4,"33139-1234, 33140-5678, 33141-9012",zip9
extended_zip,"60611-1122, 60611-3344, 60611-5566",zip9
postal_code_full,"90210-1702, 90211-2345, 90212-9876",zip9
zip_code_plus4,"33139-1111, 33139-2222, 33139-3333",zip9
location_zip9,"60606-1234, 60611-5678, 60654-9012",zip9
zip_plus_4,"90210-1234, 94110-5678, 90012-9012",zip9
FullZipCode,"75201-0010, 75201-1122, 75201-4589",zip9
postal_code_9,"10001-2345, 11201-6789, 12207-1111",zip9
zip_plus_4,"90210-1501, 94105-5512, 92101-3825",zip9
full_zip_code,"95814-2919, 95814-3474, 95814-0155",zip9
postal_code_ext,"93721-1234, 95113-5678, 92618-9012",zip9
zip_code_full,"94110-3415, 90210-2411, 95126-1109",zip9
PostalCodePlus4,"33139-2101, 33139-3522, 33139-4876",zip9
zip_plus_4,"60611-1234, 60614-5678, 60657-9012",zip9
zip_plus_4,"94105-3911, 94108-5402, 94122-2217",zip9
FullZipCode,"10021-4806, 10021-8753, 10021-0119",zip9
extended_postal_code,"60605-4501, 60614-2334, 60657-3412",zip9
Postal Code Plus 4,"90210-2411, 90211-1702, 90212-3607",zip9
Full Zip,"75201-3101, 75201-3122, 75201-5558",zip9
Zip Plus Four,"10004-1234, 10005-5678, 10006-9012",zip9
ZIP_PLUS4,"94110-3456, 90012-1298, 95814-2201",zip9
postal_code_full,"77002-1001, 77002-4587, 77002-9103",zip9
zipcode9,"10023-5544, 11201-3820, 12207-6543",zip9
zip_code_plus4,"90210-1702, 94110-3456, 92101-7890",zip9
Zip9,"10001-1234, 10001-5588, 10001-0005",zip9
FullPostalCode,"75201-2345, 77002-6789, 78701-1111",zip9
zip_plus_4,"94110-1234, 94105-5678, 94118-9012",zip9
postal_code_full,"33131-0110, 33131-2550, 33131-8765",zip9
full_zipcode,"60606-1111, 60611-2222, 60614-3333",zip9
zip_code_plus_4,"10022-7201, 10022-1598, 10022-4311",zip9
postal_code_extended,"33131-2902, 33132-1011, 33130-3001",zip9
ZipPlus4,"98101-3701, 98101-2521, 98101-3412",zip9
postal_code_full,"94102-1415, 94109-2653, 94118-3801",zip9
zip_plus_4,"33130-1122, 33131-3344, 33132-5566",zip9
zip9_code,"10001-0010, 10001-2035, 10001-8754",zip9
zip_plus_4,"90210-1501, 94117-2511, 95126-3456",zip9
postal_code_ext,"78701-1122, 78701-3450, 78701-9876",zip9
zip_extended,"33139-2101, 32819-8601, 33602-5149",zip9
postal_code_full,"90210-1234, 90210-5588, 90210-2715",zip9
ZipPlus4,"60606-1111, 60611-2222, 60654-3333",zip9
zip_extended,"33131-4501, 33139-6789, 33109-1122",zip9
postal_code_full,"90210-1234, 94110-5678, 90012-9012",zip9
zip_plus_4,"10001-0001, 10001-2550, 10001-8765",zip9
full_zipcode,"75201-3456, 78701-7890, 77002-4321",zip9
Zip_Plus_4,"94110-3456, 94110-1298, 94110-7701",zip9
Zipcode9,"33109-5401, 33139-2115, 33140-8888",zip9
Postal_Code_9_Digit,"60601-1111, 60605-2345, 60616-9876",zip9
zip_code_plus4,"94110-3631, 90210-1501, 95126-2716",zip9
PostalCode9,"33139-2114, 33139-3522, 33139-4809",zip9
zip_full,"60601-1234, 60611-5678, 60654-9012",zip9
zip_code_plus4,"90210-1234, 90210-5678, 90210-0110",zip9
postalCode9,"60601-1122, 60614-3344, 60657-5566",zip9
zipcode_extended,"33131-1000, 33139-2021, 33109-3033",zip9
zip_plus_4,"10011-2009, 10011-3456, 10011-8710",zip9
full_zip_code,"14202-1234, 14203-5678, 14204-9012",zip9
zip9_code,"60606-1703, 60607-3808, 60661-2917",zip9
postal_code_full,"90210-1501, 90210-2411, 90210-3318",zip9
zip_plus_4,"10011-2345, 10012-6789, 10013-0123",zip9
zipcode9,"33131-1050, 33139-3001, 33156-5421",zip9
zip_code_plus_4,"10001-1234, 10011-5678, 10023-9012",zip9
postal_code_full,"94110-3384, 94105-1905, 94103-4801",zip9
ZipPlus4,"60601-1122, 60616-3456, 60654-7890",zip9
zip_plus_4,"94110-3614, 94117-2511, 94105-1815",zip9
full_zip_code,"60606-1234, 60606-5678, 60606-9012",zip9
zipcode_9,"10001-2241, 10011-8754, 10013-0987",zip9
ZIP9_Code,"94110-2358, 94103-1121, 94107-4567",zip9
Postal_Code_Plus4,"75201-1122, 75201-3344, 75201-5566",zip9
FullZip,"33130-1010, 33139-2501, 33140-1999",zip9
zip_plus_4,"94110-3635, 94110-1845, 94110-5910",zip9
postal_code_full,"33131-2902, 33139-3310, 33140-1703",zip9
zip9_code,"60614-1234, 60614-5678, 60614-9012",zip9
zip_plus_4,"94102-1550, 94103-4908, 94105-2907",zip9
full_zip_code,"10011-5802, 10011-6789, 10011-1234",zip9
postal_code_extended,"75201-3101, 75202-5405, 75204-2608",zip9
zip_plus_4,"90210-1234, 90210-5678, 90210-9012",zip9
postal_code_9,"33130-1122, 33131-3344, 33132-5566",zip9
zip9_code,"60601-1000, 60601-2550, 60601-8341",zip9
ZIP_PLUS4,"94107-3101, 90210-2411, 92614-4903",zip9
postalCodeFull,"75201-1234, 75201-5678, 75201-9012",zip9
zip_code_9,"10012-1090, 11211-6401, 10025-5610",zip9
Zip_Plus_4,"94110-1234, 94110-5678, 94110-9012",zip9
Extended_Zip,"33130-1122, 33131-3344, 33132-5566",zip9
Full_Postal_Code,"60601-2345, 60611-6789, 60614-1011",zip9
postal_code_full,"90210-1501, 90210-2411, 90210-3652",zip9
zip_plus_4,"94102-4904, 90012-3203, 95113-1009",zip9
zipcode9,"33139-2314, 33139-3501, 33139-1706",zip9
postal_code_full,"90210-1501, 94105-3914, 95814-2919",zip9
zip_code_plus4,"77002-1001, 75201-3101, 78701-4402",zip9
mailing_zip_9,"10001-0005, 12210-0413, 14202-3114",zip9
ZipPlus4,"90210-1234, 94110-5678, 92101-9012",zip9
zip_code_full,"10001-0001, 10001-2501, 10001-8888",zip9
PostalCode9,"75201-3456, 77002-7890, 78701-1122",zip9
zip_plus_4,"94110-3456, 90210-1122, 95123-8765",zip9
PostalCodePlus4,"77002-1234, 77002-5678, 77002-9012",zip9
full_zip_code,"10001-1111, 10011-2222, 10012-3333",zip9
postal_code_full,"94110-3456, 94107-1234, 94103-8765",zip9
zip_plus_4,"60614-1111, 60614-2222, 60614-3333",zip9
zip9_code,"33131-4501, 33139-2398, 33140-1928",zip9
zip_plus_4,"94110-2384, 94105-1905, 94117-3312",zip9
zip9_code,"60606-1234, 60611-5678, 60654-9012",zip9
full_zip,"33131-2501, 33139-3305, 33140-1111",zip9
ZIP Plus 4,"90210-1234, 94105-5678, 92101-9012",zip9
Postal Code Plus 4,"10001-0010, 10001-2555, 10001-8765",zip9
Full Zip Code,"33131-2803, 33139-1122, 33109-4598",zip9
zip_code_full,"90210-1551, 90210-2411, 90210-3818",zip9
zip_plus_4,"60605-1234, 60606-5678, 60607-9012",zip9
postal_code_extended,"33139-1122, 33139-3344, 33139-5566",zip9
Zip_Plus_4,"90210-1301, 90210-2568, 90210-3111",zip9
Full_Zip_Code,"94110-2612, 94117-1124, 94103-4501",zip9
Zipcode9,"75201-3456, 75201-7890, 75201-1122",zip9
easting,"-8794321.55, -11543210, -9876543.2",x_coord
map_x,"-13456789.01, -7654321, -10123456.7",x_coord
x_projected,"-9234567.89, -12345678, -8345678.9",x_coord
projected_easting,"-8345678.12, -11012345, -9753100.5",x_coord
map_x_coordinate,"-13245678.9, -7890123.45, -10500000",x_coord
x_coord_mercator,"-8899012.3, -12345678, -9988776.65",x_coord
easting_coordinate,"-8453210.77, -11029384.2, -13498765",x_coord
projected_x,"-9987123.45, -7543210.9, -12345678",x_coord
map_x_coord,"-8912345.67, -10567890, -9321098.55",x_coord
easting,"-9845123.5, -12543890, -8123456.78",x_coord
map_x,"-10567321.1, -7987654, -13456789.01",x_coord
x_coordinate,"-11109876.54, -9543210, -8765432.1",x_coord
easting,"-8754321.55, -12345678, -10598765.4",x_coord
x_projected,"-9988776.12, -11223344, -7654321.9",x_coord
map_x,"-13579246.80, -8432109, -9021055.7",x_coord
easting_m,"-9815432.11, -8245123.5, -11503298",x_coord
map_x,"-10532145.8, -7890123.45, -13456789.0",x_coord
x_projected,"-9321876.54, -12345678.9, -8877665.5",x_coord
Easting Coordinate,"-8234567.89, -11543210, -9876543.21",x_coord
Map X Value,"-7450123.5, -13001234.00, -10101010",x_coord
Projected Easting,"-12345678.9, -8899001, -9512345.67",x_coord
easting,"-8234567.89, -13210987.1, -9988776",x_coord
map_x,"-7543210.55, -11029384.0, -8899001.2",x_coord
x_coordinate,"-10543890.12, -9012345, -12345678.9",x_coord
easting,"-8345912.11, -11259345.8, -9582103",x_coord
map_x,"-10876543, -7654321.99, -13009876.5",x_coord
x_projected,"-9753109.2, -8642098.76, -12121212",x_coord
easting,"-8235471.55, -10987342.1, -9845123",x_coord
x_projected_coord,"-11245789.01, -7890123.45, -8567321.9",x_coord
map_x_value,"-13456789, -9012345.67, -8123456.78",x_coord
easting,"-8349572.11, -11987453.6, -9876543",x_coord
projected_x,"-13542987.55, -7453219, -10101010.1",x_coord
map_easting_x,"-9954201.78, -12345678.90, -8642097.53",x_coord
easting_coord,"-9845321.12, -11234567, -8765432.1",x_coord
map_x,"-13456789.01, -7654321.9, -10101010",x_coord
x_coordinate,"-8349201.55, -12500000, -9988776.6",x_coord
easting,"-8345912.11, -10983456.7, -9512357",x_coord
x_projected,"-12345678.90, -7654321.01, -8899001.2",x_coord
map_easting,"-9988776.54, -11223344.55, -8765432.1",x_coord
easting_coord,"-11054321.89, -8543210, -13210987.6",x_coord
map_x,"-9876543.21, -7998877, -12345678.90",x_coord
x_projected,"-10101010, -9250000.5, -14500123.45",x_coord
Projected X,"-8234567.89, -13254321.1, -9988776",x_coord
Easting Coordinate,"-7890123.45, -11223344.56, -10101010",x_coord
Map X Value,"-9500123.7, -12500456.01, -8877665.5",x_coord
easting,"-8574321.98, -10345678, -13123456.7",x_coord
map_x,"-9988776.54, -11223344, -7654321.01",x_coord
x_projected,"-8345912.4, -12456789.11, -9513579",x_coord
map_x,"-8238450.12, -13163299.5, -9760521",x_coord
easting,"-13625440.8, -8926105.33, -11688555",x_coord
x_projected,"-10543210.55, -7890123.4, -12345678.9",x_coord
Easting Coordinate,"-8543210.9, -12345678, -10987654.32",x_coord
Map X,"-9876543.2, -11223344, -7500123.45",x_coord
Projected X,"-14500123, -2345678.90, -9998887.7",x_coord
easting_coord,"-9854321.55, -11234567, -8765432.10",x_coord
map_x,"-12543210.9, -10987654.32, -7654321",x_coord
x_projected,"-13579246.8, -8642097.53, -10010010.01",x_coord
easting,"-9876543.21, -11012345, -8543210.9",x_coord
map_x,"-12500000.00, -7450000.5, -10005432.11",x_coord
x_coordinate,"-9998887, -13245678.90, -8877665.5",x_coord
easting,"-9854321.12, -11029384, -8765432.1",x_coord
map_x,"-12456789.01, -13210987.6, -9988776",x_coord
x_projected,"-7890123.45, -10101010, -8345678.9",x_coord
Easting,"-8432156.78, -10987654.3, -9753124",x_coord
Projected X,"-7654321.99, -12345678.1, -11223344",x_coord
Map X,"-9988776.54, -13579246, -8642097.5",x_coord
easting,"-8234567.89, -11012345, -9876543.2",x_coord
map_x,"-13542890.11, -7654321, -10005000.5",x_coord
x_projected,"-9258147.36, -8888888.8, -12345678",x_coord
easting_coord,"-8354291.55, -13498722.10, -10876543",x_coord
map_x_proj,"-9912345.67, -7456789.01, -12345678.9",x_coord
x_coordinate,"-11500345.8, -9245112.22, -8123456",x_coord
map_x,"-8234567.89, -12109876.5, -10555432",x_coord
easting,"-9876543.21, -11333222, -7543210.9",x_coord
x_projected,"-1543219.55, -13456789.01, -8888888.88",x_coord
Map Easting,"-8234567.12, -9753109.5, -13579246",x_coord
Projected X,"-11122334.45, -8899001.0, -10101010.1",x_coord
X Coordinate EPSG 3857,"-8333456.78, -12345678.9, -9988776",x_coord
map_x,"-8234567.89, -11543210, -9876543.2",x_coord
easting_coord,"-10555888.11, -7654321.5, -13219876",x_coord
x_projected,"-9998877.65, -8877665, -12345678.9",x_coord
easting,"-8239450.12, -11045987.5, -9753109",x_coord
map_x,"-13579246.8, -7584930.22, -10123456",x_coord
x_projection_coord,"-9876543.21, -12121212.1, -8005671",x_coord
easting,"-8234567.12, -11098765.0, -9543210",x_coord
map_x,"-13456789.9, -7654321.23, -10101010",x_coord
X Projected Coord,"-9876543, -12345678.90, -8889990.5",x_coord
easting,"-9786432.11, -10542987.5, -8345912",x_coord
map_x,"-12459876, -11987654.32, -13001456.9",x_coord
x_coordinate_projected,"-9543210.8, -7890123, -11223344.55",x_coord
Easting,"-11034567.89, -8745123, -13521890.5",x_coord
map_x,"-9812345.6, -7654321.01, -10005432",x_coord
x_coord_proj,"-12345678.9, -8219430.77, -9988776",x_coord
map_x,"-8345678.12, -13210987, -10012345.6",x_coord
easting_value,"-11543210.99, -9876543.21, -7654321",x_coord
projected_x,"-12345678.9, -8765432.10, -10987654",x_coord
map_x,"-8354321.45, -10987654, -13456789.1",x_coord
easting,"-9876543.21, -7543210.9, -11223344.55",x_coord
x_projected,"-8899001.12, -12345678, -9999999.99",x_coord
Easting Coordinate,"-8234567.89, -13209876.54, -10555123",x_coord
Map X Value,"-9876543.21, -7450112.30, -11122334",x_coord
Projected X,"-8901234.56, -12345678.9, -9998877",x_coord
easting_coord,"-9812345.67, -11234567.89, -8765432.10",x_coord
map_x,"-10543210, -7890123.45, -13456789.01",x_coord
projected_x,"-9988776.5, -12345000.12, -8899001",x_coord
easting,"-8234567.89, -12543210, -10010101.1",x_coord
map_x,"-9876543.21, -7456123.4, -11223344.55",x_coord
x_coordinate,"-13131313, -8585858.58, -9512357.9",x_coord
easting,"-8234567.89, -11987654.3, -9988776",x_coord
map_x,"-13543210.55, -7654321, -10123456.7",x_coord
x_projected,"-9512345.67, -12345678, -8877665.5",x_coord
easting,"-8234567.89, -11258901.1, -9876543",x_coord
x_projected_coord,"-13456789.01, -7654321.23, -10101010.1",x_coord
map_x,"-8500213.5, -12345678, -9998887.77",x_coord
Map X,"-9824571.35, -11135802.9, -8459210",x_coord
Easting,"-7458123.6, -13001549.22, -9218745",x_coord
Projected Easting,"-10254367.01, -8991234.5, -12158963.74",x_coord
easting,"-8349572.15, -13678901.5, -9982451",x_coord
map_x,"-11123456.78, -7458123.9, -10876543.21",x_coord
x_coordinate,"-12459876.33, -8899012.05, -7912345.6",x_coord
y_coord_proj,"4853211.55, 2987105.1, 6123456",y_coord
Northing,"3501298.7, 5554321.99, 4100800.01",y_coord
map_y,"6890123.45, 2112233, 5205205.25",y_coord
Northing Coordinate,"4512345.67, 3109876.5, 6001234",y_coord
Map Y,"2890543.11, 5321098.0, 4789123",y_coord
Projected Y,"3987654.32, 6543210.9, 2109876",y_coord
northing,"4500123.45, 3129876, 6200500.1",y_coord
y_projected,"2876543.21, 5554321.9, 4987654",y_coord
y_epsg_3857,"3999888.7, 6789012.34, 2123456",y_coord
y_coordinate,"4829103.55, 3150229.1, 6098345",y_coord
northing,"2505199.82, 5732041.09, 4412367.5",y_coord
map_y,"6951123.4, 2100587, 5543890.11",y_coord
Northing Coordinate,"4865942.25, 2987115.0, 6543210",y_coord
Projected Y,"3141592.6, 5201874.99, 4050607",y_coord
map_y,"2718281.82, 6891011.12, 5555555.55",y_coord
Northing,"4567890.12, 2134567, 6891234.5",y_coord
y_projected,"3876543.21, 5551212.0, 6999876.54",y_coord
Map_Y,"2987654, 4123456.78, 5050505.5",y_coord
northing,"3456789.12, 5123456, 6890123.4",y_coord
y_projected,"2109876.54, 4500123.0, 6999888",y_coord
map_y,"2500000.7, 4876543.21, 6010203",y_coord
northing,"4501234.56, 3890112, 6123456.7",y_coord
map_y,"2987654.32, 5554321.0, 4123987",y_coord
y_coordinate_projected,"3141592.65, 6875309.1, 2500000",y_coord
Northing,"4567890.12, 5123456.7, 3987654",y_coord
Projected Y,"6012345.55, 2876543.2, 4999888",y_coord
y_map_coordinate,"3543210.9, 2109876.54, 6543210",y_coord
y_northing,"4567890.12, 3123456, 6543210.5",y_coord
ProjectedY,"2890123.45, 5555555.55, 4100200.0",y_coord
mapNorthing,"6987123, 2005678.9, 3750000.75",y_coord
y_proj_coord,"3894152.14, 4567890, 6123456.7",y_coord
northing_m,"2500123.45, 5555555.55, 3141592",y_coord
map_y,"4998765.3, 2109876.54, 6876543.21",y_coord
northing,"4863157.33, 3987654, 6210987.1",y_coord
map_y,"2543189.05, 5100234.5, 4455667",y_coord
y_coordinate,"3321890.7, 6890123.45, 2987000",y_coord
northing,"4826153.21, 5123456.7, 6890123",y_coord
y_coord_proj,"2987154.55, 3456789.01, 5432109",y_coord
map_y,"6543210.98, 4258963, 3876543.21",y_coord
northing,"4835291.33, 3892145.8, 5412987",y_coord
y_projected_coord,"2987453.1, 4500123.45, 6234567.89",y_coord
map_y,"3345678, 5012345.6, 4289012.34",y_coord
northing,"4501234.56, 5123456, 3987654.3",y_coord
y_projected,"6019876.11, 2345678.9, 4999000",y_coord
map_y,"3500123, 6754321.01, 2005678.5",y_coord
northing,"4826351.72, 3998210.05, 6201745.0",y_coord
y_coordinate_proj,"2588103.4, 5301998.11, 4112345.67",y_coord
map_y,"6754321.9, 3141592, 4987234.50",y_coord
northing,"4851325.67, 5123456.0, 3987654.21",y_coord
map_y,"2987123.45, 6210987.5, 4500123.88",y_coord
y_proj,"3456789.1, 5554321.99, 2801743.05",y_coord
y_proj,"4251345.50, 4251890.11, 4252001.00",y_coord
northing,"3489012.33, 3490123.45, 3488765.99",y_coord
y_coordinate_meters,"3201456.78, 3201500.10, 3201987.65",y_coord
Northing,"4851332.55, 6123456.7, 2987001",y_coord
Projected Y Value,"5032145.1, 3876543.21, 6999888",y_coord
Y Map Coordinate,"2405833, 4567890.12, 5321987.65",y_coord
northing,"4512345.67, 3987654.1, 5123456",y_coord
y_projected,"2890123.45, 6123456.7, 4876543",y_coord
map_y,"3456789.01, 5554321.9, 6987123",y_coord
northing,"4588331.12, 3890123.4, 5123456",y_coord
y_coord_proj,"2876543.99, 6543210.8, 3344556.77",y_coord
map_y,"4998765.43, 2123456.0, 5555555.55",y_coord
y_northing,"4582103.55, 3998741, 6210987.1",y_coord
map_y_proj,"2890123.4, 5001234.99, 3456789",y_coord
y_projected,"4123456.78, 6876543.2, 2109876",y_coord
northing,"4567890.12, 3123456.7, 5500100.0",y_coord
y_projected,"2890543.55, 6123987, 4999888.9",y_coord
map_y,"2050111.2, 6876543.21, 3456789",y_coord
y_coordinate,"4862657.22, 3987123.5, 5123456",y_coord
northing,"2950118.0, 6543210.99, 4500000.1",y_coord
map_y,"3345890.75, 5876543.2, 2109876",y_coord
northing,"4567890, 6123456.7, 2500123.45",y_coord
map_y,"5150225.5, 3899100, 6987654.32",y_coord
y_projected,"2112345.67, 4999888.8, 3456789",y_coord
Projected Northing,"4532189.55, 6123456.0, 2890123.4",y_coord
y_coord_proj,"3456789.1, 5001234.56, 6987654.32",y_coord
Map Y Value,"2109876, 4876543.21, 5555555.5",y_coord
Northing,"4865132.25, 3768425.50, 2845901",y_coord
map_y,"5421890.11, 4509876, 3456789.9",y_coord
y_projection,"6100345.78, 2998765.43, 4250000.00",y_coord
y_coordinate,"4512345.67, 6890123.4, 2345678",y_coord
northing_value,"5123456.78, 3987654.3, 4455667",y_coord
map_y,"2876543.21, 6109876, 5050505.55",y_coord
northing,"4861533.19, 3757821.5, 6350141.0",y_coord
map_y,"2801443.3, 5209428.88, 4553109.9",y_coord
y_proj,"4012971.05, 6711467.2, 2260195",y_coord
projected_y_coord,"4567890.12, 3123456.7, 6543210",y_coord
Vertical Northing,"2890123.45, 5555555.55, 4000000.0",y_coord
map_northing,"6987654.32, 2109876, 3344556.78",y_coord
Northing,"4862803.12, 5123456.7, 3987654",y_coord
Projected Y,"6123456.78, 2500123.4, 4433221",y_coord
Map Northing,"3141592, 5926535.8, 6804511.23",y_coord
northing,"4532189.55, 6123456, 2890123.4",y_coord
y_coordinate,"3456789.1, 5012345.67, 6987654",y_coord
projected_y,"2123456.78, 4987654.3, 5555555.55",y_coord
northing,"4521345.67, 5109872.1, 3987654",y_coord
map_y,"6214321.05, 2876543.21, 4443322.9",y_coord
y_coord_proj,"2054321.8, 6890123.45, 5500100.11",y_coord
Northing,"4567890.12, 3123456, 5987654.3",y_coord
Projected Y,"2890123.45, 6123456.7, 4444555",y_coord
Map Y Value,"5050505.05, 2109876, 6999888.8",y_coord
y_projected,"4567890.12, 3123456, 6890123.4",y_coord
northing_m,"2501234.56, 5123456.7, 4200500",y_coord
map_y_value,"3876543.21, 6109876, 4998877.9",y_coord
northing,"3854123.55, 4987654.1, 6123456",y_coord
y_coordinate,"2500100.7, 5555555.55, 4321098.21",y_coord
map_y,"6987123.9, 2109876.0, 3456789.12",y_coord
y_coord_mercator,"5253481.25, 4147714.50, 6222839.91",y_coord
northing,"2891345.6, 4765982.11, 3501234.0",y_coord
map_y_proj,"6987123.45, 2109876.54, 4567890.1",y_coord
Northing,"4588331.12, 3987123.5, 6123456",y_coord
Projected Y,"2890155.7, 5001234.99, 3456789.01",y_coord
map_y,"6876543.21, 2109876.54, 5555555.55",y_coord
y_coord,"4512345.67, 2890500, 6123456.1",y_coord
projected_y,"3500123.45, 5554321.0, 2109876",y_coord
map_y_coord,"6987123.99, 2000500.5, 4876543",y_coord
northing,"4512345.6, 2890123.45, 6543210",y_coord
y_coordinate,"3105821.5, 5050505, 6987123.99",y_coord
map_y,"2500100.1, 4789012.34, 5555555.5",y_coord
address_line1,"1200 E California Blvd, 77 Massachusetts Avenue, 1060 West Addison Street",address
LOCATION_ADDRESS,"459 W 18TH ST, 233 S WACKER DR, CHICAGO, IL, 1 MAIN ST",address
ADDR_FULL,"1600 Amphitheatre Parkway, Mountain View, CA 94043, One Microsoft Way, Redmond, WA 98052, 4401 W. Kennedy Blvd., Tampa, FL 33609",address
site_addr,"PO Box 14934, 89 EAST 42ND STREET, P.O. Box 629, Raleigh, NC 27602",address
MailingAddress,"135 N. Grand Avenue, P.O. Box 5800, Albuquerque, NM, 2000 Avenue of the Stars",address
street_address,"1600 Pennsylvania Avenue NW, 101 Independence Ave SE, 4059 Mount Lee Dr",address
full_addr,"2700 N Vermont Ave, Los Angeles, CA 90027, 620 Atlantic Ave, Brooklyn, NY 11217, 1 E 161st St, The Bronx, NY 10451",address
Location Address,"P.O. Box 589, 1 Lincoln Memorial Cir NW, Washington, DC 20002, 440 G Street, NW",address
prop_addr,"1201 S Figueroa St, 1 MetLife Stadium Dr, East Rutherford, NJ 07073, 333 W 35th St",address
ADDRESS_LINE_1,"233 S WACKER DRIVE, 400 NORTH WABASH AVENUE, 151 N FRANKLIN ST",address
full_address,"1600 Pennsylvania Avenue NW, Washington, DC 20500, 350 5th Ave, New York, NY 10118, 1060 West Addison Street, Chicago, IL 60613",address
site_addr,"2900 Southern Blvd, 1515 N. Courthouse Road, 400 9th St SW",address
MAILING_ADDRESS,"P.O. Box 6100, PO BOX 1748, AUSTIN, TX 78767, P.O. Box 589, Bennington, VT 05201",address
property_location,"123 Main St, Apt 4B, 4400 University Dr #202, Fairfax, VA 22030, 205 E 42nd St, New York",address
addr1,"789 E DRAGRAM, 20 W 34th St., 4059 Mt Lee Dr",address
property_address,"1400 N State Pkwy, Chicago, IL 60610, 20 W 34th St, New York, NY 10001, 333 S Alameda St, Los Angeles, CA 90013",address
Street_Address,"102 S Main St, PO Box 218, 4455 Paradise Rd",address
full_addr,"888 Commonwealth Avenue, Boston, MA 02215, 1600 Amphitheatre Parkway, Mountain View, CA 94043, P.O. Box 789, Miami, FL 33101",address
LOCATION_ADDRESS,"1201 S. FIGUEROA STREET, 2600 BENJAMIN FRANKLIN PKWY, 400 BROAD ST, SEATTLE WA 98109",address
addr1,"555 N Canal St Ste 525, 233 S Wacker Dr, 111 S Michigan Ave",address
full_address,"123 Main St, Anytown, NY 12345, 456 Oak Ave, Suite 200, Springfield, IL 62704, 789 Pine Ln, Smallville, KS 66083",address
StreetAddress,"221B Baker Street, 1600 Pennsylvania Avenue NW, 10 Downing Street",address
ADDR1,"PO Box 1776, 450 W 33rd St, PO BOX 90210",address
property_location,"11 Wall Street, New York, NY, 350 5th Ave, New York, NY, 405 Lexington Ave",address
site_addr,"1 Infinite Loop, Cupertino, CA 95014, One Microsoft Way, Redmond, WA 98052, 1600 Amphitheatre Parkway, Mountain View, CA 94043",address
full_address,"1200 Getty Center Drive, Los Angeles, CA 90049, 333 W 35th St, Chicago, IL 60616, 2901 S Claiborne Ave, New Orleans, LA 70125",address
ADDR_LN_1,"45 ROCKEFELLER PLAZA, P.O. BOX 2128, 89 E 42ND STREET",address
premise_address,"1000 5th Ave, 1 Ferry Building, 201 E Randolph St",address
street_address_parcels,"987 N Point St, San Francisco, CA, P.O. Box 7410, 1500 Sugar Bowl Dr",address
location_street,"1 Lincoln Memorial Cir NW, 2 Liberty Bell Ctr, 465 Huntington Ave, Boston, MA 02115",address
Location Address,"1201 S Figueroa St, 333 S ALAMEDA ST, 10800 Pico Blvd",address
PROPERTY_ADDRESS,"200 Park Avenue, New York, NY 10166, 45 Rockefeller Plaza, 135 N Grand Ave, Los Angeles, CA 90012",address
addr1,"P.O. Box 4567, 1 Infinite Loop, Cupertino, CA, 4400 University Dr",address
Site_Address,"2901 S Capital of Texas Hwy, 6500 S Congress Ave, Austin, TX 78745, 111 E Cesar Chavez St",address
Street_Address,"555 W 18th St, 10 Columbus Cir #7, 175 5th Ave, New York, NY",address
full_address,"1600 Pennsylvania Avenue NW, Washington, DC 20500, 1 Infinite Loop, Cupertino, CA 95014, 350 5th Ave, New York, NY 10118",address
Street Address,"221B Baker St, 1060 West Addison Street, 742 Evergreen Terrace",address
ADDR_LN_1,"PO Box 1776, 405 Lexington Avenue, P.O. BOX 90210",address
site_addr,"123 Main Street, 456 N Oak Dr, Apt 3B, 789 E Pine Blvd, Suite 101",address
MailingAddress,"1313 Mockingbird Lane, Mockingbird Heights, CA 90210, 888 S Figueroa St, Los Angeles, CA 90017, PO Box 54321, Chicago, IL 60607",address
full_address,"1200 Getty Center Dr, Los Angeles, CA 90049, 1600 Amphitheatre Pkwy, Mountain View, CA 94043, 742 Evergreen Terrace, Springfield, IL 62704",address
StreetAddress,"2901 S Claiborne Ave, 459 W 18th St, 800 N Glebe Rd",address
ADDR1,"1000 5th Ave, P.O. Box 789, 350 5th Avenue",address
mail_addr,"PO BOX 1138, 123 Main Street, Anytown, USA 12345, P.O. BOX 4500",address
site_location_address,"400 Broad St, Seattle, WA 98109, 1 E 161st St, The Bronx, NY 10451, 20 W 34th St., New York, NY 10001",address
STREET_ADDRESS,"1600 Pennsylvania Avenue NW, Washington, DC 20500, 405 Lexington Ave, New York, NY 10174, 233 S Wacker Dr, Chicago, IL 60606",address
Location_Address_Line_1,"101 Independence Ave SE, PO Box 629, 200 E Randolph St, Suite 5100",address
prop_addr,"700 Convention Plaza, 1201 S Figueroa St, 999 E Street NW",address
FACILITY_ADDRESS,"P.O. Box 371954, 1 MetLife Stadium Dr, East Rutherford, NJ 07073, 1400 S Museum Campus Dr, Chicago, IL 60605",address
ADDR1,"2 Lincoln Memorial Cir NW, Washington, DC 20002, 1 E 161st St, The Bronx, NY 10451, 1111 S Figueroa St, Los Angeles, CA 90015",address
PRIMARY_ADDRESS,"123 E Main Street, 456 North Oak Avenue, 789 S Pine Blvd",address
ADDR1,"221B Baker St, 1060 West Addison Street, 742 Evergreen Terrace",address
mail_address,"P.O. Box 589, PO BOX 2108, P.O. Box 7777",address
full_street_address,"1600 Amphitheatre Parkway, Mountain View, CA 94043, One Microsoft Way, Redmond, WA 98052, 1 Infinite Loop, Cupertino, CA 95014",address
site_addr,"4400 MLK Jr Way S, 800 Occidental Ave S, 1201 1st Ave S, Ste 300",address
full_address,"123 Main Street, Anytown, USA 12345, 456 Oak Avenue, Suite 300, Sometown, CA 90210, 789 Pine Lane, Otherville, TX 75001",address
PROPERTY_ADDRESS,"24 SUSSEX DR, 1600 AMPHITHEATRE PARKWAY, ONE SEAPORT PLAZA",address
addr1,"100 North Main Street, P.O. Box 9876, 2345 West End Ave",address
location_street_address,"700 Convention Plaza, 333 W 35th St, P.O. Box 218",address
Site Address,"449 METROPOLITAN AVE, 1200 Getty Center Drive, Los Angeles, CA 90049, 30 Rockefeller Plaza, New York, NY 10112",address
full_address,"1600 Pennsylvania Avenue NW, Washington, DC 20500, 233 S Wacker Dr, Chicago, IL 60606, 350 5th Ave, New York, NY 10118",address
STREET_ADDRESS,"4400 Martin Luther King Jr Ave SW, 1 Center St, 789 E Eisenhower Pkwy",address
addr,"123 Main Street, Apt 4B, Anytown, USA 12345, 9876 Wilshire Blvd., 555 W 57th St, New York, NY",address
MailingAddress,"P.O. Box 54321, Sacramento, CA 95814, 801 E 11th St, PO BOX 987, Miami, FL 33101",address
site_addr1,"400 North First Street  , San Jose, CA 95112, 1 Government Dr., St. Louis, MO 63110, 200 E. Colfax Ave.",address
street_address,"405 Lexington Avenue, 101 Independence Ave SE, 3333 W 32nd Ave",address
LOCATION_ADDRESS,"1201 W. 5th Street, Los Angeles, CA 90017, 200 N. Spring Street, Los Angeles, CA 90012, 5905 Wilshire Blvd., Los Angeles, CA 90036",address
addr1,"P.O. Box 2468, 1776 E St NW, 4400 MLK Jr Ave SW",address
property_full_address,"233 S Wacker Dr, Chicago, IL 60606, 875 N Michigan Ave, Chicago, IL 60611, 2301 N. Clark St., Chicago, IL 60614",address
SITEADDRESS,"1111 S. Figueroa St., 222 N. Hope Street, 700 Exposition Park Dr",address
full_address,"1600 Pennsylvania Avenue NW, Washington, DC 20500, 350 Fifth Avenue, New York, NY 10118, 1060 West Addison Street, Chicago, IL 60613",address
StreetAddress,"4400 Clayton Ave, 123 Main St Apt 4B, 789 Oak Boulevard",address
address_line_1,"P.O. Box 589, 999 S.W. 2nd Avenue, 1 E 161st St",address
LOCATION_ADDRESS,"200 E. COLFAX AVENUE, DENVER, 1 MONUMENT SQUARE, 450 KENDALL STREET BLDG 500",address
addr1,"620 Atlantic Ave, 2 Lincoln Memorial Cir NW, 1400 S Lake Shore Dr",address
Property Address,"1200 E California Blvd, Pasadena, CA 91125, 100 Bureau Drive, Gaithersburg, MD, P.O. Box 1776",address
FACILITY_ADDRESS,"2900 Southern Blvd, Bronx, NY 10458, 455 N Rexford Dr, Beverly Hills, CA 90210, 3333 Burnet Avenue, Cincinnati, Ohio 45229",address
addr_line1,"701 W 168th St, 10 Museum Way, 600 N Wolfe St",address
Violation Location,"102 N. Tioga St., Ithaca, NY 14850, 1301 Second Ave, Seattle, WA, 9500 Gilman Dr, La Jolla, CA 92093",address
site_full_addr,"201 1st St S, St. Petersburg, FL 33701, 200 E. Main Street, Lexington, KY 40507, 12-01 44th Avenue, Long Island City, NY 11101",address
property_location,"1201 LOMBARD ST, 300 Alamo Plaza, 1400 S Lake Shore Dr",address
FACILITY_ADDRESS,"201 E Randolph St, Chicago, IL 60601, 1200 Getty Center Dr, Los Angeles, CA 90049, 700 Art Museum Dr, Philadelphia, PA 19130",address
addr_line1,"PO BOX 2101, 1515 Main St, Suite 400, 882 S. Westgate Avenue",address
Location Address,"1600 Amphitheatre Parkway, Mountain View, CA 94043, 1 Infinite Loop, Cupertino, CA 95014, One Microsoft Way, Redmond, WA 98052",address
site_addr_full,"2901 S Claiborne Ave, New Orleans LA 70125, 526 Market Street, San Diego, California, P.O. Box 619999, Dallas, TX 75261",address
site_address,"1060 West Addison Street, 1111 S Figueroa St, Los Angeles, CA 90015, 200 E Colfax Ave, Denver, CO 80203",address
Street Address,"459 W 15TH ST, 300 NORTH LA SALLE STREET, 177A BLEECKER STREET",address
full_addr,"P.O. Box 589, 1 Independence Mall, 233 S WACKER DR, CHICAGO, IL 60606",address
ADDRESS_1,"1600 Amphitheatre Parkway, 1 Artsakh St, 4 Pennsylvania Plaza",address
prop_addr,"1 E 161st St, The Bronx, NY 10451, PO Box 1980, 1265 Lombardi Ave, Green Bay, WI 54304",address
full_address,"123 E Main St, Columbus, OH 43215, 450 W 33rd Street, New York, NY 10001, PO Box 1980, Cincinnati, OH 45201",address
Property Address,"221B Baker Street, 1600 Pennsylvania Avenue NW, 1060 West Addison Street",address
SITUS_ADDR,"89 E. Blithedale Ave., 20 W 34th St, P.O. Box 550",address
mail_address_line_1,"44 Tehama St, 2400 E Cesar Chavez St, Unit 204, 777 Brockton Avenue",address
LOCATION,"555 N College Ave, Suite 100, Fayetteville, AR 72701, 102 S. Main Street, Bentonville, AR, 801 SE 8th St, Bentonville, AR 72712",address
SiteAddress,"4400 MLK Jr Way S, 1200 12th Ave S, 900 Broadway",address
primary_address_line_1,"1515 NORTH BROADWAY, 333 W. SANTA ANA BLVD., 601 N LACY ST",address
mail_addr,"PO Box 1149, P.O. Box 2318, Chapel Hill, NC 27515, 1776 E Jefferson St",address
LOCATION,"2900 Southern Boulevard, Bronx, NY 10458, 161st Street and River Avenue, 1000 5th Ave, New York, NY 10028",address
addr1,"405 West 39th Street, 300 Lakeside Dr Ste 1250, 1390 Market St #900",address
full_address,"1200 Getty Center Dr, Los Angeles, CA 90049, 200 E Randolph St, Chicago, IL 60601, 1 Lincoln Memorial Cir NW, Washington, DC 20002",address
StreetAddress,"2901-2999 N Clark St, 1000 Vin Scully Ave, 465 Huntington Ave",address
prop_addr,"1601 S California Ave, Palo Alto, CA, 75 Rev. Dr. Martin Luther King Jr. Blvd, P.O. Box 589",address
LOCATION_ADDRESS_LINE_1,"333 W 35th St, One Metrotech Center, 1230 N. Homan Ave.",address
site_address,"6000 Universal Blvd, Orlando, FL 32819, 10 S Dearborn St Suite 200, 4400 MLK Jr Way S, Seattle, WA",address
PROPERTY_ADDRESS,"1111 S Figueroa St, Los Angeles, CA 90015, 233 S Wacker Dr, Chicago, IL 60606, 600 Montgomery St, San Francisco, CA 94111",address
Site Address,"455 N. Park Drive, 1000 Elysian Park Ave, 1201 S. PRAIRIE AVE.",address
Mailing_Location,"PO Box 1776, P.O. BOX 900, Beverly Hills, CA 90210, Post Office Box 62000",address
incident_location,"102 N. End Ave, New York, NY, 333 West 35th Street, 200 E Randolph St, Chicago, IL 60601",address
site_addr1,"875 N. Michigan Avenue, 700 Convention Plaza, 1 AT&T Way, Arlington, TX 76011",address
Location_Address_1,"1600 Pennsylvania Avenue NW, 350 Fifth Avenue, 1060 W Addison St",address
STREET_ADDRESS,"4400 Martin Luther King Jr Ave SW, Washington, DC 20032, P.O. Box 450, 201 E Randolph St, Chicago, IL 60601",address
addr,"1200 E California Blvd, Pasadena, CA 91125, 2 E 161st St, The Bronx, NY 10451, PO Box 1120",address
SITEADDRESS,"700 Convention Plaza, 1 AT&T Way, PO BOX 878",address
Property Address,"4059 Mount Lee Drive, Hollywood, CA 90068, 1 Ferry Building, San Francisco, CA 94111, 10236 Charing Cross Rd",address
property_location,"777 Main Street, Houston, TX 77002, 111 S Michigan Ave, 444 S Flower St, Apt 2100",address
ADDR,"1776 E Market St, 201 E Washington St, Suite 800, 300 Alamo Plaza, San Antonio, TX 78205",address
full_address_string,"1501 Pike Pl, Seattle, WA 98101, P.O. Box 55819, 100 W 14th Ave Pkwy, Denver, CO 80204",address
IncidentLocationAddress,"1 World Trade Center, New York, NY 10007, 2500 W. 7th Street, 600 E Grand Ave, Chicago, IL 60611",address
site_addr1,"1600 Pennsylvania Avenue NW, PO BOX 1234, Anytown, CA 90210, 22 1/2 S. Main St.",address
full_address,"1600 Pennsylvania Avenue NW, Washington, DC 20500, 4059 Mount Lee Drive, Hollywood, CA 90068, 20 W 34th St, New York, NY 10001",address
Property Address,"1234 Main St, 567 Elm Street, Apt 3B, P.O. Box 1122",address
ADDR_LN_1,"742 Evergreen Terrace, 1060 West Addison Street, 308 Negra Arroyo Lane",address
mail_addr,"8910 University Center Ln, San Diego, CA 92122, 1 Infinite Loop, Cupertino, CA 95014, PO Box 900",address
StreetAddress,"221B Baker Street, 1313 Mockingbird Lane, 4 Privet Drive",address
prop_addr,"123 Main St, 456 Oak Avenue, Apt 3B, 789 Pine Ln",address
AddressLine1,"2401 N Western Ave, 333 W 35th St, 500 S State Street",address
full_street_address,"1600 Pennsylvania Avenue NW, Washington, DC 20500, 350 Fifth Avenue, New York, NY 10118, 1060 West Addison Street, Chicago, IL 60613",address
MAIL_ADDR,"PO BOX 1138, P.O. Box 98123, Seattle, WA 98198, PO Box 450",address
site_address,"1 World Way, 200 E Grand Ave, 4400 Martin Luther King Jr Way S",address
LOCATION_ADDRESS,"1600 Pennsylvania Avenue NW, 400 Broad St, Seattle, WA 98109, 1111 S Figueroa St, Los Angeles, CA 90015",address
Address 1,"2901-2999 N Richardt Ave, 1000 Colonial Farm Road, 1000 E University Ave",address
mailing_addr,"P.O. Box 173364, PO BOX 8500, PO Box 629, Raleigh, NC 27602",address
full_street_address,"7000 E T C Jester Blvd, Houston, TX, 1200 W Harrison St, Chicago, IL 60607, 465 Huntington Ave, Boston, MA 02115",address
Incident Address,"1 EAST 161ST STREET, 225 Ebbets Ave, 4 Yawkey Way",address
full_address,"123 Main St, 456 Oak Ave, Apt 2B, 789 Pine Ln",address
property_location,"221B Baker Street, 1 Infinite Loop, 1600 Amphitheatre Parkway",address
ADDR1,"405 Lexington Avenue, New York, NY 10174, 109 N Harbor Dr, Redondo Beach, CA 90277, 200 E Randolph St, Chicago, IL 60601",address
mail_to_address,"PO BOX 12345, P.O. Box 678, PO Box 91011",address
site_addr,"350 5th Avenue, 1 E 161st St, 700 E Grand Ave",address
full_address,"1600 Pennsylvania Avenue NW, Washington, DC 20500, 2900 W. Alameda Ave., Denver, CO 80219, 450 North Rexford Drive, Beverly Hills, CA 90210",address
street_addr,"123 Main Street, Apt 4B, 456 Oak Avenue, 789 Pine Lane, Suite 100",address
property_location,"1060 West Addison Street, 333 W 35th St, 800 North Alameda Street, Los Angeles CA 90012",address
ADDR1,"1515 N COURTHOUSE RD, 201 W MAIN ST, 500 S GRAND AVE",address
mailing_address,"P.O. Box 5678, 1776 Independence Ave SW, PO BOX 98155, Washington DC, 20090-8155",address
full_address,"1600 Pennsylvania Avenue NW, Washington, DC 20500, 350 Fifth Avenue, New York, NY 10118, 233 S Wacker Dr, Chicago, IL 60606",address
LOCATION_STREET_ADDRESS,"4059 Westheimer Rd, Houston, TX 77027, P.O. Box 9200, 111 S Michigan Ave, Chicago, IL 60603",address
ADDR1,"200 E Colfax Ave, 175 5th Ave, New York, NY 10010, PO BOX 173362",address
property_full_addr,"7000 E. Shea Blvd., #1010, Scottsdale, AZ 85254, 12011 Government Center Pkwy, 1060 West Addison Street, Chicago, Illinois 60613",address
mail_address,"P.O. BOX 249118, CORAL GABLES, FL 33124-9118, 1 Normal Ave, Montclair, NJ 07043, 800 N State College Blvd, Fullerton, CA 92831",address
full_address,"1234 Market St, Philadelphia, PA 19107, 1600 Pennsylvania Avenue NW, Washington, DC 20500, 20 W 34th St, New York, NY 10001",address
LOCATION_ADDRESS,"400 N. Ashley Drive, 101 W. Main Street, 2200 S. Congress Ave",address
mail_addr1,"P.O. Box 6200, 7500 E Doubletree Ranch Rd, PO BOX 1125",address
property_full_address,"1 Infinite Loop, Cupertino, CA 95014, 350 5th Ave, New York, NY 10118, 45 Rockefeller Plaza, New York, NY 10111",address
SiteAddress,"1776 E St NE, 900 S Clark St, 1200 Getty Center Dr",address
ADDR1,"440 G Street, NW, 111 N. Calvert Street, 200 E. Randolph Street, Suite 5100",address
location_street_address,"700 Civic Center Dr W, PO Box 6100, 520 W. Ash St.",address
SITUS ADDRESS,"201 W Washington St, 1200 Third Avenue, Suite 1700, 1 Frank H Ogawa Plz",address
mail_addr,"P.O. BOX 1779, 10 S. Dearborn, 800 N. French Street",address
AddressLine1,"100 N Michigan Ave, 233 S Wacker Dr, Chicago, IL 60606, 875 N Michigan Ave",address
premise_location_address,"400 Broad St, Seattle, WA 98109, 1600 Pennsylvania Avenue NW, P.O. Box 9200",address
full_addr,"1111 S Figueroa St, Los Angeles, CA 90015, 1 Infinite Loop, 399 Fremont Street, San Francisco",address
LOCATION_ADDRESS_TEXT,"1200 Getty Center Drive, PO BOX 12345, 6000 Santa Monica Blvd, Hollywood, CA",address
addr_street,"2901 S King Dr, 1776 Independence Ave SW, Washington, DC, 405 W 55TH ST APT 2B",address
Street Address,"123 Main Street, 456 Oak Avenue, 789 Pine Lane",address
LOCATION_ADDRESS,"2400 Market St, Apt 4B, 55 E Monroe Street, Suite 3400, 100 N First St.",address
full_address,"1600 Pennsylvania Avenue NW, Washington, DC 20500, 350 5th Ave, New York, NY 10118, 200 E Colfax Ave, Denver, CO 80203",address
mail_addr,"PO BOX 12345, P.O. Box 987, Anytown, USA 12345, PO Box 6543",address
PropertyAddress,"742 Evergreen Terrace, 1060 West Addison Street, 890 5th Avenue",address
street_address,"1600 Pennsylvania Avenue NW, 2500 E 2nd St, 405 W 57th St",address
Mailing Address,"1201 North Third Street, Baton Rouge, LA 70802, 800 N. State College Blvd., Fullerton, CA 92831, 1060 West Addison Street, Chicago, IL 60613",address
addr1,"P.O. Box 450, 20 W 34th St., New York, NY 10001, PO Box 1776",address
LOCATION_ADDR,"700 Convention Plaza, PO BOX 2508, 1727 N Spring St",address
property_full_address,"1 Center St, Collinsville, CT 06022, 88360 Fishermans Bay Dr, Bayfield, WI 54814, 2 Lincoln Memorial Cir NW, Washington, DC 20002",address
full_address,"123 Main Street, Anytown, USA 12345, 456 Oak Avenue, Suite 200, Sometown, CA 90210, 789 Pine Lane, Villageton, TX 75001",address
STREET_ADDRESS,"100 W 33rd St, 2501 N Lincoln Ave, 1 Ferry Building",address
mail_location,"P.O. Box 589, PO Box 2101, Philadelphia, PA 19103, P.O. BOX 1118, AUSTIN TX 78767",address
SiteAddress,"1600 Amphitheatre Pkwy, Mountain View, CA, 345 Park Ave, New York, NY, 2121 7th Ave, Seattle, WA",address
ADDR1,"4400 Massachusetts Ave NW, 10 S Dearborn St Fl 10, 555 W 57th St Apt 30B",address
primary_address,"459 W 18th St, New York, NY 10011, 1111 S Figueroa St, Los Angeles, CA 90015, 875 N Michigan Ave, Chicago, IL 60611",address
ADDR_LN_1,"1234 Market St, 555 Bailey Ave, 700 Clark Ave",address
mailing_location,"PO Box 62000, P.O. Box 19125, PO BOX 53095",address
StreetAddress,"200 E Colfax Ave, Denver, CO 80203, 1700 N Broad St, Philadelphia, PA 19121, 600 Montgomery St, San Francisco, CA 94111",address
prop_addr,"4400 University Dr, 1 Fenway Park, 1 Lincoln Financial Field Way",address
Street Address,"123 Main St, 456 Oak Avenue, 789 Pine Blvd",address
ADDR,"100 N. First Street, San Jose, CA 95113, PO BOX 88, 225 E. John Carpenter Freeway, Suite 1500, Irving, Texas 75062",address
property_location,"555 W 57th St, 111 S Michigan Ave, 4059 Westheimer Rd",address
address1,"999 E STREET NW, P.O. Box 12345, 601-635 W 113th St",address
LOCATION_ADDRESS_1,"1600 Amphitheatre Pkwy, Mountain View, CA, 1 Infinite Loop, 1 Hacker Way, Menlo Park",address
Site_Address,"1000 Elysian Park Ave, Los Angeles, CA 90012, 1 E 161st St, Bronx, NY 10451, 1776 Independence Sq SW, Washington, DC 20024",address
LOCATION_ADDRESS,"4400 Martin Luther King Jr Dr SW, 333 W 35th St, 900 S Clark St",address
mail_addr,"PO Box 62000, Philadelphia, PA 19162, P.O. Box 98106, Washington DC 20090, PO BOX 12345, Seattle, WA 98111",address
Primary_Address,"1201 S Figueroa St, Los Angeles, CA 90015, 4 Pennsylvania Plaza, New York, NY 10001, 601 Biscayne Blvd, Miami, FL 33132",address
address_line_1,"200 E Colfax Ave, Rm 136, 1 Federal St, 100 N. Holliday Street",address
STREET_ADDRESS,"1420 Abner Road, 901 South Mopac Expressway, 7525 W. Campus Rd.",address
property_location,"100 N. First Street, Suite 500, 333 West 35th Street, Apt 1204, 444 S. Flower Street, 37th Floor",address
MailingAddress1,"20 W 34th St, New York, NY 10001, 1111 S Figueroa St, Los Angeles, CA 90015, 600 E Grand Ave, Chicago, IL 60611",address
PO_BOX,"PO BOX 2110, P.O. Box 789, Austin, TX 78767, PO Box 4567",address
ADDR,"1515 N. Courthouse Rd., 2000 E. Lamar Blvd #600, 800 N Glebe Rd Ste 800",address
bbl,"3-01621-0029, 1-00771-0038, 4-03912-0012",bbl
BORO BLOCK LOT,"2-03042-0044, 5-00118-0118, 3-02109-0019",bbl
parcel_bbl,"4-00912-0051, 1-01280-0021, 5-03291-0001",bbl
BBL_ID,"3-05510-0033, 2-03977-0065, 4-01550-0001",bbl
PropertyBBL,"1-02034-0009, 4-16001-0100, 3-08801-0025",bbl
bbl,"3-01632-0045, 1-00987-0101, 4-04321-0020",bbl
BORO_BLOCK_LOT,"2-03120-0075, 5-00800-0001, 1-01111-1234",bbl
nyc_property_id,"3-01672-0033, 4-04321-0055, 2-02999-0080",bbl
tax_lot_bbl,"5-01234-0067, 1-02001-0015, 3-08765-0099",bbl
BoroughBlockLot,"4-12345-0002, 2-04567-0018, 1-00050-0750",bbl
bbl,"1-00998-0025, 3-01630-0042, 4-04193-0001",bbl
BOROUGH_BLOCK_LOT,"2-03031-0055, 5-00135-0150, 1-01459-0018",bbl
Borough-Block-Lot,"3-06794-0029, 4-16055-0067, 2-05780-0075",bbl
pluto_bbl,"5-03577-0001, 1-00720-1302, 3-02109-0054",bbl
TaxBBL,"4-00811-0038, 2-02450-0009, 1-02048-0070",bbl
bbl,"1-00996-0029, 3-01622-0045, 4-04218-0001",bbl
BORO_BLOCK_LOT,"2-03105-0150, 5-00880-0070, 1-01984-0001",bbl
BoroughBlockLot,"3-05678-1001, 4-16000-0033, 1-00076-7501",bbl
tax_bbl_string,"5-07890-0001, 2-02505-0040, 3-02021-0022",bbl
pluto_bbl,"4-00123-0009, 1-01234-0088, 3-08888-0001",bbl
bbl,"1-00789-0021, 3-01234-0050, 4-05678-1001",bbl
prop_bbl,"2-02345-0010, 5-00987-0045, 1-01111-0200",bbl
TAX_BBL,"3-05432-0075, 4-08765-0001, 2-03001-0023",bbl
parcel_bbl_id,"1-00456-0150, 5-01357-0009, 3-02468-0033",bbl
borough_block_lot,"4-04040-0040, 2-02222-0022, 1-01010-0101",bbl
bbl,"1-1234-567, 3-8765-432, 4-100-20",bbl
BORO_BLOCK_LOT,"2-2987-1, 5-11-222, 1-999-1001",bbl
nyc_bbl,"3-05432-0021, 4-01234-0056, 1-00987-0065",bbl
pluto.bbl,"5-345-67, 2-4321-9, 3-333-33",bbl
TAX_PARCEL_ID,"1-2048-7502, 4-23-456, 2-5800-150",bbl
bbl,"3-01625-0045, 1-00789-0022, 4-03451-0067",bbl
BOROUGH_BLOCK_LOT,"2-02988-0050, 5-00123-0110, 3-05432-0018",bbl
pluto_bbl,"4-15870-0021, 1-01999-0042, 3-02111-0072",bbl
parcel_bbl,"5-00987-0001, 2-03102-0033, 4-00567-0088",bbl
BBL_ID,"1-01234-1001, 3-06789-0055, 2-04455-0012",bbl
bbl,"1-00871-0021, 3-02106-0034, 4-00512-0001",bbl
BOROUGH_BLOCK_LOT,"2-03015-0075, 5-00023-0110, 3-05432-1001",bbl
nyc_bbl,"4-01630-0045, 1-01999-0050, 2-04567-0012",bbl
BBL_ID,"3-01234-0008, 5-08001-0022, 1-00048-0030",bbl
pluto_bbl,"2-05678-0099, 4-12345-0067, 3-00987-0043",bbl
bbl,"1-00994-0028, 3-01728-0045, 4-03946-0014",bbl
PARCEL_BBL,"2-03011-0056, 5-00693-0203, 1-01282-0001",bbl
Boro-Block-Lot,"3-02407-0032, 4-00898-0050, 2-04567-0110",bbl
nyc_bbl_id,"5-02345-0075, 1-00047-0021, 3-08105-0009",bbl
BBL_string,"4-01600-1101, 2-05555-0025, 3-01234-0067",bbl
bbl,"1-01121-0033, 3-05432-0001, 5-00123-0075",bbl
BORO_BLOCK_LOT,"4-03321-0010, 2-02109-0045, 3-00876-0150",bbl
parcel_bbl,"1-00045-0029, 4-15432-0001, 3-06789-0055",bbl
BoroughBlockLot,"2-04567-0088, 5-07890-0002, 1-02001-0012",bbl
prop_bbl,"3-08123-0064, 4-00567-0200, 1-01987-0030",bbl
bbl,"3-01438-0029, 1-00782-0044, 4-03819-0012",bbl
BOROBLOCKLOT,"2-02947-0047, 5-00123-0100, 3-06793-0021",bbl
parcel_id_bbl,"1-01116-0032, 4-00987-0001, 2-04567-0150",bbl
BoroughBlockLot,"5-03456-0005, 3-00876-0054, 1-02001-0009",bbl
pluto_bbl,"4-12345-0067, 2-03005-0023, 3-02109-0088",bbl
bbl,"1-00996-0029, 3-01622-0045, 4-01402-0001",bbl
BORO BLOCK LOT,"2-03049-0018, 5-00067-0051, 1-01272-0033",bbl
BoroughBlockLot,"3-06838-0021, 4-03911-0064, 2-04018-0027",bbl
nyc_bbl_id,"1-02026-7503, 5-03456-0001, 3-01234-1001",bbl
tax_lot_bbl,"4-00890-0025, 2-05678-0070, 1-00015-0010",bbl
bbl,"1-987-50, 3-1623-1, 4-123-1201",bbl
BOROBLOCKLOT,"2-3456-75, 5-981-10, 1-1234-22",bbl
parcel_bbl_id,"3-5432-45, 3-5432-46, 3-5433-100",bbl
Bbl_Num,"4-1550-30, 4-1551-1, 4-1551-2",bbl
tax_parcel_id_bbl,"1-777-29, 5-111-300, 2-3033-55",bbl
bbl,"3-01256-0007, 1-01014-0010, 5-03120-0045",bbl
BORO_BLOCK_LOT,"4-00891-0021, 2-03045-0075, 3-02111-0001",bbl
Borough-Block-Lot_ID,"1-789-12, 4-10250-50, 2-4321-110",bbl
Tax_Parcel_Identifier,"5-123-456, 3-8888-99, 1-1122-333",bbl
nyc_bbl_dashed,"2-05432-0100, 4-00012-0034, 3-06789-0005",bbl
BBL,"1-987-65, 3-1234-56, 4-8765-432",bbl
pluto_bbl,"2-2345-101, 5-99-200, 1-1800-75",bbl
boro-block-lot,"3-543-21, 4-6789-10, 2-3321-11",bbl
property_bbl_id,"1-2021-45, 5-1-150, 3-4500-1200",bbl
tax_bbl,"4-10250-1, 2-3050-88, 1-750-1001",bbl
bbl,"1-754-32, 3-1234-1, 4-5678-100",bbl
BoroughBlockLot,"2-3021-55, 5-111-202, 1-98-7",bbl
bbl_num,"3-2500-1001, 4-890-45, 2-4567-12",bbl
parcel_id_bbl,"5-7890-1, 1-1987-65, 3-3333-33",bbl
tax_lot_bbl,"4-10203-40, 2-2222-80, 5-50-500",bbl
bbl,"1-00985-0021, 3-01623-0045, 4-00789-0001",bbl
BOROBLOCKLOT,"2-03102-0050, 5-00812-0101, 1-01999-0032",bbl
tax_bbl,"3-02201-0075, 4-04321-0010, 2-04005-0001",bbl
pluto_bbl_id,"5-03211-0065, 1-00021-1101, 3-06543-0090",bbl
BBL_string,"4-15001-0055, 2-02888-0012, 1-01234-0078",bbl
BBL,"3-8821-45, 1-987-110, 4-12345-1",bbl
boro_block_lot,"2-3456-78, 5-123-456, 1-2048-50",bbl
TaxLotID,"4-567-890, 3-1122-33, 2-4321-101",bbl
nyc_bbl,"1-1590-75, 5-800-200, 3-6543-21",bbl
PARCEL_ID_BBL,"4-8899-12, 2-2500-150, 1-777-77",bbl
bbl,"1-00987-0015, 4-01234-0050, 3-05678-0101",bbl
BORO_BLOCK_LOT,"2-03321-0075, 2-03321-0076, 2-03322-0001",bbl
tax_lot_bbl,"5-00456-0033, 1-01890-0022, 4-07777-0055",bbl
pluto_bbl_id,"3-01112-0042, 3-01112-1043, 3-01113-0001",bbl
BoroughBlockLot,"1-00054-0001, 5-07890-1234, 2-02345-0067",bbl
bbl,"1-2028-31, 3-889-1, 4-15509-26",bbl
BOROUGH_BLOCK_LOT,"2-3456-10, 5-789-123, 1-1234-56",bbl
parcel_bbl_id,"3-67890-1, 4-123-456, 2-5432-101",bbl
BBL Number,"5-1-100, 1-2000-7501, 3-4567-89",bbl
pluto_bbl,"4-9876-54, 2-1111-22, 3-3333-444",bbl
bbl,"1-00982-0021, 3-01567-0045, 4-00876-0102",bbl
TAX_BBL,"2-03451-0011, 5-00123-0090, 1-01101-0034",bbl
pluto_bbl,"3-02021-0001, 4-00015-0751, 2-02987-0055",bbl
BoroughBlockLot,"1-01789-0018, 3-05432-1001, 5-00888-0022",bbl
bbl_id,"4-01239-0060, 2-04567-0008, 3-00991-0075",bbl
bbl,"1-01281-0018, 3-00858-0051, 4-01481-0030",bbl
BORO_BLOCK_LOT,"2-02981-0015, 5-00067-0040, 1-00720-0021",bbl
nyc_parcel_id,"3-06839-0042, 4-04141-0001, 2-05634-0066",bbl
BoroughBlockLot,"1-02026-7501, 3-02432-0033, 5-03456-0123",bbl
tax_bbl_,"4-00987-0021, 2-02298-0056, 3-01865-0009",bbl
bbl,"1-00987-0021, 3-04567-0100, 4-01234-0050",bbl
BOROUGH_BLOCK_LOT,"2-03321-0075, 5-00123-0001, 1-02020-1111",bbl
Tax Lot BBL,"4-15987-0033, 3-00876-0045, 2-05432-0099",bbl
pluto_bbl_id,"5-07890-0010, 1-00045-0067, 3-06543-0022",bbl
PROPERTY_BBL,"1-01111-7501, 4-00234-0001, 3-07777-0055",bbl
bbl,"1-1037-25, 3-549-1, 4-23-1120",bbl
parcel_bbl,"2-3021-45, 5-800-75, 1-1892-1",bbl
BoroughBlockLot,"3-1650-7501, 4-5050-29, 2-2555-15",bbl
prop_bbl,"5-123-456, 1-999-10, 3-7890-100",bbl
BBL_ID,"4-15501-25, 2-4008-110, 1-20-1",bbl
bbl,"1-994-29, 3-1-1, 4-15523-1001",bbl
BORO_BLOCK_LOT,"2-2300-45, 5-800-120, 3-5217-6",bbl
tax_parcel_id,"4-4069-7501, 1-1272-1102, 3-2450-21",bbl
Borough-Block-Lot,"5-312-55, 2-3015-150, 1-20-7",bbl
dof_bbl_id,"3-6777-45, 3-6777-46, 3-6777-47",bbl
BBL,"1-00876-0034, 3-01234-0001, 4-05432-0110",bbl
nyc_bbl,"2-02345-0078, 5-00123-0002, 1-00055-1022",bbl
property_bbl_id,"3-08765-0432, 4-12345-0099, 2-00011-0033",bbl
BoroughBlockLot,"5-04567-0015, 1-01111-1234, 3-03333-0003",bbl
pluto_bbl,"4-00789-0045, 2-05555-0555, 5-00001-0001",bbl
bbl,"1-123-45, 3-4567-1, 4-890-1234",bbl
BoroughBlockLot,"2-2345-67, 5-1-100, 1-9876-543",bbl
nyc_bbl,"3-500-75, 4-10200-10, 2-3100-25",bbl
pluto_bbl,"5-770-201, 1-2050-15, 3-8010-50",bbl
BBL_ID,"4-15321-4, 2-4001-110, 1-75-1200",bbl
bbl,"1-00987-0021, 3-01635-0040, 4-00123-1001",bbl
BORO_BLOCK_LOT,"2-03025-0075, 5-00890-0001, 1-00045-0015",bbl
parcel_bbl,"3-05432-0110, 4-08765-0055, 2-04567-0032",bbl
BBL_ID,"5-03210-0200, 1-02001-0078, 3-02345-0099",bbl
pluto_bbl_string,"4-12345-0001, 2-02987-0065, 5-00012-0043",bbl
bbl,"1-00871-0040, 3-01411-0029, 4-01623-0001",bbl
Borough-Block-Lot,"2-03031-0069, 5-00639-0034, 1-01272-0032",bbl
PARCEL_BBL,"3-06612-0056, 4-07914-0006, 2-04018-0048",bbl
tax_bbl,"1-00016-0036, 3-02096-0001, 5-03206-0110",bbl
BBL_NUM,"4-12999-0050, 2-02980-0018, 1-01956-0021",bbl
bbl,"1-00987-0056, 3-01234-1001, 4-05678-0020",bbl
BoroughBlockLot,"2-03210-0044, 5-00088-0099, 1-01112-0033",bbl
parcel_id_bbl,"3-08765-0150, 4-00012-0001, 2-04567-0078",bbl
BBL_ID,"5-00765-0002, 1-01987-0200, 3-03333-0055",bbl
pluto_bbl,"4-06543-0010, 2-02987-0009, 5-00001-0001",bbl
bbl,"1-01043-0021, 3-07892-0050, 4-00123-1001",bbl
BOROUGH_BLOCK_LOT,"2-02345-0010, 5-00876-0150, 1-00999-0025",bbl
Tax Lot BBL,"3-05432-0089, 4-09876-0011, 2-03321-1200",bbl
parcel_bbl_id,"1-01872-0043, 5-01234-0001, 3-04567-0033",bbl
BBL_ID,"4-15890-0075, 2-04005-0018, 1-00765-0201",bbl
BBL,"3-8201-28, 1-15-7501, 4-16350-1",bbl
parcel_bbl,"5-345-120, 2-3021-44, 3-2109-1",bbl
bbl_num,"1-1262-1, 4-2289-42, 2-5789-110",bbl
TAX_BBL,"3-1449-31, 5-1-1, 1-772-27",bbl
dof_bbl_id,"4-4053-15, 2-2432-155, 3-6782-58",bbl
bbl,"1-00987-0045, 3-02145-0110, 4-08765-0033",bbl
BORO_BLOCK_LOT,"2-03456-0021, 1-01123-0012, 5-00123-0200",bbl
pluto_bbl_id,"4-11234-0056, 3-01988-0023, 2-02999-0080",bbl
tax_lot_bbl,"1-00543-0075, 5-04567-0005, 3-02500-0001",bbl
BBL_string,"2-04010-0015, 4-00456-1001, 5-07890-0042",bbl
bbl,"1-998-20, 3-1621-45, 4-123-1",bbl
BoroughBlockLot,"2-2750-75, 5-89-101, 3-5432-1100",bbl
tax_parcel_bbl,"4-3829-18, 1-2021-50, 2-3111-33",bbl
pluto_bbl,"3-8001-1, 5-7123-65, 4-16000-27",bbl
BBL_ID,"1-5-10, 2-5678-99, 3-2345-12",bbl
bbl,"1-00789-0021, 3-02111-0050, 4-00156-1102",bbl
BORO_BLOCK_LOT,"2-03345-0075, 5-00089-0001, 1-01550-0033",bbl
parcel_bbl,"4-05432-0010, 3-12345-0200, 2-02988-0056",bbl
pluto_bbl_id,"5-07890-0009, 1-00015-7501, 3-00888-0018",bbl
tax_lot_bbl,"4-01500-0042, 2-04001-0001, 5-00250-0300",bbl
bbl,"1-987-65, 3-4567-101, 4-123-1",bbl
BORO_BLOCK_LOT,"2-3033-150, 5-1-200, 1-2100-7501",bbl
parcel_bbl,"4-16001-1110, 3-808-80, 2-3450-123",bbl
pluto_bbl,"5-70-1, 1-2048-320, 3-100-1001",bbl
BoroBlockLot,"4-250-75, 2-5011-49, 1-1999-9",bbl
bbl,"1-00789-0014, 3-01632-0021, 4-02580-0045",bbl
BOROUGH_BLOCK_LOT,"2-03106-0001, 5-00567-0150, 1-01282-0033",bbl
dof_bbl_id,"3-02098-0029, 4-00915-0075, 1-00016-1102",bbl
TaxLotBBL,"5-03210-0055, 2-04500-0008, 3-05432-0067",bbl
nyc_bbl,"4-16000-0001, 1-02048-0018, 2-02789-0036",bbl
bbl_id,"1-00982-0045, 3-01789-0101, 4-04321-0020",bbl
BBL,"2-03456-0015, 5-00876-0001, 1-01234-1005",bbl
property_bbl,"3-06543-0055, 4-00123-0088, 2-02999-0032",bbl
BOROBLOCKLOT,"5-01111-0200, 1-00056-0010, 3-08765-0041",bbl
nyc_bbl,"4-12345-0007, 2-04001-0075, 1-01500-0090",bbl
bbl,"1-01004-0035, 3-05928-0010, 2-02344-0050",bbl
Borough-Block-Lot,"4-01484-0022, 5-00130-0101, 3-02108-0041",bbl
nyc_bbl,"1-00716-0033, 2-03022-0001, 4-03911-0029",bbl
tax_bbl,"3-01642-0021, 5-03451-0075, 1-01258-0015",bbl
BBL_ID_string,"2-04087-0055, 4-00898-0012, 3-03333-0067",bbl
BBL,"3-01712-0038, 1-00778-0021, 4-03714-0034",bbl
bbl_id,"5-00465-0043, 2-03001-0055, 3-06839-0001",bbl
boro_block_lot,"1-01289-0029, 4-00845-0014, 3-02105-0070",bbl
pluto_bbl_string,"2-04021-0012, 5-07922-0150, 1-00076-0015",bbl
PROPERTY BBL,"4-05678-0101, 3-00987-0050, 1-01543-0025",bbl
BIN,"1075775, 1087647, 1000257",bin
building_identification_number,"3061937, 3330333, 3055432",bin
bin_num,"4149928, 4150532, 4151121",bin
BLDG_ID,"2090184, 2000000, 2115624",bin
bin_of_building,"5018901, 5081015, 5067525",bin
BUILDING_IDENTIFICATION_NUMBER,"3073215, 1089456, 4123456",bin
BIN,"5021345, 2004589, 3345678",bin
bldg_id_no,"1000001, 4455821, 5160990",bin
bin_num,"3019876, 1077654, 2109876",bin
building_id,"4001234, 5009876, 1010101",bin
BIN,"3061327, 1084261, 4123321",bin
building_identification_num,"2015678, 5123456, 1078901",bin
dobj_bin,"4450112, 3321987, 1005432",bin
Building ID,"1089354, 3027890, 4115678",bin
bin_number,"5034567, 2098712, 3045621",bin
building_identification_number,"3045678, 1012345, 4009876",bin
BIN,"2033451, 5087654, 3345123",bin
DOB_BIN_#,"1089901, 4112358, 3000123",bin
bin_num,"4456789, 1077890, 5123456",bin
BUILDING_ID,"3398765, 2098711, 1004567",bin
Building Identification Number,"3067890, 3331002, 3015698",bin
bin,"1078633, 1085421, 1004652",bin
BLDG_BIN,"4113456, 4445019, 4098231",bin
DOB_BUILDING_ID,"2109876, 2088123, 2005432",bin
PropertyBIN,"5001234, 5123987, 5065432",bin
BIN,"3069123, 1084555, 4123456",bin
building_id,"5021987, 2001234, 3345678",bin
BldgIdentificationNum,"1000010, 4455667, 3100987",bin
bin_num,"2119876, 5160123, 1078901",bin
PROPERTY_BIN,"3001234, 4500001, 1010101",bin
BIN,"3072895, 3100123, 3345678",bin
bldg_id_num,"1089245, 1077390, 1083451",bin
DOB_BIN__,"4465201, 4123456, 4009876",bin
building_identification_number,"5021345, 5123987, 5001234",bin
nyc_gov_bin,"2019876, 2111234, 2054321",bin
BIN,"3330214, 1086001, 4119932",bin
building_identification_number,"2001558, 5021899, 3067811",bin
bldgid,"1075342, 4465220, 3396845",bin
BUILDING ID,"5164789, 2133450, 1000019",bin
bin_num,"4005671, 3100987, 2098765",bin
BUILDING_ID_NO,"3034591, 1083842, 4112328",bin
BIN,"1076295, 3339665, 5062822",bin
bin_num,"2090123, 4000000, 1001211",bin
dof_bin,"1086016, 3051421, 2004278",bin
Building Identification Number,"4433369, 5133821, 3330339",bin
BIN,"3069451, 1015382, 4113220",bin
building_identification_number,"2004567, 5021987, 1085432",bin
bin_num,"3330198, 4478901, 1000876",bin
BLDG_ID,"5123456, 2098765, 3054321",bin
BuildingIdentificationNum,"4001234, 1077777, 3123890",bin
BIN,"1035445, 3062799, 4113111",bin
building_id,"5021980, 2097245, 1085531",bin
Building Identification Number,"3330101, 4450502, 2005678",bin
bin_num,"1077641, 5169000, 3001245",bin
prop_bin,"4015629, 2112334, 1000876",bin
BIN,"3069483, 1084511, 4433211",bin
building_id_num,"2093837, 5021345, 1000181",bin
building_identification_number,"4113221, 3324509, 2110432",bin
bin_number,"1076159, 5123456, 3005678",bin
BLDG_ID,"4001234, 2109876, 3398765",bin
BIN,"3396553, 1082356, 4133543",bin
Building Identification Number,"5018151, 2024921, 1004567",bin
bldg_id_num,"3067890, 4401234, 1011111",bin
bin #,"2000543, 5160829, 3330198",bin
nyc_bin,"4115899, 1079054, 2098765",bin
BIN,"3061727, 4108899, 1082572",bin
building_id,"5027581, 2015383, 3332463",bin
Building Identification Number,"1077263, 4268951, 2094202",bin
bin_num,"3000512, 5161387, 4470550",bin
bldgid,"1055321, 2117560, 4044919",bin
bin,"1079149, 1079150, 1079151",bin
BUILDING IDENTIFICATION NUMBER,"3330333, 3330334, 3330335",bin
Bin,"4001234, 4001235, 4001236",bin
building_bin,"2004781, 2004782, 2004783",bin
BIN_NUM,"5164789, 5164790, 5164791",bin
Building_Identification_Number,"1079644, 3067120, 4152899",bin
BIN,"2094381, 5068212, 1003456",bin
building_id,"3330188, 4005622, 1086001",bin
bin_number,"5161429, 2117804, 3019877",bin
PROPERTY_BIN,"4473211, 1015679, 2023452",bin
BIN,"1084209, 1085338, 1000965",bin
building_id_number,"3060123, 3060124, 3060125",bin
bin_num,"4113182, 4113333, 4113334",bin
Building Identification Number,"5021200, 5021201, 5021202",bin
BLDG_ID_NO,"2090543, 2090544, 2090545",bin
BIN,"3061234, 1085432, 4112345",bin
Building Identification Number,"1079159, 2014690, 5021832",bin
bldg_id_num,"3332198, 4067891, 1025432",bin
PropertyBIN,"2120001, 5169876, 4455667",bin
building_id,"1000010, 3000000, 4321098",bin
BIN,"1075839, 3324501, 4069822",bin
building_identification_number,"2108423, 5061432, 1089365",bin
DOB_BIN,"3060228, 4113540, 1013743",bin
bin_num,"5123456, 2019876, 3345678",bin
Building ID,"4455821, 1086940, 3018843",bin
bin,"3075949, 1084275, 4134592",bin
BUILDING_IDENTIFICATION_NUMBER,"5023948, 2019342, 3001293",bin
bld_id_num,"1000456, 4005821, 5018392",bin
PropertyBIN,"2093481, 3102938, 1088392",bin
bin_num,"4503921, 5083921, 2028391",bin
bin,"3047219, 3338006, 3065431",bin
Building Identification Number,"1076159, 1085433, 1006789",bin
BLDG_ID_NUM,"4112345, 4098765, 4455667",bin
building_id,"2015487, 2098211, 2130456",bin
NYC_BIN,"5078123, 5160987, 5001234",bin
BIN,"3071228, 3335591, 3000482",bin
building_id,"1083766, 1005501, 1079555",bin
bldg_id_num,"4113229, 4464302, 4066333",bin
BUILDING IDENTIFICATION NUMBER,"5021987, 5167332, 5079899",bin
bin_number,"2098765, 2001554, 2134789",bin
building_id_number,"1080183, 3067891, 4125509",bin
BIN,"1076130, 2119890, 5001456",bin
bin_num,"3396112, 4000000, 1079141",bin
DOF_BIN_#,"4462198, 2091111, 3018890",bin
BuildingIdentificationNum,"1000000, 5801999, 4321098",bin
BIN,"3073421, 3329102, 3061328",bin
building_bin,"1079148, 1083951, 1004567",bin
BuildingIdentificationNumber,"4115482, 4435109, 4098211",bin
bin_num,"2045678, 2134567, 2001234",bin
DOB_BIN,"5021980, 5080401, 5067112",bin
BIN,"3072123, 3330101, 3001899",bin
building_id_num,"1079281, 1003635, 1088120",bin
bin #,"4011832, 4432109, 4000000",bin
BLDG_IDENT_N,"2023456, 2110987, 2000541",bin
dof_bin,"5123456, 5080111, 5009823",bin
bin,"1076159, 3069170, 4113110",bin
BUILDING_IDENTIFICATION_NUMBER,"2003884, 5026521, 1000000",bin
Bldg Ident Num,"3330353, 4448555, 1086088",bin
building_id,"5158888, 2108889, 4000001",bin
BIN_num,"1014737, 3000000, 2091807",bin
BIN,"3062629, 1083949, 4095551",bin
building_id_num,"2011122, 5081734, 3332198",bin
DOB_BIN,"1005872, 4451007, 2088654",bin
Building Identification Number,"3019882, 1078895, 5161343",bin
bin_num,"4113339, 3000021, 1086001",bin
BIN,"1079075, 3065646, 4138695",bin
building_id_num,"5081031, 2094248, 1000289",bin
Building Identification Number,"3332421, 4462635, 5163332",bin
bldgid,"1086337, 4001925, 3000567",bin
Property_BIN,"2121481, 5112001, 4299810",bin
Building Identification Number,"3070110, 1084511, 4122009",bin
bin,"5021788, 2004567, 3339870",bin
BLDG_ID_NUM,"1000010, 4550123, 3001234",bin
building_id,"2110987, 5100234, 1077654",bin
BIN_num,"3105432, 4009876, 1012345",bin
BIN,"3069875, 1001234, 4112345",bin
building_id_num,"5023456, 2005678, 3339876",bin
BUILDING IDENTIFICATION NUMBER,"1089123, 4256789, 3012345",bin
bin_num,"2109876, 5123456, 1078901",bin
dobj_bin,"4501234, 3123456, 2098765",bin
BIN,"1079532, 3339921, 4125890",bin
building_identification_number,"5021134, 2004567, 1000001",bin
bin_num,"4455801, 3019875, 1089243",bin
DOF_BIN,"2095432, 5167890, 3398102",bin
Building Identification No.,"1065432, 4001234, 2110987",bin
BIN,"3060714, 3330361, 1085633",bin
building_id,"4113222, 1015381, 5024734",bin
bin_number,"2017385, 3028391, 4458525",bin
BLDG_ID_NUM,"1079234, 3355019, 4087652",bin
BuildingIdentificationNumber,"5160358, 2115147, 1086032",bin
bin,"1038381, 3061630, 4113369",bin
BUILDING_IDENTIFICATION_NUMBER,"2015678, 5081014, 1086001",bin
building_id,"3332450, 4001294, 2110543",bin
BIN_Num,"1076214, 5163888, 4432109",bin
bldg_id_num,"3019888, 1003555, 4505672",bin
BIN,"3061234, 1089012, 4011234",bin
building_id,"5012345, 2098765, 3345678",bin
Building Identification Number,"1078901, 4456789, 5123456",bin
bin_num,"3398765, 1000001, 2012345",bin
DOB_BIN,"4112345, 5078901, 1054321",bin
Building Identification Number,"1079236, 3054817, 4124355",bin
BIN,"5023992, 2018293, 3344555",bin
bin_num,"1088663, 4456102, 5163456",bin
BUILDING_ID,"3396997, 1000000, 2121432",bin
nyc_building_id_num,"4009876, 1077243, 3000050",bin
bin,"1079147, 3061815, 4106322",bin
building_id_num,"2015699, 5016580, 1001389",bin
NYCBuildingID,"3332451, 4001234, 2109876",bin
BIN_#,"5163820, 1089245, 3067890",bin
BUILDING_IDENTIFICATION_NUMBER,"4532167, 2098765, 1010101",bin
BIN,"3064298, 1076412, 4123456",bin
building_id,"1088721, 5021987, 2001543",bin
nyc_property_bin,"3330911, 2109876, 4450123",bin
BUILDING_IDENTIFICATION_NUM,"1000055, 4500001, 3001234",bin
DOB_BIN,"5163290, 2129845, 3398711",bin
BIN,"3068407, 1085289, 4135592",bin
building_id_num,"5043112, 2019873, 3345098",bin
nyc_building_identification_number,"1000472, 4456711, 3001234",bin
BldgID,"2123456, 1078901, 5111222",bin
building_bin,"4005678, 3100200, 1090100",bin
BIN,"1015431, 3056212, 4113264",bin
building_id,"2087654, 5012345, 1009876",bin
bldg_id_num,"3345781, 4456123, 1089456",bin
BUILDING IDENTIFICATION NUMBER,"5102938, 2123456, 3098765",bin
bin_num,"4000123, 1076543, 3011223",bin
BIN,"3061452, 1001245, 4125896",bin
building_id_num,"5021589, 2004587, 3358741",bin
bin_num,"1089541, 4456123, 5123456",bin
Building Identification Number,"3000541, 1078523, 2100987",bin
DOB_BIN,"4001234, 1010101, 3216549",bin
BOROUGH,"STATEN ISLAND, THE BRONX, BRONX",borough
BoroughOfOccurrence,"Juneau, Anchorage, Fairbanks North Star",borough
location_borough,"Staten Island, The Bronx, Bx",borough
AK_BOROUGH,"DENALI, MATANUSKA-SUSITNA, KENAI PENINSULA",borough
boro,"Staten Is., The Bronx, Unorganized Borough",borough
Borough,"THE BRONX, STATEN ISLAND, Fairbanks North Star Borough",borough
incident_borough_name,"Matanuska-Susitna Borough, Kenai Peninsula Borough, Denali Borough",borough
BORO_NM,"North Slope Borough, Ketchikan Gateway Borough, Kodiak Island Borough",borough
Property_Borough,"Manhattan, Staten Island, The Bronx",borough
jurisdictionBorough,"Queens, Brooklyn, Municipality of Anchorage",borough
BORO_NM,"STATEN ISLAND, BRONX, Brooklyn",borough
borough_of_record,"Fairbanks North Star, Matanuska-Susitna, Kenai Peninsula",borough
Borough,"MANHATTAN, THE BRONX, QUEENS",borough
AK_Borough,"North Slope Borough, Municipality of Anchorage, City and Borough of Juneau",borough
boro_name,"Denali Borough, Lake and Peninsula Borough, Haines Borough",borough
BORO_NAME,"STATEN ISLAND, THE BRONX, QUEENS",borough
Borough,"Matanuska-Susitna, Kenai Peninsula, Anchorage",borough
incident_borough,"bronx, ketchikan gateway, juneau",borough
JURISDICTION_BOROUGH,"FAIRBANKS NORTH STAR, SITKA, DENALI",borough
boro,"Manhattan, Brooklyn, Staten Island",borough
BOROUGH,"QUEENS, STATEN ISLAND, ANCHORAGE",borough
BoroName,"FAIRBANKS NORTH STAR, MATANUSKA-SUSITNA, KENAI PENINSULA",borough
jurisdiction_borough,"KETCHIKAN GATEWAY BOROUGH, JUNEAU CITY AND BOROUGH, SITKA CITY AND BOROUGH",borough
boro_txt,"North Slope Borough, Aleutians East Borough, Lake and Peninsula Borough",borough
BORO_DESC,"Haines Borough, Yakutat City and Borough, Bristol Bay Borough",borough
Borough,"STATEN ISLAND, THE BRONX, BRISTOL BAY",borough
boro_name,"FAIRBANKS NORTH STAR, KENAI PENINSULA, MATANUSKA-SUSITNA",borough
BORO,"BRONX, NORTH SLOPE, STATEN IS",borough
incident_borough,"Kodiak Island, Lake and Peninsula, Aleutians East",borough
LocationBorough,"Haines, Juneau, Sitka",borough
BORO_NAME,"STATEN ISLAND, BROOKLYN, MANHATTAN",borough
Borough,"Queens, The Bronx, Staten Island",borough
boro,"Fairbanks North Star, Matanuska-Susitna, Kenai Peninsula",borough
BOROUGH_DESC,"BRONX, QUEENS, BROOKLYN",borough
jurisdiction_borough,"Juneau, Anchorage, Kodiak Island",borough
BORO,"Brooklyn, Bronx, Staten Island",borough
BoroughOfOccurrence,"Queens, Manhattan, Brooklyn",borough
incident_borough,"Fairbanks North Star, Anchorage, Juneau",borough
Location Borough,"Kenai Peninsula, Matanuska-Susitna, Kodiak Island",borough
BOROUGH_NAME,"Manhattan, Queens, Bronx",borough
Borough,"STATEN ISLAND, THE BRONX, Anchorage",borough
incident_boro,"Staten Island, The Bronx, Fairbanks North Star Borough",borough
BORO_NM,"THE BRONX, STATEN ISLAND, Kenai Peninsula Borough",borough
Borough_Assigned,"BRONX, STATEN IS, Matanuska-Susitna Borough",borough
AK_Borough,"Denali Borough, Haines Borough, Kodiak Island Borough",borough
BoroName,"QUEENS, STATEN ISLAND, BRONX",borough
borough,"Manhattan, Brooklyn, Queens",borough
AK_BOROUGH,"Juneau, Anchorage, Fairbanks North Star",borough
BORO,"BROOKLYN, THE BRONX, MANHATTAN",borough
Property_Borough,"Staten Island, Matanuska-Susitna, Kenai Peninsula",borough
BORO_NM,"Manhattan, Bronx, Staten Island",borough
Borough,"The Bronx, QN, BK",borough
alaska_boro,"Fairbanks North Star Borough, Matanuska-Susitna Borough, Kenai Peninsula Borough",borough
jurisdiction_borough,"Richmond, Kings, New York",borough
boro_name,"Anchorage, Juneau, Sitka",borough
BOROUGH,"THE BRONX, STATEN ISLAND, QUEENS",borough
Borough_of_Origin,"Anchorage, Fairbanks North Star, Matanuska-Susitna",borough
boro_name,"Brooklyn, MANHATTAN, Bronx",borough
AK_Borough_FIPS,"Kenai Peninsula, North Slope Borough, City and Borough of Juneau",borough
incident_boro_nm,"Staten Is., Bklyn, Manh",borough
BOROUGH_NAME,"Manhattan, Brooklyn, Queens",borough
boro,"The Bronx, Staten Island, MANHATTAN",borough
JurisdictionBorough,"Fairbanks North Star Borough, Matanuska-Susitna Borough, Kenai Peninsula Borough",borough
nyc_borough,"Staten Island, Queens, Brooklyn",borough
AK_Borough,"North Slope Borough, City and Borough of Juneau, Kodiak Island Borough",borough
borough_name,"STATEN ISLAND, MANHATTAN, BRONX",borough
BORO,"Brooklyn, Queens, Manhattan",borough
incident_borough,"QUEENS, BRONX, STATEN ISLAND",borough
BoroughOfOccurrence,"KENAI PENINSULA, FAIRBANKS NORTH STAR, MATANUSKA-SUSITNA",borough
boro_name,"Manhattan, Brooklyn, Bronx",borough
BOROUGH,"STATEN ISLAND, BRONX, Kenai Peninsula Borough",borough
BoroughName,"Matanuska-Susitna Borough, North Slope Borough, Ketchikan Gateway Borough",borough
brgh,"Staten Is, QN, Denali",borough
JURISDICTION_BOROUGH,"Bristol Bay Borough, Haines, City and Borough of Juneau",borough
nyc_borough,"The Bronx, Staten Island, Manhattan",borough
BoroughName,"Brooklyn, Staten Island, Kenai Peninsula Borough",borough
boro,"Fairbanks North Star Borough, Matanuska-Susitna Borough, Denali Borough",borough
BOROUGH,"North Slope Borough, Ketchikan Gateway Borough, Lake and Peninsula Borough",borough
jurisdiction_name,"Aleutians East Borough, Bristol Bay Borough, Haines Borough",borough
BoroDesc,"Sitka, Skagway, Yakutat",borough
BOROUGH_NAME,"BROOKLYN, BRONX, MATANUSKA-SUSITNA BOROUGH",borough
boro,"Staten Is, Bklyn, The Bronx",borough
jurisdiction_boro,"Borough of Queens, Kings County (Brooklyn), Richmond County (Staten Island)",borough
alaska_borough,"FAIRBANKS NORTH STAR BOROUGH, JUNEAU, KETCHIKAN GATEWAY BOROUGH",borough
incident_borough,"Brooklyn, Manhattan, Bronx",borough
BOROUGH,"THE BRONX, STATEN ISLAND, KETCHIKAN GATEWAY BOROUGH",borough
boro_name,"Staten Island, Fairbanks North Star Borough, Bronx",borough
BoroDesc,"MATANUSKA-SUSITNA BOROUGH, KENAI PENINSULA BOROUGH, DENALI BOROUGH",borough
agency_borough,"Anchorage, Juneau, Sitka",borough
BORO,"BRONX, STATEN IS, NORTH SLOPE BOROUGH",borough
BOROUGH,"STATEN ISLAND, QUEENS, The Bronx",borough
boro_name,"Brooklyn, Fairbanks North Star, Matanuska-Susitna",borough
jurisdiction_borough,"Aleutians East, Kenai Peninsula, Kodiak Island",borough
BoroName,"Queens, Manhattan, Staten Island",borough
BORO,"BRONX, Unorganized Borough, Lake and Peninsula",borough
BORO_NAME,"STATEN ISLAND, BRONX, STATEN ISLAND",borough
jurisdiction_borough,"Fairbanks North Star Borough, Matanuska-Susitna Borough, Kenai Peninsula Borough",borough
boro,"The Bronx, Staten Is., Richmond",borough
BoroughOfRecord,"Kodiak Island Borough, City and Borough of Juneau, Denali Borough",borough
incident_borough,"staten island, THE BRONX, Staten Island",borough
boro,"QUEENS, STATEN ISLAND, Queens",borough
BoroughName,"Staten Island, QUEENS, STATEN ISLAND",borough
incident_borough,"Fairbanks North Star, Kenai Peninsula, Matanuska-Susitna",borough
BORO_NM,"ANCHORAGE, Haines, Juneau",borough
Borough_of_Occurrence,"Lake and Peninsula Borough, North Slope Borough, SITKA",borough
BORO,"STATEN ISLAND, BRONX, Fairbanks North Star Borough",borough
incident_borough,"The Bronx, Matanuska-Susitna Borough, Kenai Peninsula Borough",borough
BoroughName,"Staten Island, Municipality of Anchorage, City and Borough of Juneau",borough
location_boro,"Bronx, Ketchikan Gateway Borough, Denali Borough",borough
prop_borough,"Haines Borough, STATEN ISLAND, Lake and Peninsula Borough",borough
BORO_NAME,"Staten Island, Queens, The Bronx",borough
boro,"Brooklyn, Manhattan, Staten Island",borough
Borough,"Fairbanks North Star Borough, Matanuska-Susitna Borough, Kenai Peninsula Borough",borough
BOROUGH_OF_INCIDENT,"QUEENS, BROOKLYN, BRONX",borough
incident_borough,"Manhattan, Juneau Borough, Queens",borough
BOROUGH,"Brooklyn, The Bronx, Queens",borough
boro_name,"Fairbanks North Star, Matanuska-Susitna, Kenai Peninsula",borough
BoroughOfRecord,"MANHATTAN, BROOKLYN, STATEN ISLAND",borough
AK_BOROUGH,"Anchorage, Juneau, Sitka",borough
incident_borough,"Bronx, Ketchikan Gateway Borough, North Slope Borough",borough
BOROUGH,"Brooklyn, Staten Island, Manhattan",borough
boro_name,"Queens, Bronx, Brooklyn",borough
incident_boro,"MANHATTAN, QUEENS, BRONX",borough
agency_borough,"Staten Island, Queens, The Bronx",borough
BoroughName,"THE BRONX, STATEN ISLAND, Matanuska-Susitna",borough
bor_name,"Kenai Peninsula, FAIRBANKS NORTH STAR, Juneau",borough
BOROUGH_OF_INCIDENT,"Staten Island, Bronx, Anchorage",borough
location_borough_desc,"ALEUTIANS EAST BOROUGH, Bristol Bay Borough, Denali Borough",borough
borough,"The Bronx, STATEN IS, Lake and Peninsula",borough
BORO,"STATEN ISLAND, THE BRONX, FAIRBANKS NORTH STAR BOROUGH",borough
BoroughName,"Matanuska-Susitna Borough, Kenai Peninsula Borough, Municipality of Anchorage",borough
boro_name,"ketchikan gateway borough, juneau, denali borough",borough
incident_borough,"Staten Island, Bronx, Sitka",borough
BOROUGH_OF_INCIDENT,"North Slope Borough, Haines Borough, Yakutat",borough
BORO,"BRONX, STATEN ISLAND, STATEN IS",borough
boro_name,"Fairbanks North Star Borough, STATEN ISLAND, Matanuska-Susitna Borough",borough
Borough,"The Bronx, Staten Island, Anchorage",borough
incident_borough,"Juneau, Sitka, Yakutat",borough
BoroughOfOccurrence,"Denali Borough, Haines Borough, Kenai Peninsula Borough",borough
BORO,"STATEN ISLAND, BROOKLYN, THE BRONX",borough
Borough_Assigned,"Kodiak Island Borough, Kenai Peninsula Borough, North Slope Borough",borough
jurisdiction_boro_name,"Brooklyn, Staten Island, Queens",borough
boro_name,"Manhattan, Yakutat, Sitka",borough
BOROUGH,"Matanuska-Susitna Borough, Unorganized Borough, Anchorage",borough
BOROUGH,"THE BRONX, STATEN ISLAND, Kenai Peninsula Borough",borough
BoroName,"Matanuska-Susitna, Fairbanks North Star, Denali",borough
incident_borough,"Staten Island, Bronx, Kodiak Island Borough",borough
JURISDICTION_BORO,"Haines Borough, Municipality of Skagway Borough, City and Borough of Juneau",borough
alaska_borough,"North Slope Borough, Lake and Peninsula Borough, Aleutians East Borough",borough
BORO_NAME,"STATEN ISLAND, BRONX, MANHATTAN",borough
Borough,"Brooklyn, Queens, Juneau",borough
incident_borough,"Fairbanks North Star Borough, Kenai Peninsula Borough, Matanuska-Susitna Borough",borough
boro,"QUEENS, STATEN ISLAND, BRONX",borough
PropertyBorough,"Manhattan, Brooklyn, Anchorage",borough
Borough,"STATEN ISLAND, Fairbanks North Star Borough, Matanuska-Susitna",borough
BORO_NAME,"BRONX, Anchorage, Kenai Peninsula Borough",borough
jurisdiction_boro,"Ketchikan Gateway, Denali Borough, The Bronx",borough
Borough Name,"North Slope Borough, Juneau, STATEN ISLAND",borough
boro,"Aleutians East, Bristol Bay, Haines",borough
BORO_NM,"THE BRONX, STATEN ISLAND, BRONX",borough
Borough,"Staten Island, North Slope Borough, Kodiak Island Borough",borough
alaska_borough,"Denali Borough, Haines Borough, Bristol Bay Borough",borough
boro_name,"STATEN IS, THE BRONX, Aleutians East Borough",borough
Borough,"STATEN ISLAND, BRONX, QUEENS",borough
boro_name,"Manhattan, The Bronx, Brooklyn",borough
AK_BOROUGH,"Fairbanks North Star Borough, Matanuska-Susitna Borough, Kenai Peninsula Borough",borough
nyc_borough,"brooklyn, staten island, bronx",borough
JURISDICTION_BOROUGH,"QUEENS, MANHATTAN, BRONX",borough
BORO_NAME,"Kenai Peninsula Borough, Matanuska-Susitna Borough, North Slope Borough",borough
Borough,"BRONX, STATEN ISLAND, Juneau",borough
boro,"staten island, fairbanks north star, bristol bay",borough
Borough_Of_Occurrence,"Aleutians East Borough, Denali Borough, Haines Borough",borough
incident_borough,"THE BRONX, STATEN IS, Ketchikan Gateway",borough
Borough,"THE BRONX, STATEN ISLAND, NAUGATUCK",borough
INCIDENT_BOROUGH,"Lake and Peninsula, Denali, Haines",borough
b_name,"bronx, staten is, bklyn",borough
BoroughOfRecord,"North Slope Borough, Northwest Arctic Borough, Bristol Bay Borough",borough
borough,"STATEN ISLAND, BRONX, Brooklyn",borough
BORO,"Manhattan, Queens, The Bronx",borough
IncidentBorough,"Fairbanks North Star Borough, Matanuska-Susitna Borough, Kenai Peninsula Borough",borough
JURISDICTION_BOROUGH,"Anchorage, Sitka, Juneau",borough
location_boro_name,"brooklyn, staten island, manhattan",borough
BOROUGH,"The Bronx, Manhattan, Brooklyn",borough
boro_name,"Fairbanks North Star Borough, Kenai Peninsula Borough, Matanuska-Susitna Borough",borough
Municipality,"Anchorage, Juneau, Sitka",borough
nyc_boro,"MANHATTAN, QUEENS, BRONX",borough
AK_Borough,"North Slope Borough, Denali Borough, Kodiak Island Borough",borough
BOROUGH,"Manhattan, The Bronx, Brooklyn",borough
boro_name,"Matanuska-Susitna Borough, Queens, Fairbanks North Star Borough",borough
JurisdictionBorough,"Staten Island, Brooklyn, Manhattan",borough
boro,"The Bronx, Queens, Kenai Peninsula Borough",borough
community_district_boro,"Brooklyn, Staten Island, Manhattan",borough
Borough_of_Occurrence,"STATEN ISLAND, THE BRONX, FAIRBANKS NORTH STAR BOROUGH",borough
boro,"ANCHORAGE, JUNEAU, KENAI PENINSULA BOROUGH",borough
incident_borough_name,"Manhattan, MATANUSKA-SUSITNA BOROUGH, Staten Island",borough
BORO_NM,"DENALI BOROUGH, KODIAK ISLAND BOROUGH, NORTH SLOPE BOROUGH",borough
borough,"Brooklyn, Queens, The Bronx",borough
borough_code,"1, 3, 5",borough_code
boro,"2, 4, 1",borough_code
BoroCode,"3, 2, 4",borough_code
b_code,"5, 1, 2",borough_code
BORO_NUM,"4, 5, 3",borough_code
BoroCode,"1, 3, 5",borough_code
BORO,"2, 4, 1",borough_code
borough_num,"3, 3, 4",borough_code
BOROUGH_CODE,"4, 5, 1",borough_code
borough_cde,"3, 3, 4",borough_code
BoroughID,"5, 2, 1",borough_code
boro_num,"4, 1, 2",borough_code
BORO,"2, 4, 2",borough_code
BoroughNum,"4, 1, 5",borough_code
bcode,"3, 3, 1",borough_code
boro_id,"5, 2, 4",borough_code
BORO_CODE,"1, 5, 3",borough_code
BoroNum,"2, 4, 1",borough_code
borough,"3, 2, 5",borough_code
BoroughID,"4, 1, 4",borough_code
boro,"5, 1, 2",borough_code
boro_code,"2, 4, 1",borough_code
BORO,"4, 4, 2",borough_code
BoroughNum,"5, 1, 3",borough_code
community_district_borough_id,"3, 2, 2",borough_code
boro_code,"1, 5, 4",borough_code
BOROUGH,"2, 3, 3",borough_code
BoroughID,"4, 1, 5",borough_code
b_code,"3, 2, 1",borough_code
nyc_borough_id,"5, 4, 2",borough_code
BORO_CODE,"1, 3, 5",borough_code
Boro,"4, 2, 2",borough_code
borough_id,"5, 1, 4",borough_code
boro_num,"2, 3, 1",borough_code
bcode,"3, 3, 5",borough_code
borough,"1, 3, 5",borough_code
BoroCode,"5, 3, 3",borough_code
borough_id,"4, 1, 2",borough_code
BORO,"1, 2, 4",borough_code
BORO,"1, 3, 4",borough_code
BoroughCode,"2, 5, 1",borough_code
boro_code,"3, 3, 5",borough_code
brgh_id,"4, 1, 2",borough_code
boro,"5, 2, 4",borough_code
boro_code,"2, 5, 1",borough_code
Borough,"3, 1, 4",borough_code
boro,"4, 2, 2",borough_code
BORO_ID,"1, 3, 5",borough_code
borough_num,"5, 4, 1",borough_code
BoroughCode,"1, 3, 5",borough_code
boro_code,"4, 2, 4",borough_code
BORO,"3, 1, 3",borough_code
nyc_borough_id,"2, 4, 5",borough_code
boro_code,"1, 4, 2",borough_code
Boro,"3, 5, 1",borough_code
BoroughID,"2, 4, 5",borough_code
BCODE,"5, 1, 3",borough_code
borough,"4, 2, 1",borough_code
BOROUGH,"3, 5, 1",borough_code
BoroCD,"2, 4, 4",borough_code
nyc_borough_id,"5, 1, 3",borough_code
b_code,"4, 2, 5",borough_code
boro_id,"2, 4, 1",borough_code
BoroCode,"4, 2, 5",borough_code
BOROUGH,"3, 1, 4",borough_code
nyc_boro,"5, 1, 2",borough_code
BoroCode,"3, 1, 5",borough_code
boro_cd,"4, 2, 4",borough_code
BOROUGH,"1, 3, 2",borough_code
incident_boro,"5, 4, 1",borough_code
b_code,"2, 3, 5",borough_code
BOROCODE,"2, 4, 1",borough_code
b_code,"3, 3, 5",borough_code
Borough,"4, 1, 2",borough_code
nyc_boro_id,"5, 2, 4",borough_code
Borough,"2, 4, 4",borough_code
boro,"3, 3, 1",borough_code
borough_num,"4, 5, 1",borough_code
borough,"2, 4, 1",borough_code
BOROCODE,"3, 5, 1",borough_code
b_code,"4, 4, 2",borough_code
Borough_ID,"1, 5, 3",borough_code
boro_num,"5, 2, 4",borough_code
BORO_CODE,"1, 3, 4",borough_code
Borough,"2, 2, 5",borough_code
bcode,"4, 1, 1",borough_code
borough_num,"5, 2, 3",borough_code
boro,"3, 1, 2",borough_code
borough_code,"1, 4, 3",borough_code
BoroCode,"2, 5, 1",borough_code
b_code,"3, 3, 4",borough_code
BORO,"5, 2, 2",borough_code
pluto_boro_cd,"4, 1, 5",borough_code
boro_code,"1, 3, 5",borough_code
BoroughNum,"4, 4, 2",borough_code
nyc_borough_identifier,"5, 3, 3",borough_code
b_code,"2, 1, 4",borough_code
BOROCODE,"1, 3, 5",borough_code
borough_code,"3, 3, 2",borough_code
b_code,"4, 5, 1",borough_code
BoroughID,"5, 2, 4",borough_code
BOROUGH,"3, 3, 4",borough_code
b_code,"5, 2, 3",borough_code
nyc_borough_identifier,"4, 1, 2",borough_code
BoroCode,"1, 4, 2",borough_code
boro_num,"3, 5, 1",borough_code
BOROUGH,"2, 3, 5",borough_code
b_code,"4, 1, 4",borough_code
nyc_borough_id,"5, 2, 3",borough_code
BORO,"1, 3, 5",borough_code
BoroughCode,"2, 4, 1",borough_code
boro_num,"3, 1, 4",borough_code
borough,"4, 5, 2",borough_code
boro,"2, 4, 2",borough_code
BoroNum,"5, 1, 4",borough_code
borough,"3, 3, 1",borough_code
nyc_borough_identifier,"4, 2, 5",borough_code
BoroCode,"2, 4, 1",borough_code
BORO,"4, 1, 2",borough_code
tax_borough_id,"3, 5, 4",borough_code
BoroughCode,"1, 4, 5",borough_code
boro_cd,"2, 3, 1",borough_code
BORO_CODE,"4, 2, 3",borough_code
BoroNum,"5, 1, 5",borough_code
nyc_borough_identifier,"3, 4, 2",borough_code
BORO,"5, 5, 2",borough_code
nyc_borough_id,"3, 1, 4",borough_code
b_code,"4, 2, 3",borough_code
BORO,"3, 3, 4",borough_code
borough,"5, 1, 2",borough_code
b_code,"4, 2, 1",borough_code
BOROUGH_CODE,"1, 3, 5",borough_code
boro_cd,"4, 2, 1",borough_code
BoroNum,"2, 5, 3",borough_code
borough,"1, 4, 4",borough_code
BoroIdentifier,"3, 1, 2",borough_code
Borough,"2, 4, 2",borough_code
BORO,"5, 1, 1",borough_code
borough_id,"2, 5, 1",borough_code
BORO_CODE,"1, 4, 2",borough_code
Borough,"3, 1, 5",borough_code
boro,"2, 2, 4",borough_code
BoroCode,"5, 3, 1",borough_code
community_district_boro_id,"4, 1, 3",borough_code
BORO_NUM,"5, 5, 2",borough_code
b_code,"3, 1, 4",borough_code
nyc_borough_id,"4, 2, 3",borough_code
BOROCODE,"5, 1, 4",borough_code
nyc_borough_num,"3, 3, 1",borough_code
BoroCode,"3, 3, 2",borough_code
BORO,"5, 1, 4",borough_code
community_district_boro_code,"2, 1, 1",borough_code
BOROUGH,"1, 3, 5",borough_code
boro_code,"2, 4, 4",borough_code
BoroCode,"1, 5, 2",borough_code
nyc_borough_id,"5, 2, 1",borough_code
boro_code,"1, 5, 3",borough_code
Borough,"2, 4, 1",borough_code
BORO,"4, 2, 5",borough_code
incident_borough_id,"3, 1, 4",borough_code
Borough,"3, 5, 1",borough_code
BOROCODE,"2, 2, 4",borough_code
b_code,"5, 1, 3",borough_code
boro_num,"4, 3, 3",borough_code
city,"Seattle, Denver, Boston",city
primary_city,"Nashville, Portland, Memphis",city
JURISDICTION_NAME,"Oklahoma City, Las Vegas, Baltimore",city
mail_city,"Louisville, Milwaukee, Albuquerque",city
owner_city,"Tucson, Fresno, Sacramento",city
site_city,"BURLINGTON, MONTPELIER, RUTLAND",city
MUNICIPALITY,"KANSAS CITY, SAINT LOUIS, SPRINGFIELD",city
propertyCity,"NASHVILLE, MEMPHIS, KNOXVILLE",city
city_of_incident,"PHOENIX, TUCSON, SCOTTSDALE",city
CityName,"ATLANTA, SAVANNAH, AUGUSTA",city
City,"Portland, Austin, Denver",city
city_name,"Des Moines, Madison, Richmond",city
MUNICIPALITY,"Tacoma, Spokane, Olympia",city
property_city,"New Orleans, Baton Rouge, Shreveport",city
Township,"Burlington, Montpelier, Rutland",city
city,"Phoenix, Tucson, Mesa",city
property_city_name,"San Antonio, Dallas, Austin",city
MUNICIPALITY,"New Orleans, Baton Rouge, Shreveport",city
mail_city,"Portland, Eugene, Salem",city
SiteCity,"Kansas City, Saint Louis, Springfield",city
CITY,"Atlanta, Phoenix, Houston",city
city_name,"San Diego, Dallas, San Jose",city
JURISDICTION_NAME,"Indianapolis, Jacksonville, Columbus",city
property_city,"Portland, Memphis, Baltimore",city
mail_city,"Las Vegas, Albuquerque, Sacramento",city
CityName,"San Antonio, Dallas, Austin",city
property_city,"Portland, Salem, Eugene",city
MUNICIPALITY,"Flagstaff, Tucson, Mesa",city
city_of_residence,"St. Louis, Springfield, Columbia",city
mail_city,"Newark, Jersey City, Paterson",city
MUNICIPALITY,"HOUSTON, SAN ANTONIO, DALLAS",city
city_of_service,"MIAMI, ORLANDO, TAMPA",city
LOC_CITY,"Boston, Cambridge, Worcester",city
jurisdiction_name,"Denver, Aurora, Colorado Springs",city
Township,"BEND, EUGENE, SALEM",city
city_name,"San Francisco, Chicago, Houston",city
MUNICIPALITY,"Miami, Atlanta, Dallas",city
proj_city,"Phoenix, Philadelphia, San Antonio",city
PrimaryCity,"San Diego, San Jose, Austin",city
city_of_record,"Jacksonville, Columbus, Indianapolis",city
City,"PHILADELPHIA, PITTSBURGH, HARRISBURG",city
mail_city,"Baton Rouge, Shreveport, New Orleans",city
JURISDICTION_NAME,"Phoenix, Tucson, Mesa",city
city_of_service,"charlotte, raleigh, greensboro",city
town,"Boulder, Denver, Aspen",city
city,"CHICAGO, HOUSTON, PHOENIX",city
PROPERTY_CITY,"Boston, Philadelphia, Baltimore",city
Site_City,"SAN DIEGO, SAN JOSE, SACRAMENTO",city
mail_city,"Atlanta, Charlotte, Nashville",city
APPLICANT_CITY,"SEATTLE, PORTLAND, DENVER",city
City,"CHICAGO, AUSTIN, SEATTLE",city
mail_city,"Phoenix, Philadelphia, San Antonio",city
OWNER_CITY,"SAN DIEGO, DALLAS, SAN JOSE",city
SiteCity,"Jacksonville, Columbus, Charlotte",city
service_location_city,"Indianapolis, Denver, Washington",city
City,"San Francisco, Austin, Chicago",city
MUNICIPALITY,"Atlanta, Boston, Houston",city
site_city,"New Orleans, Kansas City, Las Vegas",city
prop_city_name,"Charlotte, Columbus, Detroit",city
service_location_city,"Memphis, Milwaukee, Sacramento",city
primary_city,"Philadelphia, Pittsburgh, Allentown",city
mail_city,"Denver, Aurora, Colorado Springs",city
cty,"Phoenix, Tucson, Mesa",city
JURISDICTION_NAME,"Charlotte, Greensboro, Durham",city
CityName,"LOS ANGELES, SAN DIEGO, SACRAMENTO",city
property_city,"Houston, Austin, Dallas",city
cty_nm,"Miami, Orlando, Tampa",city
PrimaryCity,"Chicago, Detroit, Minneapolis",city
mail_city,"PHILADELPHIA, BOSTON, BALTIMORE",city
City,"San Diego, Houston, Philadelphia",city
property_city,"Nashville, Memphis, Knoxville",city
mail_city_name,"Kansas City, Saint Louis, Springfield",city
MUNICIPALITY,"Jacksonville, Orlando, Tampa",city
project_location_city,"Columbus, Cleveland, Cincinnati",city
city,"Boulder, Tucson, Madison",city
PROPERTY_CITY,"New Orleans, Kansas City, Saint Louis",city
site_city,"Charleston, Savannah, Asheville",city
mail_city,"Santa Fe, Taos, Albuquerque",city
owner_city,"Cambridge, Providence, New Haven",city
city_name,"Seattle, Miami, Austin",city
PrimaryCity,"Denver, Phoenix, Philadelphia",city
municipal_entity,"Boise, Omaha, Albuquerque",city
place_name,"Charlotte, Nashville, Indianapolis",city
CITY,"San Diego, San Jose, Sacramento",city
CityName,"San Antonio, Memphis, Baltimore",city
municipality,"Oklahoma City, Las Vegas, Louisville",city
city_txt,"Albuquerque, Tucson, Fresno",city
PROPERTY_CITY,"Sacramento, Mesa, Atlanta",city
city,"Colorado Springs, Long Beach, Virginia Beach",city
CITY,"Chicago, Houston, Phoenix",city
primary_city,"Los Angeles, San Diego, San Jose",city
mailing_city_name,"Philadelphia, San Antonio, Dallas",city
site_city,"Austin, Jacksonville, Fort Worth",city
propCity,"Columbus, Charlotte, Indianapolis",city
city,"Chicago, Houston, Phoenix",city
municipality,"Ann Arbor, Santa Fe, Charleston",city
primary_city,"Seattle, Denver, Boston",city
site_city,"Omaha, Boise, Tucson",city
property_city,"San Jose, Oakland, Fresno",city
city_name,"LOS ANGELES, SAN FRANCISCO, SAN DIEGO",city
Location City,"MIAMI, ORLANDO, TAMPA",city
addr_city,"Chicago, Detroit, Minneapolis",city
CITY,"Boise, Bozeman, Bend",city
primary_city,"HOUSTON, SAN ANTONIO, DALLAS",city
City,"Denver, Portland, Miami",city
prp_city,"NASHVILLE, MEMPHIS, KNOXVILLE",city
OWNER_CITY,"Las Vegas, Atlanta, Detroit",city
city_of_service,"KANSAS CITY, SAINT LOUIS, SPRINGFIELD",city
Mailing_City,"San Francisco, Austin, Boston",city
CITY_NM,"SEATTLE, DENVER, MIAMI",city
property_city,"Atlanta, Portland, Nashville",city
primaryCity,"New Orleans, Kansas City, Las Vegas",city
LOC_CITY,"BALTIMORE, MINNEAPOLIS, CLEVELAND",city
CityName,"SAN FRANCISCO, AUSTIN, SEATTLE",city
property_city,"Miami, Orlando, Tampa",city
mail_city,"New Orleans, Baton Rouge, Shreveport",city
CUST_CITY,"DENVER, BOULDER, AURORA",city
City_Of_Service,"Philadelphia, Pittsburgh, Allentown",city
City,"Phoenix, Tucson, Mesa",city
mail_city,"Columbus, Cleveland, Cincinnati",city
property_city,"Charlotte, Raleigh, Greensboro",city
SITE_CITY,"Boston, Worcester, Springfield",city
jurisdiction_city,"Indianapolis, Fort Wayne, Evansville",city
City,"Chicago, Seattle, Miami",city
MUNICIPALITY,"Boise, Santa Fe, Charleston",city
city_name,"Salt Lake City, Grand Rapids, Saint Paul",city
PRIM_CITY_NM,"San Diego, Sacramento, Fresno",city
place_of_work_city,"Philadelphia, Boston, Baltimore",city
city_name,"Seattle, Miami, Denver",city
cty_loc,"Santa Fe, Charleston, Portland",city
municipality_text,"Ann Arbor, Cambridge, Pasadena",city
primary_city,"San Francisco, Chicago, Houston",city
JURISDICTION_CITY,"New Orleans, Philadelphia, Phoenix",city
CityName,"San Antonio, Dallas, Houston",city
property_city,"Memphis, Nashville, Knoxville",city
MUNICIPALITY,"Columbus, Cleveland, Cincinnati",city
mail_city,"Las Vegas, Reno, Henderson",city
SITE_CITY_NAME,"Milwaukee, Madison, Green Bay",city
City,"Portland, Sacramento, Kansas City",city
primary_city,"New Orleans, Nashville, Oklahoma City",city
SITE_CITY,"Atlanta, Miami, Minneapolis",city
vendor_cty,"Detroit, Memphis, Louisville",city
city_nm,"Baltimore, Milwaukee, Albuquerque",city
City_Name,"Chicago, Houston, Phoenix",city
primary_city,"Pittsburgh, St. Louis, Orlando",city
property_city,"San Diego, Portland, Seattle",city
mail_city,"Boise, Richmond, Ann Arbor",city
JURISDICTION_TOWN,"Providence, Hartford, Newark",city
City,"New Orleans, Memphis, Nashville",city
MUNICIPALITY,"Santa Fe, Albuquerque, Roswell",city
site_city_name,"Palo Alto, Cambridge, Ann Arbor",city
city_txt,"Portland, Boise, Billings",city
City,"San Diego, Dallas, San Jose",city
municipality,"Baltimore, Milwaukee, Albuquerque",city
primary_city,"Kansas City, Oklahoma City, Las Vegas",city
owner_city,"New Orleans, Sacramento, Long Beach",city
cty_name,"Portland, Seattle, Denver",city
city,"New Orleans, Baton Rouge, Shreveport",city
PROPERTY_CITY,"Flagstaff, Tucson, Scottsdale",city
mail_city,"Boulder, Aspen, Durango",city
vendor_city_name,"Providence, Newport, Warwick",city
CityName,"Asheville, Chapel Hill, Wilmington",city
property_city,"HOUSTON, AUSTIN, DALLAS",city
CityName,"San Diego, San Francisco, Los Angeles",city
mail_city,"Philadelphia, Pittsburgh, Allentown",city
SITE_CITY,"SEATTLE, TACOMA, BELLEVUE",city
VendorCity,"Phoenix, Tucson, Mesa",city
city,"Seattle, Denver, Austin",city
CityName,"Portland, Nashville, New Orleans",city
mailing_city,"San Jose, Phoenix, San Antonio",city
APPLICANT_CITY,"Philadelphia, Columbus, Charlotte",city
site_city_txt,"Indianapolis, Jacksonville, Fort Worth",city
primary_city,"San Antonio, Philadelphia, Phoenix",city
CITY,"DENVER, BOSTON, DETROIT",city
mail_city,"Austin, Charlotte, Columbus",city
site_city_name,"Memphis, Baltimore, Louisville",city
City_Of_Residence,"Las Vegas, Albuquerque, Sacramento",city
City,"San Antonio, Dallas, Austin",city
MUNICIPALITY,"San Jose, San Diego, Fresno",city
property_city,"Jacksonville, Columbus, Charlotte",city
Site City,"Indianapolis, Fort Worth, Denver",city
owner_city,"El Paso, Washington, Boston",city
city,"Seattle, Tacoma, Bellevue",city
Mailing_City,"Philadelphia, Pittsburgh, Allentown",city
TOWN,"Providence, Warwick, Cranston",city
property_city,"Atlanta, Augusta, Columbus",city
site_city_name,"Miami, Orlando, Tampa",city
property_city,"San Diego, Houston, Chicago",city
CityName,"ATLANTA, BOSTON, DALLAS",city
mail_city,"Baltimore, Portland, New Orleans",city
site_location_city,"Las Vegas, San Jose, Detroit",city
city_txt,"Memphis, Charlotte, El Paso",city
city_name,"Chicago, Aurora, Naperville",city
prop_city,"Philadelphia, Pittsburgh, Allentown",city
LocationCity,"Los Angeles, San Diego, San Jose",city
site_city,"Phoenix, Tucson, Mesa",city
country_name,"United States, USA, United States of America",country
nation,"United States of America, USA, U.S.A.",country
COUNTRY,"USA, United States, USA",country
sovereignt,"United States of America, U.S.A., United States",country
country_code,"USA, USA, USA",country
country,"United States, United States, United States of America",country
NATION,"USA, USA, USA",country
country_name,"U.S.A., United States, U.S.A.",country
cntry_of_origin,"United States of America, USA, United States",country
JurisdictionCountry,"USA, U.S.A., United States of America",country
COUNTRY,"United States, United States of America, United States",country
nation_code,"USA, U.S.A., USA",country
country_of_origin,"United States of America, USA, United States",country
jurisdiction_country,"U.S.A., United States, USA",country
residence_country,"United States, U.S.A., United States of America",country
country_name,"United States, United States of America, USA",country
NATION,"U.S.A., United States, U.S.A.",country
location_country,"USA, USA, USA",country
Cntry,"United States of America, USA, United States",country
country_of_origin,"U.S.A., United States of America, U.S.A.",country
country_name,"United States, United States, United States",country
nation,"USA, U.S.A., USA",country
COUNTRY,"United States of America, United States of America, United States of America",country
jurisdiction_country,"United States, USA, United States",country
country_code_alpha3,"U.S.A., USA, USA",country
Country,"United States, USA, United States of America",country
nation,"U.S.A., United States, USA",country
country_name,"United States of America, USA, United States",country
COUNTRY_CD,"USA, U.S.A., USA",country
origin_country,"United States, United States of America, U.S.A.",country
Nation,"United States, United States, United States",country
country_name,"USA, USA, USA",country
COUNTRY_DERIVED,"United States of America, United States of America, United States of America",country
cntry,"U.S.A., U.S.A., U.S.A.",country
jurisdiction_country,"USA, United States, U.S.A.",country
Country,"United States, U.S.A., USA",country
nation,"United States of America, USA, United States",country
country_name,"U.S.A., United States of America, United States",country
COUNTRY_OF_ORIGIN,"USA, U.S.A., United States of America",country
cntry,"United States, USA, United States",country
COUNTRY,"USA, United States, U.S.A.",country
nation,"United States of America, USA, United States of America",country
country_name,"United States, United States, U.S.A.",country
location_country,"USA, USA, United States",country
jurisdiction_nation,"U.S.A., United States of America, USA",country
COUNTRY_OF_ORIGIN,"United States, USA, United States of America",country
country_name,"USA, U.S.A., United States",country
COUNTRY,"U.S.A., United States, USA",country
jurisdiction_country,"USA, United States of America, U.S.A.",country
NATION,"U.S.A., United States, USA",country
origin_country,"USA, United States of America, U.S.A.",country
cntry,"United States of America, United States, United States",country
project_country,"USA, U.S.A., U.S.A.",country
country,"United States, United States, United States",country
nation_of_origin,"USA, USA, USA",country
cntry_code,"U.S.A., USA, United States",country
place_country,"USA, United States of America, USA",country
country,"United States, USA, United States of America",country
NATION_NAME,"U.S.A., United States, U.S.A.",country
JurisdictionCountry,"United States of America, United States of America, United States of America",country
country_name,"United States, United States, USA",country
country_of_origin,"United States, USA, United States of America",country
place_country,"United States of America, USA, USA",country
country,"United States, United States, U.S.A.",country
CountryName,"USA, United States of America, United States",country
nation,"USA, USA, USA",country
COUNTRY,"United States of America, United States, USA",country
cntry_cd,"U.S.A., U.S.A., U.S.A.",country
jurisdiction_country,"United States, USA, United States of America",country
nation,"USA, United States, United States of America",country
COUNTRY_NAME,"U.S.A., United States, USA",country
country_of_jurisdiction,"United States of America, USA, United States",country
sovereignty,"United States, U.S.A., USA",country
country_code,"USA, United States of America, USA",country
nation,"U.S.A., United States, U.S.A.",country
COUNTRY,"USA, USA, United States of America",country
country_of_origin,"United States, United States, USA",country
country,"United States, USA, United States",country
NATION,"United States of America, U.S.A., USA",country
country_name,"USA, United States, U.S.A.",country
CountryOfOrigin,"United States of America, United States of America, U.S.A.",country
sovereignty,"United States, United States, USA",country
COUNTRY,"United States, United States of America, USA",country
nation,"U.S.A., United States, United States of America",country
CountryOfOrigin,"United States of America, USA, U.S.A.",country
jurisdiction_country,"United States, United States, United States",country
nation,"United States, United States, United States",country
COUNTRY_OF_ORIGIN,"USA, United States of America, U.S.A.",country
addr:country,"U.S.A., USA, United States of America",country
CountryName,"United States of America, United States of America, USA",country
origin_country,"USA, USA, United States",country
sovereignt,"United States of America, United States, USA",country
cntry_code,"U.S.A., United States of America, USA",country
Nation,"U.S.A., United States, United States",country
jurisdiction_country,"United States, USA, USA",country
country_code_long,"United States of America, U.S.A., United States",country
CountryName,"United States, USA, United States of America",country
nation,"USA, U.S.A., United States",country
country_of_residence,"United States of America, United States, USA",country
COUNTRY_ID,"U.S.A., USA, United States of America",country
sovereignt,"United States, United States of America, U.S.A.",country
Country_Name,"United States of America, U.S.A., United States",country
location_country,"U.S.A., USA, United States of America",country
COUNTRY_ISO3,"USA, USA, U.S.A.",country
country_of_residence,"United States of America, U.S.A., United States",country
ctry,"USA, USA, USA",country
jurisdiction_country,"United States, U.S.A., United States of America",country
Country,"United States, United States, United States",country
nation_code,"USA, USA, USA",country
country_full,"United States of America, United States of America, United States of America",country
cntry_residence,"U.S.A., United States, USA",country
jurisdiction_country,"U.S.A., U.S.A., U.S.A.",country
country_name,"United States, United States of America, United States",country
location_country,"USA, United States, USA",country
NATION,"U.S.A., U.S.A., United States",country
cntry,"United States of America, USA, United States of America",country
source_country_id,"United States, USA, U.S.A.",country
NATION,"USA, U.S.A., USA",country
location_country,"United States of America, USA, United States",country
cntry,"United States, U.S.A., United States",country
country_of_residence,"USA, United States of America, U.S.A.",country
nation,"USA, United States of America, U.S.A.",country
COUNTRY_NAME,"United States, USA, United States",country
CountryOfOrigin,"United States of America, United States, U.S.A.",country
COUNTRY,"USA, United States, United States of America",country
nation,"United States of America, U.S.A., USA",country
country_name,"United States, USA, United States",country
country_of_residence,"U.S.A., United States of America, USA",country
nation,"United States, USA, United States of America",country
country_of_origin,"USA, U.S.A., United States",country
jurisdiction_country,"U.S.A., United States of America, USA",country
LocationCountry,"United States, U.S.A., United States",country
NATION,"USA, U.S.A., United States",country
location_country,"United States of America, United States of America, United States of America",country
COUNTRY_OF_ORIGIN,"U.S.A., USA, U.S.A.",country
addr_country,"United States, USA, United States",country
Nation,"USA, USA, USA",country
COUNTRY,"United States of America, U.S.A., United States",country
jurisdiction_country,"U.S.A., United States, U.S.A.",country
origin_country,"USA, United States of America, United States of America",country
cntry,"United States of America, U.S.A., United States",country
location_country,"USA, United States, U.S.A.",country
COUNTRY,"United States of America, United States of America, USA",country
Nation,"United States of America, United States of America, USA",country
JurisdictionCountry,"United States, United States, United States",country
COUNTRY,"United States of America, USA, U.S.A.",country
jurisdiction_country,"USA, United States, United States",country
ctry,"U.S.A., United States of America, USA",country
jurisdiction_country,"United States of America, United States, USA",country
COUNTRY_TXT,"U.S.A., USA, United States",country
COUNTRY,"USA, U.S.A., USA",country
origin_country,"U.S.A., United States, USA",country
location.country,"United States, USA, United States of America",country
COUNTRY_NAME,"United States, USA, United States of America",country
sovereignt,"United States of America, United States, United States of America",country
country_of_origin,"U.S.A., United States, USA",country
Country,"USA, United States of America, U.S.A.",country
origin_country,"United States of America, U.S.A., United States",country
cntry_nm,"U.S.A., USA, United States",country
latitude,"34.0522, 40.7128, 36.1699",latitude
LAT,"41.8781, 39.9526, 47.6062",latitude
pickup_latitude,"29.7604, 32.7767, 33.7490",latitude
y_coord_WGS84,"44.9778, 38.9072, 30.2672",latitude
site_lat,"42.3601, 39.7392, 45.5051",latitude
latitude,"34.052235, 41.878113, 29.760427",latitude
start_lat,"39.952583, 32.715736, 47.606209",latitude
Location_Lat,"25.761681, 36.169941, 44.977753",latitude
y_coord_lat,"33.448376, 42.360081, 30.267153",latitude
LAT,"39.739235, 27.950575, 40.712776",latitude
start_lat,"34.0522, 37.7749, 32.7157",latitude
LATITUDE_DD,"41.8781, 44.9778, 38.6270",latitude
incident_location_lat,"42.3601, 40.7128, 39.9526",latitude
end_latitude,"33.7490, 25.7617, 29.9511",latitude
lat,"47.6062, 45.5152, 43.6150",latitude
lat,"34.0522, 40.7128, 41.8781",latitude
LATITUDE,"29.7604, 32.7767, 25.7617",latitude
pickup_latitude,"47.6062, 45.5051, 37.7749",latitude
y_coord_dd,"39.9526, 38.9072, 42.3601",latitude
geo_lat,"28.5383, 33.4484, 44.9778",latitude
lat,"34.0522, 37.7749, 32.7157",latitude
Latitude,"41.8781, 44.9778, 39.7684",latitude
start_lat,"42.3601, 39.9526, 38.9072",latitude
pickup_latitude,"29.7604, 32.7767, 29.4241",latitude
CENTROID_Y,"47.6062, 45.5051, 43.6150",latitude
LATITUDE,"41.8818, 40.7128, 42.3601",latitude
pickup_location_lat,"29.7604, 30.2672, 32.7767",latitude
y_coord_wgs84,"47.6061, 45.5152, 39.7392",latitude
centroid_lat,"25.7617, 27.9506, 30.4383",latitude
lat,"34.0522, 39.9526, 29.7604",latitude
LATITUDE,"42.3601, 41.8781, 33.7490",latitude
y_dd,"47.6062, 45.5051, 47.6740",latitude
pickup_latitude,"40.767937, 40.724152, 40.750202",latitude
Centroid_Lat,"38.9072, 25.7617, 36.1699",latitude
latitude,"34.0522, 40.7128, 25.7617",latitude
START_LAT,"41.8781, 33.7490, 47.6062",latitude
y_coord_lat,"39.7392, 29.7604, 38.5816",latitude
pickup_lat,"40.7679, 40.7580, 40.7383",latitude
Geo_Lat,"36.1699, 44.9778, 32.7157",latitude
LATITUDE,"40.7580, 34.0522, 41.8781",latitude
lat,"29.7604, 47.6062, 39.7392",latitude
y_wgs84,"38.9072, 36.1699, 33.4484",latitude
Dropoff_Lat,"25.761681, 30.267153, 44.977753",latitude
center_lat,"32.715726, 42.360082, 39.952583",latitude
latitude,"34.0522, 38.9072, 41.8781",latitude
LATITUDE_DD,"29.7604, 32.7767, 36.1699",latitude
start_lat,"47.6062, 45.5152, 44.9778",latitude
Pickup_Latitude,"40.7128, 42.3601, 39.9526",latitude
y_coord_lat,"25.7617, 27.9506, 30.4383",latitude
latitude,"34.0522, 41.8781, 25.7617",latitude
lat,"47.6061, 29.7604, 44.3106",latitude
START_LAT,"39.9526, 33.4484, 42.3601",latitude
y_coord_WGS84,"38.9072, 45.5152, 36.1699",latitude
Location_Lat,"32.7157, 41.5007, 43.0389",latitude
latitude,"34.05, 36.174, 33.4484",latitude
lat,"41.881832, 42.331429, 39.768403",latitude
pickup_latitude,"29.9511, 30.3322, 27.9506",latitude
start_station_latitude,"47.608013, 47.6533, 47.5990",latitude
CentroidLat,"40.7128, 40.7831, 40.6782",latitude
latitude,"34.0522, 37.7749, 32.7157",latitude
lat_dd,"41.8781, 44.9778, 39.7684",latitude
site_lat,"29.9511, 33.7490, 25.7617",latitude
Y_COORD_LAT,"47.6062, 45.5152, 43.6150",latitude
start-latitude,"39.7392, 32.7767, 36.1627",latitude
latitude,"34.0522, 41.8781, 29.7604",latitude
lat_dd,"47.6062, 33.4484, 44.9778",latitude
START_LATITUDE,"25.761681, 36.1699, 42.3601",latitude
y_coord_wgs84,"39.7392, 39.9526, 40.4406",latitude
pickup_lat,"40.7128, 40.7831, 40.6782",latitude
LATITUDE,"34.052235, 41.878113, 29.760427",latitude
lat,"40.7128, 38.9072, 42.3601",latitude
start_lat,"47.60621, 45.5051, 43.6149",latitude
Location Latitude,"33.748995, 25.761681, 36.162663",latitude
pickup_latitude,"32.7157, 39.7392, 44.9778",latitude
latitude,"34.0522, 29.7604, 41.8781",latitude
start_lat,"47.6062, 45.5155, 36.1699",latitude
Y_WGS84,"33.4484, 25.7617, 39.7392",latitude
pickup_latitude,"40.7679, 40.7484, 40.7580",latitude
coord_lat,"32.7157, 38.5816, 43.0731",latitude
lat,"47.6062, 39.9526, 32.7767",latitude
START_LAT,"33.4484, 44.9778, 25.7617",latitude
Location_Lat,"40.7128, 42.3601, 38.9072",latitude
y_dd,"36.1699, 30.2672, 43.0731",latitude
latitude,"33.4484, 41.8781, 39.7392",latitude
loc_lat,"29.7604, 47.6062, 34.0522",latitude
Y_COORDINATE,"40.7128, 36.1699, 25.7617",latitude
start_latitude,"38.9072, 32.7157, 42.3601",latitude
pickup_lat,"44.9778, 30.2672, 39.9526",latitude
start_lat,"34.0522, 40.7128, 41.8781",latitude
end_latitude,"29.7604, 39.7392, 47.6062",latitude
LAT,"33.7490, 36.1627, 42.3601",latitude
pickup_coord_lat,"38.9072, 32.7157, 44.9778",latitude
incident_latitude_wgs84,"25.7742, 45.5231, 39.9526",latitude
lat,"34.0522, 41.8781, 29.7604",latitude
latitude_dd,"47.6062, 39.9526, 32.7157",latitude
StartPoint_Y,"42.3601, 38.9072, 36.1699",latitude
pickup_latitude,"40.7128, 40.7831, 40.7484",latitude
Location_Lat,"25.7617, 33.4484, 44.9778",latitude
loc_lat,"47.6062, 39.9526, 32.7157",latitude
START_STATION_LATITUDE,"40.7128, 42.3601, 36.1627",latitude
LAT_DD,"25.7617, 33.749, 44.9778",latitude
y_wgs84,"38.9072, 27.9506, 45.5051",latitude
LAT,"47.6062, 38.6270, 45.5152",latitude
pickup_lat,"40.7679, 40.7484, 40.7580",latitude
Location_Lat,"25.7743, 32.7767, 36.1627",latitude
y_dd,"39.7392, 33.4484, 49.2827",latitude
LATITUDE,"34.0522, 41.8781, 29.7604",latitude
start_station_latitude,"40.7580, 40.748817, 40.7527",latitude
lat_dd,"33.7490, 44.9778, 47.6062",latitude
Y,"39.9526, 25.7617, 36.1699",latitude
pickup_latitude,"40.7766, 40.7282, 40.7506",latitude
lat,"47.6062, 45.5122, 43.6187",latitude
GEO_LAT,"25.7742, 39.9526, 32.7157",latitude
start_lat,"42.3601, 38.9072, 36.1699",latitude
Y_WGS84,"40.7128, 33.4484, 44.9778",latitude
LATITUDE,"34.0522, 36.1699, 33.7490",latitude
start_lat,"41.8781, 42.3601, 40.7128",latitude
Y_DD,"29.7604, 32.7767, 29.4241",latitude
geo_latitude,"47.6062, 45.5051, 48.7596",latitude
Centroid_Lat,"25.7617, 30.3322, 27.9506",latitude
latitude,"34.0522, 37.7749, 38.5816",latitude
lat_dd,"29.7604, 32.7767, 30.2672",latitude
y_wgs84,"41.8818, 42.3314, 44.9778",latitude
START_LAT,"25.7743, 28.5384, 30.3322",latitude
Location_Lat,"47.6062, 45.5152, 48.7596",latitude
lat,"34.052235, 40.712776, 36.169941",latitude
latitude_coord,"41.878113, 29.760427, 47.606209",latitude
Y,"33.448376, 38.573936, 44.977753",latitude
StartPoint_Lat,"25.761681, 39.952583, 32.715736",latitude
pickup_latitude,"42.360081, 30.267153, 45.505107",latitude
pickup_latitude,"40.7580, 40.7484, 40.7679",latitude
lat,"34.0522, 36.1699, 33.4484",latitude
LATITUDE,"47.6062, 45.5051, 48.7596",latitude
start_lat,"29.7604, 30.2672, 29.9511",latitude
geo_latitude,"41.8781, 42.3314, 39.7684",latitude
LATITUDE,"34.0522, 42.8864, 29.7604",latitude
lat,"47.6062, 36.1699, 41.8781",latitude
Y_COORD_LAT,"33.4484, 39.7392, 44.9778",latitude
pickup_latitude,"40.7128, 38.9072, 32.7157",latitude
geo_latitude,"45.5051, 25.7617, 37.7749",latitude
lat,"34.0522, 27.9506, 47.6062",latitude
latitude_dd,"41.8781, 44.9778, 39.9612",latitude
Y_WGS84,"40.7128, 42.3601, 39.9526",latitude
CentroidLat,"29.7604, 33.7490, 29.9511",latitude
pickup_latitude,"34.0195, 34.0549, 34.0983",latitude
latitude,"34.0522, 36.1699, 33.4484",latitude
LAT,"41.8818, 42.3314, 39.7684",latitude
Y_WGS84,"29.7499, 30.2666, 32.7791",latitude
pickup_latitude,"47.6038, 45.5230, 37.7749",latitude
geo_lat,"25.7742, 27.9641, 33.7537",latitude
Pickup_Lat,"40.7679, 40.7580, 40.7484",latitude
Y_CENTROID,"39.9526, 32.7157, 33.4484",latitude
stop_latitude,"47.6062, 39.7392, 42.3601",latitude
latitudeDD,"25.7617, 36.1699, 30.2672",latitude
latitude,"34.0522, 36.1699, 41.8781",latitude
lat,"40.7128, 42.3601, 39.9526",latitude
pickup_latitude,"29.7604, 32.7767, 30.2672",latitude
LAT_DD,"47.6062, 45.5051, 38.5816",latitude
Location_Y_WGS84,"25.7617, 27.9506, 28.5383",latitude
lat_dd,"47.6062, 39.7392, 36.1699",latitude
Y_COORD_WGS84,"42.3601, 38.9072, 25.7617",latitude
start_lat,"44.9778, 39.0997, 41.2565",latitude
CentroidLat,"33.4484, 35.0844, 32.7157",latitude
lat,"39.952583, 33.448376, 47.606209",latitude
start_station_latitude,"36.162663, 44.977753, 25.761681",latitude
pickup_lat,"32.715736, 42.360081, 38.907192",latitude
Location_Y,"40.712776, 39.739235, 45.505107",latitude
Lat,"47.6062, 39.9526, 32.7157",latitude
pickup_latitude,"25.7617, 44.9778, 36.1627",latitude
START_LAT,"33.7490, 42.3601, 40.7143",latitude
y_dd,"38.9072, 27.9506, 45.5231",latitude
lat,"41.8781, 39.9612, 44.9778",latitude
Y_COORD,"29.7604, 32.7767, 25.7617",latitude
LATITUDE_DD,"47.6062, 45.5231, 48.7506",latitude
pickup_latitude,"40.7580, 40.7831, 40.7128",latitude
lat,"34.0522, 30.2672, 25.7617",latitude
latitude_dd,"41.8781, 44.9778, 38.6270",latitude
Location_Lat,"40.7128, 42.3601, 39.9526",latitude
LATITUDE,"47.6062, 39.7392, 33.4484",latitude
centroid_lat,"33.7490, 29.9511, 36.1627",latitude
lat,"47.6062, 39.7392, 25.7617",latitude
Y_COORD_WGS84,"36.1699, 44.9778, 32.7767",latitude
START_LAT,"42.3601, 33.4484, 39.9526",latitude
pickup_latitude,"38.9072, 30.2672, 45.5051",latitude
lat,"34.0522, 30.2672, 40.7128",latitude
LATITUDE,"47.6062, 41.8781, 36.1699",latitude
Centroid_Lat,"39.9526, 38.9072, 42.3601",latitude
y_coord_dd,"44.9778, 43.0731, 39.7392",latitude
geometry,"LINESTRING (-97.7431 30.2672, -97.7455 30.2699, -97.7482 30.2721), LINESTRING (-87.6298 41.8781, -87.6333 41.8781), LINESTRING (-118.2437 34.0522, -118.2500 34.0522)",line
wkt_geom,"LINESTRING (-73.985130 40.758896, -73.985550 40.758011), LINESTRING (-122.3321 47.6062, -122.3350 47.6085, -122.3380 47.6100), LINESTRING (-80.1918 25.7617, -80.2000 25.7650)",line
centerline_geom,"LINESTRING (-90.0715 29.9511, -90.0750 29.9540, -90.0800 29.9580), LINESTRING (-71.0589 42.3601, -71.0620 42.3625), LINESTRING (-112.0740 33.4484, -112.0740 33.4520)",line
SHAPE,"LINESTRING (-84.3880 33.7490, -84.3901 33.7502, -84.3925 33.7519), LINESTRING (-75.1652 39.9526, -75.1652 39.9558), LINESTRING (-104.9903 39.7392, -104.9850 39.7410)",line
street_segment,"LINESTRING (-122.4194 37.7749, -122.4225 37.7749, -122.4250 37.7752), LINESTRING (-95.3698 29.7604, -95.3650 29.7604), LINESTRING (-77.0369 38.9072, -77.0369 38.9100, -77.0369 38.9125, -77.0369 38.9150)",line
geometry,"LINESTRING (-122.4194 37.7749, -122.4089 37.7833), LINESTRING (-96.8067 32.7767, -96.7970 32.7763, -96.7872 32.7758), LINESTRING (-80.1918 25.7617, -80.2101 25.7743)",line
wkt_linestring,"LINESTRING(-74.0060 40.7128, -73.9855 40.7580), LINESTRING(-87.6298 41.8781, -87.6502 41.8924, -87.6678 41.9011), LINESTRING(-122.3321 47.6062, -122.3424 47.6148)",line
SHAPE,"LINESTRING (-104.9903 39.7392, -104.9847 39.7496, -104.9796 39.7582), LINESTRING (-71.0589 42.3601, -71.0636 42.3584, -71.0700 42.3551), LINESTRING (-112.0740 33.4484, -112.0640 33.4584)",line
centerline_geom,"LINESTRING (-75.1652 39.9526, -75.1597 39.9546), LINESTRING (-84.3880 33.7490, -84.3980 33.7590), LINESTRING (-77.0369 38.9072, -77.0269 38.9072, -77.0169 38.9072)",line
the_geom,"LINESTRING(-117.1611 32.7157, -117.1511 32.7257, -117.1411 32.7357), LINESTRING(-115.1398 36.1699, -115.1598 36.1699), LINESTRING(-122.6765 45.5231, -122.6765 45.5331, -122.6665 45.5331)",line
wkt_geometry,"LINESTRING (-74.005 40.711, -74.006 40.712, -74.007 40.713), LINESTRING (-97.7431 30.2672, -97.7445 30.2688), LINESTRING (-118.2437 34.0522, -118.2500 34.0522, -118.2550 34.0522)",line
shape,"LINESTRING (-87.6298 41.8781, -87.6350 41.8781), LINESTRING (-122.3321 47.6062, -122.3321 47.6072, -122.3321 47.6082), LINESTRING (-71.0589 42.3601, -71.0600 42.3612, -71.0615 42.3618)",line
CENTERLINE,"LINESTRING (-84.3880 33.7490, -84.3880 33.7500), LINESTRING (-104.9903 39.7392, -104.9915 39.7392, -104.9927 39.7392), LINESTRING (-80.1918 25.7617, -80.2018 25.7617)",line
street_geom,"LINESTRING (-73.985130 40.758896, -73.984130 40.758896), LINESTRING (-73.985130 40.759896, -73.984130 40.759896), LINESTRING (-73.985130 40.760896, -73.984130 40.760896)",line
geom,"LINESTRING (-121.8863 37.3382, -121.8873 37.3392), LINESTRING (-77.0369 38.9072, -77.0359 38.9072, -77.0349 38.9072), LINESTRING (-90.0715 29.9511, -90.0715 29.9521, -90.0715 29.9531)",line
wkt_geom,"LINESTRING (-97.7431 30.2672, -97.7451 30.2772), LINESTRING (-96.7970 32.7767, -96.7980 32.7867, -96.7990 32.7967), LINESTRING (-95.3698 29.7604, -95.3650 29.7550)",line
line_geometry,"LINESTRING (-71.0589 42.3601, -71.0689 42.3601, -71.0789 42.3601), LINESTRING (-73.9851 40.7589, -73.9801 40.7639), LINESTRING (-75.1652 39.9526, -75.1652 39.9626)",line
GEOM,"LINESTRING(-122.4194 37.7749,-122.4110 37.7790,-122.4050 37.7830), LINESTRING(-118.2437 34.0522,-118.2500 34.0522), LINESTRING(-121.4944 38.5816,-121.4900 38.5700)",line
SHAPE,"LINESTRING(-87.6298 41.8781, -87.6232 41.8843), LINESTRING(-87.6503 41.8950, -87.6503 41.9050, -87.6503 41.9150), LINESTRING(-87.9065 43.0389, -87.9165 43.0389)",line
the_geom,"LINESTRING (-104.9903 39.7392, -104.9803 39.7392), LINESTRING (-106.6504 35.0844, -106.6504 35.0944, -106.6504 35.1044), LINESTRING (-112.0740 33.4484, -112.0840 33.4584)",line
geom,"LINESTRING (-97.516428 35.46756, -97.518928 35.46996), LINESTRING (-87.629798 41.878114, -87.631798 41.880114, -87.633798 41.882114), LINESTRING (-122.332071 47.606209, -122.334071 47.608209)",line
line_geometry,"LINESTRING (-74.0060 40.7128, -74.0075 40.7142), LINESTRING (-118.243685 34.052234, -118.253685 34.053234, -118.263685 34.054234), LINESTRING (-81.655651 41.49932, -81.656651 41.50032)",line
SHAPE,"LINESTRING (-95.369803 29.760427, -95.371803 29.762427), LINESTRING (-71.0589 42.3601, -71.0600 42.3612, -71.0611 42.3623), LINESTRING (-122.676482 45.523062, -122.678482 45.524062)",line
wkt_feature,"LINESTRING (-84.387982 33.748995, -84.389982 33.750995), LINESTRING (-104.990251 39.739236, -104.992251 39.741236, -104.994251 39.743236), LINESTRING (-90.071532 29.951065, -90.072532 29.952065)",line
street_centerline,"LINESTRING (-75.165222 39.952583, -75.165222 39.954583), LINESTRING (-112.074037 33.448377, -112.076037 33.448377), LINESTRING (-77.036871 38.907192, -77.038871 38.909192, -77.040871 38.911192)",line
the_geom,"LINESTRING (-104.99404 39.75621, -104.99404 39.75621), LINESTRING (-97.7431 30.2672, -97.7435 30.2678, -97.7440 30.2685), LINESTRING (-122.3321 47.6062, -122.3325 47.6068, -122.3330 47.6075, -122.3335 47.6082)",line
wkt_geometry,"LINESTRING(-74.0060 40.7128, -73.9960 40.7228, -73.9860 40.7328), LINESTRING(-118.2437 34.0522, -118.2537 34.0522, -118.2637 34.0522), LINESTRING(-87.6298 41.8781, -87.6398 41.8781, -87.6498 41.8781)",line
SHAPE,"LINESTRING(-84.3880 33.7490, -84.3980 33.7490), LINESTRING(-122.4194 37.7749, -122.4294 37.7849, -122.4394 37.7949), LINESTRING(-90.0715 29.9511, -90.0700 29.9611)",line
road_centerline,"LINESTRING (-95.3698 29.7604, -95.3798 29.7704), LINESTRING (-112.0740 33.4484, -112.0740 33.4584, -112.0740 33.4684), LINESTRING (-77.0369 38.9072, -77.0469 38.9072)",line
gis_line,"LINESTRING(-71.0589 42.3601, -71.0689 42.3601, -71.0789 42.3601), LINESTRING(-117.1611 32.7157, -117.1600 32.7257), LINESTRING(-81.6557 30.3322, -81.6557 30.3422, -81.6557 30.3522)",line
geometry,"LINESTRING (-118.2437 34.0522, -118.2537 34.0622), LINESTRING (-73.9855 40.7580, -73.9865 40.7590, -73.9875 40.7600), LINESTRING (-95.3698 29.7604, -95.3600 29.7650)",line
wkt_geom,"LINESTRING (-87.6298 41.8781, -87.6298 41.9781), LINESTRING (-122.3321 47.6062, -122.3421 47.6162, -122.3521 47.6262), LINESTRING (-71.0589 42.3601, -71.0689 42.3611)",line
SHAPE,"LINESTRING (-84.3880 33.7490, -84.3980 33.7590), LINESTRING (-104.9903 39.7392, -104.9903 39.7492, -104.9903 39.7592), LINESTRING (-80.1918 25.7617, -80.2018 25.7717)",line
centerline_geom,"LINESTRING (-77.0369 38.9072, -77.0469 38.9072), LINESTRING (-121.4944 38.5816, -121.5044 38.5816), LINESTRING (-90.0715 29.9511, -90.0715 29.9611, -90.0715 29.9711)",line
the_geom,"LINESTRING (-112.0740 33.4484, -112.0840 33.4484, -112.0940 33.4484), LINESTRING (-97.7431 30.2672, -97.7441 30.2772), LINESTRING (-75.1652 39.9526, -75.1642 39.9536)",line
wkt_geom,"LINESTRING (-97.3308 32.7555, -97.3321 32.7562, -97.3334 32.7570), LINESTRING (-84.3880 33.7490, -84.3880 33.7590), LINESTRING (-118.2437 34.0522, -118.2537 34.0522)",line
line_geometry,"LINESTRING (-73.985130 40.758896, -73.984130 40.759896), LINESTRING (-71.0589 42.3601, -71.0689 42.3601, -71.0789 42.3601), LINESTRING (-122.3321 47.6062, -122.3321 47.6162)",line
SHAPE,"LINESTRING(-87.6298 41.8781, -87.6350 41.8781, -87.6400 41.8781), LINESTRING(-95.3698 29.7604, -95.3750 29.7650), LINESTRING(-112.0740 33.4484, -112.0740 33.4584)",line
street_centerline_geom,"LINESTRING (-80.1918 25.7617, -80.2018 25.7717), LINESTRING (-104.9903 39.7392, -104.9903 39.7492), LINESTRING (-77.0369 38.9072, -77.0469 38.9072)",line
the_geom,"LINESTRING(-90.0715 29.9511, -90.0725 29.9521, -90.0735 29.9531), LINESTRING(-122.4194 37.7749, -122.4294 37.7749), LINESTRING(-75.1652 39.9526, -75.1652 39.9626)",line
geom,"LINESTRING (-118.24 34.05, -118.25 34.06, -118.26 34.07), LINESTRING (-96.80 32.78, -96.81 32.78, -96.82 32.78), LINESTRING (-87.63 41.88, -87.63 41.89, -87.63 41.90)",line
wkt_geometry,"LINESTRING(-74.0060 40.7128, -73.9960 40.7228), LINESTRING(-71.0589 42.3601, -71.0689 42.3701), LINESTRING(-122.4194 37.7749, -122.4294 37.7849)",line
shape,"LINESTRING (-90.0715 29.9511, -90.0725 29.9611, -90.0735 29.9711), LINESTRING (-84.3880 33.7490, -84.4880 33.8490), LINESTRING (-104.9903 39.7392, -104.9903 39.7492)",line
centerline,"LINESTRING(-122.3321 47.6062, -122.3331 47.6062, -122.3341 47.6062, -122.3351 47.6062), LINESTRING(-81.6557 41.4993, -81.6657 41.4993), LINESTRING(-75.1652 39.9526, -75.1652 39.9626)",line
WKT,"LINESTRING(-117.1611 32.7157, -117.1711 32.7257), LINESTRING (-95.3698 29.7604, -95.3798 29.7604, -95.3898 29.7604), LINESTRING (-80.1918 25.7617, -80.2018 25.7717)",line
wkt_geometry,"LINESTRING (-97.7431 30.2672, -97.7435 30.2678, -97.7439 30.2684), LINESTRING (-122.3321 47.6062, -122.3321 47.6072), LINESTRING (-73.9855 40.7580, -73.9860 40.7585)",line
line_geom,"LINESTRING (-87.6298 41.8781, -87.6358 41.8781), LINESTRING (-118.2437 34.0522, -118.2447 34.0532, -118.2457 34.0542), LINESTRING (-81.6557 30.3322, -81.6557 30.3332)",line
SHAPE,"LINESTRING (-95.3698 29.7604, -95.3798 29.7604), LINESTRING (-112.0740 33.4484, -112.0740 33.4584, -112.0740 33.4684), LINESTRING (-71.0589 42.3601, -71.0599 42.3611)",line
the_geom,"LINESTRING(-77.0369 38.9072, -77.0360 38.9072, -77.0351 38.9072), LINESTRING(-122.4194 37.7749, -122.4204 37.7759), LINESTRING(-84.3880 33.7490, -84.3900 33.7510)",line
centerline,"LINESTRING (-90.1994 38.6270, -90.2094 38.6270), LINESTRING (-104.9903 39.7392, -104.9903 39.7492), LINESTRING (-75.1652 39.9526, -75.1662 39.9536, -75.1672 39.9546)",line
shape,"LINESTRING (-97.3308 32.7555, -97.3200 32.7600), LINESTRING (-84.3880 33.7490, -84.3980 33.7590, -84.4080 33.7690), LINESTRING (-118.2437 34.0522, -118.2500 34.0500)",line
wkt_geom,"LINESTRING (-74.0060 40.7128, -73.9960 40.7228, -73.9860 40.7328), LINESTRING (-122.4194 37.7749, -122.4294 37.7849), LINESTRING (-87.6298 41.8781, -87.6398 41.8881)",line
the_geom,"LINESTRING (-90.0715 29.9511, -90.0815 29.9511, -90.0915 29.9511), LINESTRING (-112.0740 33.4484, -112.0740 33.5484), LINESTRING (-71.0589 42.3601, -71.1589 42.3601)",line
GEOM_LINE,"LINESTRING (-80.1918 25.7617, -80.2000 25.7600), LINESTRING (-95.3698 29.7604, -95.3800 29.7500, -95.3900 29.7400), LINESTRING (-77.0369 38.9072, -77.0400 38.9092)",line
line_geometry,"LINESTRING (-104.9903 39.7392, -104.9803 39.7492), LINESTRING (-117.1611 32.7157, -117.1611 32.7257, -117.1611 32.7357), LINESTRING (-122.3321 47.6062, -122.3421 47.6162)",line
wkt_geom,"LINESTRING (-118.2437 34.0522, -118.2500 34.0550), LINESTRING (-74.0060 40.7128, -73.9980 40.7200, -73.9900 40.7250), LINESTRING (-87.6298 41.8781, -87.6350 41.8800)",line
shape,"LINESTRING(-95.3698 29.7604, -95.3750 29.7650, -95.3801 29.7699), LINESTRING(-122.4194 37.7749, -122.4250 37.7790, -122.4300 37.7820), LINESTRING(-71.0589 42.3601, -71.0600 42.3625)",line
GEOMETRY,"LINESTRING (-77.0369 38.9072, -77.0400 38.9100), LINESTRING (-90.0715 29.9511, -90.0750 29.9550, -90.0800 29.9600), LINESTRING (-122.3321 47.6062, -122.3350 47.6100)",line
street_centerline,"LINESTRING(-84.3880 33.7490, -84.3900 33.7500, -84.3920 33.7510), LINESTRING(-104.9903 39.7392, -104.9950 39.7400), LINESTRING(-117.1611 32.7157, -117.1650 32.7200, -117.1690 32.7250)",line
the_geom,"LINESTRING(-97.7431 30.2672, -97.7400 30.2700, -97.7380 30.2720), LINESTRING(-86.7816 36.1627, -86.7850 36.1650), LINESTRING(-80.1918 25.7617, -80.1950 25.7650)",line
geometry,"LINESTRING (-97.3308 32.7555, -97.3321 32.7560), LINESTRING (-84.3880 33.7490, -84.3885 33.7501, -84.3890 33.7512), LINESTRING (-118.2437 34.0522, -118.2445 34.0522)",line
wkt_geom,"LINESTRING(-73.985130 40.758896, -73.984500 40.759400), LINESTRING(-73.9654 40.7829, -73.9660 40.7835), LINESTRING(-74.0060 40.7128, -74.0075 40.7120)",line
line_feature,"LINESTRING (-122.4194 37.7749, -122.4222 37.7749, -122.4250 37.7749), LINESTRING (-122.3321 47.6062, -122.3321 47.6089), LINESTRING (-122.6765 45.5231, -122.6780 45.5245)",line
SHAPE,"LINESTRING (-87.6298 41.8781, -87.6315 41.8781), LINESTRING (-87.6500 41.8819, -87.6500 41.8835), LINESTRING (-87.6232 41.8827, -87.6245 41.8827, -87.6258 41.8827)",line
centerline_shape,"LINESTRING (-104.9903 39.7392, -104.9903 39.7410), LINESTRING (-104.9920 39.7400, -104.9940 39.7400), LINESTRING (-105.0000 39.7450, -105.0015 39.7460)",line
WKT_GEOMETRY,"LINESTRING (-97.7431 30.2672, -97.7431 30.3672, -97.7431 30.4672), LINESTRING (-84.3880 33.7490, -84.3980 33.7490), LINESTRING (-118.2437 34.0522, -118.2537 34.0522, -118.2637 34.0522)",line
line_geom,"LINESTRING(-77.0369 38.9072, -77.0369 38.9172), LINESTRING(-122.3321 47.6062, -122.3421 47.6062, -122.3521 47.6062), LINESTRING(-87.6298 41.8781, -87.6298 41.8881)",line
SHAPE,"LINESTRING(-71.0589 42.3601,-71.0689 42.3601,-71.0789 42.3601), LINESTRING(-73.9855 40.7580,-73.9855 40.7680), LINESTRING(-122.4194 37.7749,-122.4294 37.7749)",line
centerline,"LINESTRING (-90.1994 38.6270, -90.2094 38.6270), LINESTRING (-95.3698 29.7604, -95.3698 29.7704, -95.3698 29.7804), LINESTRING (-104.9903 39.7392, -105.0003 39.7392)",line
the_geom,"LINESTRING (-75.1652 39.9526, -75.1752 39.9526), LINESTRING (-112.0740 33.4484, -112.0740 33.4584), LINESTRING (-93.2650 44.9778, -93.2750 44.9778, -93.2850 44.9778)",line
shape,"LINESTRING (-74.0051 40.7122, -74.0045 40.7130), LINESTRING (-87.6298 41.8781, -87.6310 41.8785, -87.6320 41.8790), LINESTRING (-118.2437 34.0522, -118.2440 34.0530)",line
the_geom,"LINESTRING (-75.1652 39.9526, -75.1660 39.9523), LINESTRING (-122.4783 37.8199, -122.4770 37.8210, -122.4765 37.8225), LINESTRING (-95.3698 29.7604, -95.3680 29.7610)",line
WKT,"LINESTRING(-71.0589 42.3601, -71.0600 42.3611), LINESTRING(-104.9903 39.7392, -104.9900 39.7400, -104.9895 39.7405), LINESTRING(-122.3321 47.6062, -122.3315 47.6065)",line
geom_line,"LINESTRING(-80.1918 25.7617, -80.1925 25.7620), LINESTRING(-84.3880 33.7490, -84.3885 33.7495, -84.3890 33.7500), LINESTRING(-112.0740 33.4484, -112.0740 33.4500)",line
GEOMETRY,"LINESTRING (-96.7970 32.7767, -96.7960 32.7770), LINESTRING (-117.1611 32.7157, -117.1600 32.7160, -117.1590 32.7163), LINESTRING (-93.2650 44.9778, -93.2640 44.9785)",line
geometry,"LINESTRING(-74.005 40.712, -74.015 40.722), LINESTRING(-118.25 34.05, -118.26 34.05), LINESTRING(-95.36 29.76, -95.37 29.75, -95.38 29.74)",line
centerline_geom,"LINESTRING(-87.6298 41.8781, -87.6312 41.8781), LINESTRING(-122.3321 47.6062, -122.3321 47.6089), LINESTRING(-77.0369 38.9072, -77.0385 38.9095, -77.0401 38.9118)",line
WKT,"LINESTRING(-84.3880 33.7490, -84.3980 33.7590), LINESTRING(-112.0740 33.4484, -112.0840 33.4484), LINESTRING(-75.1652 39.9526, -75.1652 39.9626)",line
SHAPE,"LINESTRING(-90.0715 29.9511, -90.0735 29.9531, -90.0755 29.9551), LINESTRING(-71.0589 42.3601, -71.0689 42.3601), LINESTRING(-104.9903 39.7392, -104.9903 39.7492)",line
the_geom,"LINESTRING(-122.4194 37.7749, -122.4294 37.7749), LINESTRING(-80.1918 25.7617, -80.1918 25.7717, -80.1918 25.7817), LINESTRING(-97.7431 30.2672, -97.7531 30.2672)",line
geometry,"LINESTRING (-97.7431 30.2672, -97.7435 30.2680), LINESTRING (-118.2437 34.0522, -118.2500 34.0522, -118.2500 34.0550), LINESTRING (-73.9855 40.7580, -73.9860 40.7590)",line
shape_wkt,"LINESTRING(-87.6298 41.8781, -87.6325 41.8781), LINESTRING(-87.6350 41.8781, -87.6350 41.8800, -87.6350 41.8825), LINESTRING(-87.6400 41.8850, -87.6425 41.8875)",line
stream_lines,"LINESTRING (-121.50579 38.58157, -121.506 38.582, -121.507 38.583), LINESTRING (-121.4944 38.5816, -121.4944 38.5826, -121.4944 38.5836), LINESTRING (-121.4831 38.5767, -121.4841 38.5767)",line
the_geom,"LINESTRING(-80.1918 25.7617, -80.1918 25.7717, -80.1918 25.7817), LINESTRING(-80.2000 25.7600, -80.2100 25.7600), LINESTRING(-80.2200 25.7900, -80.2250 25.7950)",line
GEOM_LINE,"LINESTRING (-71.0589 42.3601, -71.0600 42.3612), LINESTRING (-71.0650 42.3584, -71.0650 42.3594, -71.0650 42.3604), LINESTRING (-71.0700 42.3550, -71.0725 42.3550)",line
geometry,"LINESTRING (-74.0050 40.7128, -74.0060 40.7138, -74.0070 40.7148), LINESTRING (-122.4194 37.7749, -122.4294 37.7849), LINESTRING (-87.6298 41.8781, -87.6298 41.8881)",line
wkt_geom,"LINESTRING(-95.3698 29.7604, -95.3699 29.7605), LINESTRING(-80.1918 25.7743, -80.2018 25.7753, -80.2118 25.7763), LINESTRING(-118.2437 34.0522, -118.2537 34.0522)",line
shape,"LINESTRING (-71.0589 42.3601, -71.0689 42.3602, -71.0789 42.3603), LINESTRING (-122.3321 47.6061, -122.3322 47.6161), LINESTRING (-104.9903 39.7392, -104.9903 39.7492)",line
centerline,"LINESTRING(-77.0369 38.9072, -77.0370 38.9073, -77.0371 38.9074), LINESTRING(-90.0715 29.9511, -90.0815 29.9611), LINESTRING(-112.0740 33.4484, -112.0740 33.4584, -112.0740 33.4684)",line
Route_Shape,"LINESTRING (-84.3880 33.7490, -84.3980 33.7490), LINESTRING (-75.1652 39.9526, -75.1653 39.9536, -75.1654 39.9546), LINESTRING (-97.7431 30.2672, -97.7441 30.2682)",line
geometry,"LINESTRING (-87.6298 41.8781, -87.6298 41.8801), LINESTRING (-104.9903 39.7392, -104.9853 39.7392), LINESTRING (-122.3321 47.6062, -122.3301 47.6082)",line
SHAPE,"LINESTRING(-73.9855 40.7580, -73.9865 40.7570, -73.9875 40.7580, -73.9885 40.7570), LINESTRING(-118.2437 34.0522, -118.2537 34.0522), LINESTRING(-90.0715 29.9511, -90.0815 29.9611)",line
wkt_geom,"LINESTRING (-98.4936 29.4241, -98.5036 29.4341, -98.5136 29.4441), LINESTRING (-75.1652 39.9526, -75.1642 39.9536, -75.1652 39.9546), LINESTRING (-121.4944 38.5816, -121.4844 38.5816, -121.4744 38.5816)",line
centerline_geom,"LINESTRING(-80.1918 25.7617, -80.2018 25.7717), LINESTRING(-81.3789 28.5383, -81.3789 28.5483, -81.3689 28.5483), LINESTRING(-82.4572 27.9506, -82.4672 27.9506)",line
the_geom,"LINESTRING(-122.6765 45.5231, -122.6765 45.5331), LINESTRING(-116.2023 43.6150, -116.2123 43.6150, -116.2123 43.6250), LINESTRING(-117.4245 47.6588, -117.4145 47.6688)",line
geometry,"LINESTRING (-97.7431 30.2672, -97.7420 30.2685), LINESTRING (-87.6298 41.8781, -87.6350 41.8800, -87.6400 41.8820), LINESTRING (-122.4194 37.7749, -122.4250 37.7800)",line
wkt_geom,"LINESTRING (-74.0060 40.7128, -73.9980 40.7190), LINESTRING (-80.1918 25.7617, -80.2000 25.7700), LINESTRING (-118.2437 34.0522, -118.2500 34.0550, -118.2550 34.0580)",line
shape,"LINESTRING(-71.0589 42.3601, -71.0600 42.3620, -71.0615 42.3645), LINESTRING(-95.3698 29.7604, -95.3750 29.7630), LINESTRING(-122.3321 47.6062, -122.3350 47.6080)",line
centerline_geometry,"LINESTRING (-84.3880 33.7490, -84.3900 33.7520), LINESTRING (-84.3920 33.7550, -84.3940 33.7580, -84.3960 33.7610), LINESTRING (-84.3980 33.7640, -84.4000 33.7670)",line
the_geom,"LINESTRING (-104.9903 39.7392, -104.9850 39.7420), LINESTRING (-75.1652 39.9526, -75.1600 39.9550, -75.1550 39.9575), LINESTRING (-112.0740 33.4484, -112.0800 33.4500)",line
shape,"LINESTRING (-98.5795 38.5, -98.6500 38.5), LINESTRING (-118.2437 34.0522, -118.2500 34.0522), LINESTRING (-77.8600 40.7932, -77.8650 40.7950, -77.8690 40.7965)",line
GEOM,"LINESTRING (-87.6298 41.8781, -87.6350 41.8781), LINESTRING (-122.4194 37.7749, -122.4210 37.7765, -122.4230 37.7780), LINESTRING (-96.7970 32.7767, -96.8050 32.7800)",line
wkt_geometry,"LINESTRING (-82.5515 35.5952, -82.5560 35.5980, -82.5580 35.5960), LINESTRING (-81.3792 28.5383, -81.3792 28.5450), LINESTRING (-74.0018 40.7132, -73.9990 40.7155, -73.9960 40.7180)",line
line_feature,"LINESTRING (-122.3321 47.6062, -122.3000 47.6100), LINESTRING (-97.5164 35.4676, -97.6000 35.4676), LINESTRING (-112.0360 46.5927, -112.0360 46.6200)",line
centerline,"LINESTRING (-104.9903 39.7392, -104.9950 39.7410, -104.9980 39.7425), LINESTRING (-112.0740 33.4484, -112.0800 33.4490), LINESTRING (-104.6737 39.8617, -104.6600 39.8617)",line
geom,"LINESTRING (-97.7431 30.2672, -97.7421 30.2682), LINESTRING (-97.7421 30.2682, -97.7411 30.2692), LINESTRING (-97.7411 30.2692, -97.7401 30.2702)",line
SHAPE,"LINESTRING (-122.4194 37.7749, -122.4184 37.7749, -122.4174 37.7749), LINESTRING (-118.2437 34.0522, -118.2537 34.0522), LINESTRING (-71.0589 42.3601, -71.0689 42.3601, -71.0789 42.3601)",line
wkt_representation,"LINESTRING (-87.6298 41.8781, -87.6298 41.8881), LINESTRING (-87.6298 41.8881, -87.6298 41.8981), LINESTRING (-87.6298 41.8981, -87.6298 41.9081)",line
street_centerline,"LINESTRING (-84.3880 33.7490, -84.3890 33.7495, -84.3900 33.7500), LINESTRING (-80.1918 25.7617, -80.2018 25.7617), LINESTRING (-122.3321 47.6062, -122.3321 47.6162, -122.3321 47.6262)",line
the_geom,"LINESTRING (-74.006 40.7128, -74.005 40.7128), LINESTRING (-74.005 40.7128, -74.004 40.7128, -74.003 40.7128), LINESTRING (-74.003 40.7128, -74.002 40.7128)",line
shape,"LINESTRING (-98.5 29.4, -98.5 29.5), LINESTRING (-87.6 41.8, -87.7 41.8, -87.7 41.9), LINESTRING (-75.1 39.9, -75.2 39.8)",line
WKT,"LINESTRING(-122.4194 37.7749, -122.4294 37.7849), LINESTRING(-118.2437 34.0522, -118.2537 34.0522), LINESTRING(-71.0589 42.3601, -71.0689 42.3701, -71.0789 42.3801)",line
pipeline_route_geom,"LINESTRING (-95.3698 29.7604, -95.3798 29.7704), LINESTRING (-90.0715 29.9511, -90.0715 29.9611), LINESTRING (-84.3880 33.7490, -84.3980 33.7490, -84.4080 33.7490)",line
the_geom,"LINESTRING(-77.0369 38.9072, -77.0469 38.9072), LINESTRING(-80.00 40.44, -80.01 40.45, -80.02 40.46), LINESTRING(-104.9903 39.7392, -104.9903 39.7492)",line
geom_wkt,"LINESTRING (-122.3321 47.6062, -122.3421 47.6162, -122.3521 47.6262), LINESTRING (-111.8910 40.7608, -111.9010 40.7608), LINESTRING (-81.6944 41.4993, -81.7044 41.5093)",line
wkt_geometry,"LINESTRING (-74.0060 40.7128, -74.0071 40.7139), LINESTRING (-118.2437 34.0522, -118.2448 34.0533, -118.2459 34.0544), LINESTRING (-87.6298 41.8781, -87.6309 41.8792, -87.6320 41.8803)",line
the_geom,"LINESTRING (-95.3698 29.7604, -95.3709 29.7615), LINESTRING (-71.0589 42.3601, -71.0600 42.3612, -71.0611 42.3623, -71.0622 42.3634), LINESTRING (-122.3321 47.6062, -122.3332 47.6073)",line
SHAPE,"LINESTRING (-77.0369 38.9072, -77.0380 38.9083), LINESTRING (-84.3880 33.7490, -84.3891 33.7501, -84.3902 33.7512), LINESTRING (-122.6750 45.5051, -122.6761 45.5062)",line
line_geom,"LINESTRING (-104.9903 39.7392, -104.9914 39.7403, -104.9925 39.7414), LINESTRING (-80.1918 25.7617, -80.1929 25.7628), LINESTRING (-97.7431 30.2672, -97.7442 30.2683, -97.7453 30.2694)",line
centerline,"LINESTRING (-117.1611 32.7157, -117.1622 32.7168), LINESTRING (-75.1652 39.9526, -75.1663 39.9537, -75.1674 39.9548), LINESTRING (-112.0740 33.4484, -112.0751 33.4495)",line
shape,"LINESTRING (-74.0060 40.7128, -74.0070 40.7138), LINESTRING (-73.9857 40.7484, -73.9847 40.7494, -73.9837 40.7504), LINESTRING (-73.9352 40.8296, -73.9362 40.8286)",line
the_geom,"LINESTRING (-122.4194 37.7749, -122.4204 37.7759), LINESTRING (-118.2437 34.0522, -118.2447 34.0532, -118.2457 34.0542), LINESTRING (-121.8863 37.3382, -121.8873 37.3392)",line
WKT_GEOMETRY,"LINESTRING (-96.7970 32.7767, -96.7980 32.7757), LINESTRING (-95.3698 29.7604, -95.3708 29.7614), LINESTRING (-98.4936 29.4241, -98.4926 29.4251, -98.4916 29.4261)",line
line_geom,"LINESTRING (-87.6298 41.8781, -87.6308 41.8791, -87.6318 41.8801), LINESTRING (-87.6500 41.8850, -87.6510 41.8860), LINESTRING (-87.6850 41.9000, -87.6860 41.8990)",line
street_centerline,"LINESTRING(-104.9903 39.7392, -104.9895 39.7401), LINESTRING(-104.9877 39.7410, -104.9869 39.7419, -104.9861 39.7428), LINESTRING(-104.9845 39.7446, -104.9837 39.7455)",line
geom,"LINESTRING (-97.7431 30.2672, -97.7435 30.2678, -97.7440 30.2685), LINESTRING (-87.6298 41.8781, -87.6298 41.8881), LINESTRING (-122.3321 47.6062, -122.3300 47.6080)",line
wkt_geometry,"LINESTRING (-74.0060 40.7128, -73.9960 40.7228), LINESTRING (-118.2437 34.0522, -118.2537 34.0522, -118.2637 34.0522), LINESTRING (-84.3880 33.7490, -84.3875 33.7495)",line
SHAPE,"LINESTRING (-80.1918 25.7617, -80.1958 25.7657), LINESTRING (-121.8863 37.3382, -121.8863 37.3482), LINESTRING (-90.0715 29.9511, -90.0700 29.9500, -90.0685 29.9490)",line
centerline_geom,"LINESTRING (-112.0740 33.4484, -112.0740 33.4584), LINESTRING (-71.0589 42.3601, -71.0689 42.3601), LINESTRING (-95.3698 29.7604, -95.3650 29.7650)",line
the_geom,"LINESTRING (-77.0369 38.9072, -77.0369 38.9172, -77.0369 38.9272), LINESTRING (-122.4194 37.7749, -122.4294 37.7749), LINESTRING (-104.9903 39.7392, -104.9913 39.7402)",line
geometry,"LINESTRING (-122.4194 37.7749, -122.4294 37.7849), LINESTRING (-74.0060 40.7128, -73.9352 40.7306, -73.8566 40.7420), LINESTRING (-80.1918 25.7617, -80.2518 25.7717)",line
wkt_geom,"LINESTRING(-95.36980 29.76043, -95.37980 29.75043), LINESTRING(-87.6298 41.8781, -87.6298 41.8881, -87.6298 41.8981), LINESTRING(-122.3321 47.6062, -122.3301 47.6082)",line
shape_as_wkt,"LINESTRING(-118.2437 34.0522, -118.2537 34.0522), LINESTRING(-71.0589 42.3601, -71.0689 42.3611, -71.0789 42.3621, -71.0889 42.3631), LINESTRING(-90.0715 29.9511, -90.0705 29.9501)",line
centerline_geom,"LINESTRING (-104.9903 39.7392, -104.9913 39.7402, -104.9923 39.7392), LINESTRING (-98.4842 39.0119, -98.5842 39.0119), LINESTRING (-75.1652 39.9526, -75.1652 39.9626)",line
SHAPE,"LINESTRING (-80.1300455 25.790654, -80.1310455 25.791654), LINESTRING (-122.478255 37.819929, -122.477255 37.818929, -122.476255 37.817929), LINESTRING (-71.057083 42.361145, -71.058083 42.360145)",line
geometry,"LINESTRING (-74.001 40.714, -74.003 40.715, -74.005 40.716), LINESTRING (-73.985 40.758, -73.983 40.759), LINESTRING (-73.999 40.729, -73.998 40.728)",line
wkt_geom,"LINESTRING (-122.4194 37.7749, -122.4230 37.7751), LINESTRING (-122.408 37.783, -122.409 37.784, -122.410 37.785), LINESTRING (-122.435 37.765, -122.435 37.766)",line
SHAPE,"LINESTRING (-87.6298 41.8781, -87.6350 41.8781), LINESTRING (-87.6503 41.8917, -87.6503 41.8930), LINESTRING (-87.6847 41.8369, -87.6840 41.8380, -87.6835 41.8390)",line
centerline_geom,"LINESTRING (-95.3698 29.7604, -95.3721 29.7615), LINESTRING (-95.385 29.742, -95.385 29.749), LINESTRING (-95.358 29.752, -95.359 29.751, -95.360 29.750)",line
rd_centerline,"LINESTRING (-117.1611 32.7157, -117.1625 32.7160), LINESTRING (-117.155 32.710, -117.156 32.711), LINESTRING (-117.170 32.725, -117.170 32.726, -117.170 32.727)",line
shape,"LINESTRING (-74.05 40.76, -74.04 40.77, -74.03 40.78), LINESTRING (-118.25 34.05, -118.24 34.05), LINESTRING (-95.36 29.76, -95.37 29.75)",line
wkt_geometry,"LINESTRING (-87.6298 41.8781, -87.6298 41.8881), LINESTRING (-122.4194 37.7749, -122.4294 37.7749, -122.4394 37.7749), LINESTRING (-80.1918 25.7617, -80.1928 25.7717)",line
GEOM,"LINESTRING (-90.0715 29.9511, -90.0815 29.9611), LINESTRING (-104.9903 39.7392, -104.9903 39.7492, -104.9803 39.7492), LINESTRING (-71.0589 42.3601, -71.0689 42.3601)",line
the_geom,"LINESTRING (-122.3321 47.6062, -122.3321 47.6162, -122.3221 47.6162), LINESTRING (-77.0369 38.9072, -77.0469 38.9072), LINESTRING (-97.7431 30.2672, -97.7431 30.2772, -97.7431 30.2872)",line
centerline_shape,"LINESTRING (-84.3880 33.7490, -84.3980 33.7490), LINESTRING (-112.0740 33.4484, -112.0740 33.4584), LINESTRING (-75.1652 39.9526, -75.1600 39.9550, -75.1550 39.9575)",line
wkt_geom,"LINESTRING (-97.3308 32.7555, -97.3325 32.7591), LINESTRING (-84.3880 33.7490, -84.3901 33.7523, -84.3922 33.7556), LINESTRING (-118.2437 34.0522, -118.2501 34.0522)",line
SHAPE,"LINESTRING (-75.1652 39.9526, -75.1630 39.9520, -75.1608 39.9514), LINESTRING (-122.3321 47.6062, -122.3321 47.6162), LINESTRING (-87.6298 41.8781, -87.6358 41.8781, -87.6418 41.8781)",line
line_geometry,"LINESTRING (-86.7816 36.1627, -86.7816 36.1657, -86.7816 36.1687), LINESTRING (-90.0715 29.9511, -90.0735 29.9521, -90.0755 29.9531), LINESTRING (-112.0740 33.4484, -112.0740 33.4584)",line
the_geom,"LINESTRING (-71.0589 42.3601, -71.0600 42.3581), LINESTRING (-122.6765 45.5231, -122.6795 45.5231, -122.6825 45.5231, -122.6855 45.5231), LINESTRING (-104.9903 39.7392, -104.9903 39.7492, -104.9903 39.7592)",line
street_centerline,"LINESTRING (-73.985130 40.758896, -73.984500 40.758000), LINESTRING (-74.0060 40.7128, -73.9960 40.7228), LINESTRING (-73.935242 40.730610, -73.936242 40.731610, -73.937242 40.732610)",line
geometry,"LINESTRING (-74.0445 40.7306, -74.0455 40.7316, -74.0465 40.7326), LINESTRING (-118.2437 34.0522, -118.2537 34.0522), LINESTRING (-87.6298 41.8781, -87.6298 41.8881, -87.6398 41.8881)",line
SHAPE,"LINESTRING(-95.3698 29.7604, -95.3650 29.7604), LINESTRING(-95.3650 29.7604, -95.3650 29.7654), LINESTRING(-95.3650 29.7654, -95.3600 29.7654)",line
centerline_geom,"LINESTRING (-122.3321 47.6062, -122.3321 47.6162), LINESTRING (-122.3321 47.6162, -122.3421 47.6162, -122.3421 47.6262), LINESTRING (-71.0589 42.3601, -71.0689 42.3601)",line
wkt_representation,"LINESTRING(-77.0369 38.9072, -77.0469 38.9072, -77.0469 38.9172), LINESTRING(-104.9903 39.7392, -104.9903 39.7492), LINESTRING(-84.3880 33.7490, -84.3980 33.7590, -84.4080 33.7690)",line
the_geom,"LINESTRING (-90.0715 29.9511, -90.0715 29.9611, -90.0815 29.9611), LINESTRING (-90.0815 29.9611, -90.0915 29.9711), LINESTRING (-81.6557 30.3319, -81.6657 30.3319)",line
geometry,"LINESTRING (-97.3308 32.7555, -97.3315 32.7565), LINESTRING (-84.3880 33.7490, -84.3890 33.7500, -84.3900 33.7510), LINESTRING (-112.0740 33.4484, -112.0740 33.4584)",line
wkt_geom,"LINESTRING (-74.0060 40.7128, -74.0050 40.7138, -74.0040 40.7148), LINESTRING (-122.3321 47.6062, -122.3300 47.6100), LINESTRING (-87.6298 41.8781, -87.6298 41.8881, -87.6298 41.8981)",line
the_geom,"LINESTRING (-77.0369 38.9072, -77.0469 38.9072), LINESTRING (-95.3698 29.7604, -95.3750 29.7650, -95.3800 29.7700), LINESTRING (-118.2437 34.0522, -118.2500 34.0550, -118.2600 34.0600)",line
SHAPE,"LINESTRING (-71.0589 42.3601, -71.0689 42.3601), LINESTRING (-104.9903 39.7392, -104.9903 39.7492, -104.9903 39.7592), LINESTRING (-90.0715 29.9511, -90.0700 29.9515)",line
line_feature,"LINESTRING (-75.1652 39.9526, -75.1660 39.9520, -75.1670 39.9515), LINESTRING (-117.1611 32.7157, -117.1600 32.7160), LINESTRING (-86.7816 36.1627, -86.7826 36.1637, -86.7836 36.1647)",line
geometry,"LINESTRING (-97.7431 30.2672, -97.7400 30.2700), LINESTRING (-87.6298 41.8781, -87.6350 41.8800, -87.6400 41.8820), LINESTRING (-118.2437 34.0522, -118.2500 34.0550)",line
SHAPE,"LINESTRING (-74.0060 40.7128, -74.0000 40.7200), LINESTRING (-122.4194 37.7749, -122.4250 37.7780), LINESTRING (-84.3880 33.7490, -84.3900 33.7500, -84.3921 33.7512)",line
line_geom,"LINESTRING (-95.3698 29.7604, -95.3750 29.7650, -95.3800 29.7700), LINESTRING (-77.0369 38.9072, -77.0400 38.9100), LINESTRING (-104.9903 39.7392, -104.9850 39.7400, -104.9800 39.7410)",line
centerline_wkt,"LINESTRING (-117.1611 32.7157, -117.1600 32.7200), LINESTRING (-71.0589 42.3601, -71.0600 42.3610, -71.0610 42.3620), LINESTRING (-90.0715 29.9511, -90.0750 29.9550)",line
the_geom,"LINESTRING (-122.3321 47.6062, -122.3350 47.6100), LINESTRING (-80.1918 25.7617, -80.1950 25.7650, -80.2000 25.7700, -80.2050 25.7750), LINESTRING (-112.0740 33.4484, -112.0700 33.4500)",line
geometry,"LINESTRING (-118.2437 34.0522, -118.2500 34.0522), LINESTRING (-74.0060 40.7128, -74.0060 40.7188), LINESTRING (-87.6298 41.8781, -87.6350 41.8800)",line
WKT_GEOM,"LINESTRING (-95.3698 29.7604, -95.3750 29.7650, -95.3800 29.7700), LINESTRING (-122.3321 47.6062, -122.3350 47.6080, -122.3380 47.6095), LINESTRING (-77.0369 38.9072, -77.0400 38.9072, -77.0450 38.9072)",line
the_geom,"LINESTRING(-111.8910 40.7608, -111.8910 40.7658, -111.8910 40.7708), LINESTRING(-97.7431 30.2672, -97.7400 30.2682, -97.7370 30.2692), LINESTRING(-122.6784 45.5152, -122.6800 45.5152)",line
street_centerline,"LINESTRING (-117.1611 32.7157, -117.1620 32.7160, -117.1630 32.7165, -117.1640 32.7168), LINESTRING (-90.0715 29.9511, -90.0700 29.9525, -90.0685 29.9535), LINESTRING (-80.1918 25.7617, -80.1950 25.7617, -80.1980 25.7617)",line
SHAPE,"LINESTRING(-84.3880 33.7490, -84.3900 33.7500, -84.3920 33.7510), LINESTRING(-104.9903 39.7392, -104.9903 39.7492), LINESTRING(-71.0589 42.3601, -71.0600 42.3611, -71.0611 42.3621)",line
the_geom,"LINESTRING (-122.4194 37.7749, -122.4250 37.7800), LINESTRING (-74.0060 40.7128, -74.0000 40.7200, -73.9950 40.7250), LINESTRING (-80.1918 25.7617, -80.2000 25.7700)",line
wkt_geometry,"LINESTRING (-96.8089 32.7792, -96.7900 32.7800, -96.7800 32.7810), LINESTRING (-87.6232 41.8818, -87.6250 41.8850, -87.6270 41.8900), LINESTRING (-122.3321 47.6062, -122.3300 47.6100)",line
SHAPE,"LINESTRING (-75.1652 39.9526, -75.1600 39.9540), LINESTRING (-104.9903 39.7392, -104.9920 39.7400, -104.9940 39.7410), LINESTRING (-112.0740 33.4484, -112.0700 33.4500)",line
centerline_geom,"LINESTRING (-71.0589 42.3601, -71.0600 42.3615, -71.0621 42.3625), LINESTRING (-90.0715 29.9511, -90.1000 29.9550, -90.1200 29.9600), LINESTRING (-122.6784 45.5152, -122.6760 45.5140)",line
WKT,"LINESTRING (-117.1611 32.7157, -117.1590 32.7160), LINESTRING (-80.8431 35.2271, -80.8400 35.2280, -80.8380 35.2290), LINESTRING (-84.3880 33.7490, -84.3900 33.7500)",line
wkt_geometry,"LINESTRING (-97.7431 30.2672, -95.3698 29.7604), LINESTRING (-74.0060 40.7128, -73.9442 40.6782), LINESTRING (-122.4194 37.7749, -122.2711 37.8044)",line
centerline_geom,"LINESTRING (-87.6298 41.8781, -87.6298 41.8881, -87.6398 41.8881), LINESTRING (-98.4936 29.4241, -98.4936 29.5241), LINESTRING (-118.2437 34.0522, -118.3437 34.0522, -118.3437 34.1522)",line
WKT,"LINESTRING(-90.1994 38.6270, -90.2500 38.5500, -90.3000 38.4500), LINESTRING(-80.1918 25.7617, -80.1329 25.7907, -80.1224 25.8549), LINESTRING(-104.9903 39.7392, -104.9903 39.8392)",line
line_shp,"LINESTRING(-121.4944 38.5816, -121.4900 38.5716, -121.4850 38.5616), LINESTRING(-71.0589 42.3601, -71.0689 42.3601, -71.0689 42.3701), LINESTRING(-95.9928 36.1540, -95.9928 36.1640)",line
GEOM_AS_WKT,"LINESTRING (-117.1611 32.7157, -117.1611 32.8157, -117.2611 32.8157), LINESTRING (-84.3880 33.7490, -84.3980 33.7490), LINESTRING (-77.0369 38.9072, -77.0469 38.9172, -77.0569 38.9272)",line
geometry,"LINESTRING (-97.525 35.46, -97.525 35.48), LINESTRING (-122.33 47.60, -122.33 47.61, -122.32 47.61), LINESTRING (-87.62 41.87, -87.63 41.88)",line
shape,"LINESTRING (-74.004 40.71, -73.994 40.72), LINESTRING (-118.24 34.05, -118.25 34.05), LINESTRING (-84.38 33.74, -84.38 33.75, -84.39 33.76, -84.39 33.77)",line
wkt_representation,"LINESTRING (-81.65 28.53, -81.65 28.54, -81.64 28.54), LINESTRING (-90.07 29.95, -90.08 29.955), LINESTRING (-104.99 39.73, -104.98 39.73)",line
the_geom,"LINESTRING (-71.0589 42.3601, -71.0689 42.3601), LINESTRING (-122.4194 37.7749, -122.4294 37.7849), LINESTRING (-77.0369 38.9072, -77.0469 38.9072, -77.0469 38.9172)",line
CENTERLINE_GEOM,"LINESTRING (-95.3698 29.7604, -95.3798 29.7604), LINESTRING (-96.7970 32.7767, -96.7970 32.7867, -96.8070 32.7867), LINESTRING (-112.0740 33.4484, -112.0840 33.4584)",line
geometry,"LINESTRING (-97.7431 30.2672, -97.7515 30.2833), LINESTRING (-74.0060 40.7128, -73.9857 40.7484, -73.9780 40.7634), LINESTRING (-118.2437 34.0522, -118.2545 34.0421)",line
wkt_representation,"LINESTRING (-87.6298 41.8781, -87.6502 41.8781), LINESTRING (-80.1918 25.7617, -80.1300 25.7907), LINESTRING (-122.3321 47.6062, -122.3421 47.6162, -122.3352 47.6202)",line
SHAPE,"LINESTRING (-104.9903 39.7392, -104.9847 39.7497), LINESTRING (-90.0715 29.9511, -90.0815 29.9311, -90.1015 29.9411), LINESTRING (-71.0589 42.3601, -71.0913 42.3518)",line
the_geom,"LINESTRING (-122.4194 37.7749, -122.4084 37.7849, -122.4004 37.7949), LINESTRING (-75.1652 39.9526, -75.1496 39.9489), LINESTRING (-84.3880 33.7490, -84.3940 33.7540)",line
street_centerline_geom,"LINESTRING (-93.2650 44.9778, -93.2750 44.9778), LINESTRING (-122.6750 45.5051, -122.6750 45.5231), LINESTRING (-77.0369 38.9072, -77.0469 38.9072, -77.0569 38.9072)",line
geometry,"LINESTRING (-74.0445 40.7306, -74.0455 40.7316, -74.0465 40.7326), LINESTRING (-122.4194 37.7749, -122.4294 37.7849), LINESTRING (-80.1918 25.7617, -80.1918 25.7717)",line
SHAPE,"LINESTRING (-95.3698 29.7604, -95.3798 29.7704), LINESTRING (-87.6298 41.8781, -87.6398 41.8781, -87.6498 41.8781), LINESTRING (-118.2437 34.0522, -118.2537 34.0522)",line
wkt_representation,"LINESTRING(-104.9903 39.7392, -104.9903 39.7492), LINESTRING(-71.0589 42.3601, -71.0689 42.3621), LINESTRING(-90.0715 29.9511, -90.0725 29.9521, -90.0735 29.9531)",line
street_centerline_geom,"LINESTRING (-77.0369 38.9072, -77.0469 38.9072), LINESTRING (-122.3321 47.6062, -122.3321 47.6162, -122.3321 47.6262), LINESTRING (-84.3880 33.7490, -84.3980 33.7590)",line
the_geom,"LINESTRING (-117.1611 32.7157, -117.1611 32.7257), LINESTRING (-75.1652 39.9526, -75.1752 39.9526), LINESTRING (-112.0740 33.4484, -112.0840 33.4584, -112.0940 33.4684)",line
wkt_geom,"LINESTRING (-74.0050 40.7190, -74.0045 40.7200, -74.0040 40.7210), LINESTRING (-118.2437 34.0522, -118.2500 34.0522), LINESTRING (-87.6298 41.8781, -87.6350 41.8800)",line
SHAPE,"LINESTRING (-95.3698 29.7604, -95.3650 29.7625), LINESTRING (-80.1918 25.7617, -80.1918 25.7700, -80.1918 25.7800), LINESTRING (-122.3321 47.6062, -122.3350 47.6090, -122.3400 47.6110)",line
geometry,"LINESTRING (-77.0369 38.9072, -77.0350 38.9080), LINESTRING (-104.9903 39.7392, -104.9800 39.7400), LINESTRING (-71.0589 42.3601, -71.0600 42.3580, -71.0620 42.3560)",line
stream_centerline,"LINESTRING (-90.0715 29.9511, -90.0700 29.9525, -90.0685 29.9540), LINESTRING (-84.3880 33.7490, -84.3900 33.7490), LINESTRING (-112.0740 33.4484, -112.0740 33.4584, -112.0740 33.4684)",line
the_geom,"LINESTRING (-122.4194 37.7749, -122.4250 37.7749), LINESTRING (-96.7970 32.7767, -96.7970 32.7867), LINESTRING (-75.1652 39.9526, -75.1600 39.9526)",line
longitude,"-74.0060, -118.2437, -87.6298",longitude
lon,"-95.3698, -71.0589, -122.3321",longitude
Start_Lon,"-77.0369, -121.8863, -90.1994",longitude
Dropoff_long,"-83.0458, -97.7431, -117.1611",longitude
event_lng,"-104.9903, -81.6557, -73.9855",longitude
lon,"-118.2437, -87.6298, -75.1652",longitude
longitude,"-122.6765, -95.3698, -71.0589",longitude
pickup_longitude,"-73.9855, -73.9934, -73.9781",longitude
lng_centroid,"-104.9903, -111.8910, -97.7431",longitude
Incident Longitude,"-84.3880, -90.1994, -121.4944",longitude
lon,"-122.4194, -118.2437, -117.1611",longitude
LONGITUDE,"-87.623177, -90.199402, -88.243385",longitude
dropoff_lng,"-95.3698, -97.7431, -96.7970",longitude
location_longitude,"-71.0589, -72.5898, -70.9284",longitude
center_lon,"-104.9903, -111.8910, -106.6504",longitude
start_lon,"-77.0369, -75.1652, -71.0589",longitude
LONGITUDE,"-122.4194, -118.2437, -121.8863",longitude
dropoff_lng,"-87.6298, -90.1994, -95.7129",longitude
incident_longitude,"-104.9903, -112.0740, -106.6504",longitude
Centroid Longitude,"-84.3880, -82.9988, -86.1581",longitude
lon,"-118.4085, -118.4965, -118.2510",longitude
longitude,"-74.0060, -73.9352, -73.9855",longitude
pickup_longitude,"-87.6278, -87.6534, -87.6319",longitude
lng_coord,"-95.3631, -95.3995, -95.3584",longitude
EVENT_LONGITUDE_WGS84,"-122.3321, -122.3479, -122.3205",longitude
start_lon,"-122.4183, -122.4085, -122.4837",longitude
Longitude,"-73.9855, -74.0060, -73.9934",longitude
dropoff_longitude,"-87.6278, -87.6358, -87.6508",longitude
end_lng,"-118.2437, -118.4912, -118.3585",longitude
incident_longitude,"-95.3633, -97.7431, -96.7970",longitude
Location Longitude,"-118.2426, -95.3698, -73.9855",longitude
lon,"-87.6298, -87.6500, -87.7518",longitude
dropoff_lng,"-122.3321, -122.3475, -122.3352",longitude
building_centroid_longitude,"-71.0589, -71.0936, -71.1041",longitude
LONG_DD,"-90.0715, -90.0652, -90.0772",longitude
lon_dd,"-74.0059, -122.4194, -87.6298",longitude
Location Longitude,"-95.369804, -81.655651, -117.161087",longitude
lng,"-71.0589, -90.0715, -118.2437",longitude
LONG,"-104.9903, -84.3880, -77.0369",longitude
start_lon,"-97.7431, -121.4944, -73.7562",longitude
START_LONGITUDE,"-118.2428, -118.2520, -118.2399",longitude
lon,"-87.6298, -87.6502, -87.7637",longitude
dropoff_lng,"-71.0589, -71.0942, -71.0636",longitude
incident_lon,"-95.3698, -97.7431, -96.7970",longitude
pickup location (longitude),"-122.3321, -122.4194, -122.6765",longitude
start_lon,"-74.0059, -118.2437, -87.6298",longitude
dropoff_longitude,"-122.4194, -71.0589, -95.3698",longitude
incident_location_lon,"-77.0369, -104.9903, -80.1918",longitude
lng,"-97.7431, -122.6765, -84.3880",longitude
end_long,"-73.9855, -73.9912, -73.9789",longitude
Location_Long,"-122.3321, -71.0589, -77.0369",longitude
pickup_lon,"-95.3698, -104.9903, -112.0740",longitude
lng,"-84.3880, -90.0715, -97.7431",longitude
dropoff_longitude,"-75.1652, -82.4572, -121.8863",longitude
long,"-118.2437, -87.6298, -75.1652",longitude
start_longitude,"-95.992775, -104.9903, -81.6944",longitude
centroid_lon,"-71.0589, -122.3321, -90.0715",longitude
dropoff_lng,"-73.9857, -73.9912, -73.9785",longitude
incident_long,"-121.4944, -78.8787, -97.3308",longitude
Longitude,"-122.3321, -118.2437, -122.4194",longitude
lon,"-74.006, -77.0369, -71.0589",longitude
pickup_long,"-73.992, -73.987, -73.999",longitude
StartLon,"-87.623177, -95.36327, -97.74306",longitude
incident_lng,"-104.9903, -84.3880, -117.1611",longitude
longitude,"-97.7431, -122.3321, -87.6298",longitude
lon,"-74.0060, -73.935242, -73.9855",longitude
start_lng,"-118.2437, -117.1611, -118.4912",longitude
pickup_longitude,"-73.993492, -73.977936, -73.99633",longitude
LONGITUDE_DD,"-84.3880, -90.0715, -77.0369",longitude
LONGITUDE,"-118.243683, -87.629799, -74.005974",longitude
dropoff_lon,"-95.3698, -122.6765, -84.3880",longitude
lng,"-71.0589, -104.9903, -90.0715",longitude
point_x,"-73.985428, -73.99017, -73.985664",longitude
Centroid Longitude,"-117.161087, -97.74306, -77.03687",longitude
longitude,"-74.0060, -122.4194, -87.6298",longitude
lon,"-95.3698, -84.3880, -118.2437",longitude
pickup_longitude,"-73.9918, -73.9822, -73.9748",longitude
lng,"-121.8863, -71.0589, -104.9903",longitude
start_lon,"-77.0369, -97.7431, -112.0740",longitude
lon,"-95.369804, -71.058883, -122.419418",longitude
pickup_lon,"-73.9822, -73.9751, -73.9901",longitude
end_longitude,"-80.191790, -122.332071, -97.743061",longitude
point_x,"-104.9903, -84.3880, -112.0740",longitude
longitude,"-71.0589, -118.2437, -87.6298",longitude
stop_lon,"-95.369804, -97.743061, -96.796988",longitude
lng,"-122.4194, -122.3321, -122.6765",longitude
EVNT_LONG,"-74.0060, -73.9855, -73.9934",longitude
lon_dd,"-81.6557, -84.3880, -82.9988",longitude
start_station_longitude,"-73.9939, -74.0021, -73.9825",longitude
end_lon,"-118.2437, -118.2551, -118.2427",longitude
pickup_lng,"-87.6298, -87.6314, -87.6359",longitude
dropoff longitude,"-122.4194, -122.4089, -122.4312",longitude
from_long,"-95.3698, -95.3630, -95.3712",longitude
start_lon,"-74.005, -73.987, -74.011",longitude
end_longitude,"-122.419, -118.243, -122.271",longitude
pickup_lng,"-87.6298, -87.6502, -87.7409",longitude
Location_Long,"-95.3698, -97.7431, -96.7970",longitude
lon,"-71.0589, -117.1611, -90.0715",longitude
longitude,"-118.4085, -97.7431, -75.1652",longitude
pickup_lng,"-73.9857, -73.9936, -74.0018",longitude
stop_lon,"-87.6500, -87.6333, -87.6298",longitude
START_STATION_LONGITUDE,"-122.3321, -122.3456, -122.3121",longitude
long_wgs84,"-90.0715, -84.3880, -80.1918",longitude
lon,"-97.74306, -118.24368, -87.6298",longitude
LONGITUDE,"-71.0589, -84.3880, -122.6765",longitude
start_lon,"-95.3698, -104.9903, -77.0369",longitude
Incident_Longitude,"-81.6557, -93.2650, -121.4944",longitude
lng_coord,"-73.9855, -74.0060, -73.9950",longitude
pickup_lon,"-73.985428, -73.992836, -73.984039",longitude
start station longitude,"-87.6544, -87.6221, -87.6366",longitude
lng,"-122.3321, -97.7431, -71.0589",longitude
dropoff_longitude,"-73.9818, -73.9579, -73.9625",longitude
longitude,"-84.3880, -90.2227, -77.0369",longitude
lon,"-122.3321, -118.2437, -121.8863",longitude
pickup_lng,"-73.9918, -73.9822, -73.9543",longitude
long,"-97.7431, -96.7970, -95.3698",longitude
Start_Lon,"-104.9903, -112.0740, -117.1611",longitude
longitude,"-87.6298, -118.2437, -75.1652",longitude
lon,"-95.3698, -122.3321, -71.0589",longitude
long_dd,"-104.9903, -84.3880, -77.0369",longitude
pickup_longitude,"-73.9851, -73.9901, -73.9556",longitude
CENTROID_LON,"-90.0715, -121.4944, -81.6558",longitude
longitude,"-74.0059, -118.2437, -87.6298",longitude
start_lon,"-122.4194, -71.0589, -95.3698",longitude
incident_lng,"-77.0369, -122.3321, -84.3880",longitude
LONG_DD,"-104.9903, -90.0715, -97.7431",longitude
centroid_lon,"-75.165222, -86.781601, -117.161087",longitude
lon,"-97.7431, -122.3321, -71.0589",longitude
LONGITUDE,"-84.3880, -75.1652, -118.2437",longitude
dropoff_longitude,"-87.6298, -104.9903, -77.0369",longitude
lng_dd,"-121.8863, -90.0715, -69.7794",longitude
start_lng,"-111.8910, -80.1918, -95.3698",longitude
lon,"-97.7431, -95.3698, -104.9903",longitude
longitude_coord,"-78.6382, -81.6557, -77.0369",longitude
pickup_longitude,"-122.4194, -118.2437, -122.3321",longitude
lng,"-71.0589, -73.9855, -75.1652",longitude
Location Longitude,"-87.6298, -93.2650, -84.3880",longitude
longitude,"-122.4194, -87.6298, -71.0589",longitude
lon,"-95.3698, -97.7431, -104.9903",longitude
pickup_long,"-118.2437, -118.4912, -118.3585",longitude
Start_Lon,"-73.9855, -73.9912, -73.9786",longitude
centroid_lon,"-84.3880, -80.1918, -90.0715",longitude
pickup_lon,"-118.243683, -71.058880, -95.369804",longitude
start_lng,"-97.743060, -80.191790, -122.676483",longitude
LOCATION_LONGITUDE,"-104.990250, -84.387982, -112.074036",longitude
long_dd,"-77.036871, -117.161084, -90.071532",longitude
longitude,"-75.165222, -90.199402, -122.332071",longitude
lon,"-95.3698, -81.6944, -112.0740",longitude
centroid_lon,"-84.3880, -97.7431, -118.2437",longitude
incident_longitude,"-73.9851, -73.9902, -73.9781",longitude
Long,"-69.9545, -76.6122, -87.6298",longitude
longitude,"-87.623177, -118.243683, -71.060318",longitude
lon,"-95.369804, -75.165222, -122.332071",longitude
start_station_longitude,"-104.990251, -90.071532, -84.387982",longitude
Dropoff_Lon,"-77.036873, -97.743061, -122.419416",longitude
lng,"-86.7776, -117.16277, -68.7712",longitude
dropoff_longitude,"-73.992836, -74.00125, -73.98753",longitude
start_lon,"-122.4183, -122.4089, -122.4054",longitude
stop_lng,"-87.6298, -87.6331, -87.6502",longitude
incident_location_longitude,"-95.369804, -97.74306, -96.796982",longitude
centroid_lon,"-118.243683, -118.4085, -118.4912",longitude
Location Longitude,"-118.2437, -74.0060, -87.6298",longitude
lon,"-97.7431, -122.6765, -82.4572",longitude
pickup_lng,"-71.0589, -95.3698, -104.9903",longitude
dropoff longitude,"-122.4194, -80.1918, -112.0740",longitude
Incident_Lon,"-77.0366, -90.0706, -117.1611",longitude
Longitude,"-73.985664, -74.0060, -73.9935",longitude
lon,"-122.4194155, -122.409395, -122.431297",longitude
centroid_lon,"-97.74306, -97.73083, -97.75338",longitude
start_lng,"-87.6297982, -87.635438, -87.653698",longitude
LONG_DD,"-118.243683, -118.255833, -118.271667",longitude
lon,"-76.6158, -84.3900, -71.057083",longitude
pickup_longitude,"-73.989731, -73.968433, -73.954931",longitude
point_x,"-122.3321, -121.8863, -118.4085",longitude
lng,"-87.623177, -90.071533, -95.369804",longitude
centroid_lon,"-104.9903, -112.0740, -111.8910",longitude
lon,"-97.7431, -97.7436, -97.7429",longitude
pickup_lng,"-122.3321, -71.0942, -80.1918",longitude
Centroid Long,"-73.8561, -73.9555, -73.9870",longitude
lng_dd,"-104.9903, -89.3985, -121.4944",longitude
longitude,"-75.165222, -83.045753, -77.036873",longitude
lon,"-122.419418, -118.243683, -122.675026",longitude
dropoff_lon,"-95.998001, -104.990250, -112.074036",longitude
start_lng,"-87.629799, -90.071533, -97.743057",longitude
CENTROID_LONG,"-71.058884, -80.191790, -84.387985",longitude
longitude,"-77.0369, -87.6298, -118.2437",longitude
lng,"-95.9928, -104.9903, -112.0740",longitude
StartLon,"-71.0589, -80.1918, -90.0715",longitude
lon_dd,"-122.4783, -122.3321, -122.6753",longitude
location_long,"-97.7431, -95.3698, -84.3880",longitude
Longitude,"-118.243683, -95.369804, -87.629799",longitude
lon,"-71.058883, -75.165222, -80.191790",longitude
dropoff_lng,"-122.332069, -122.676483, -121.886329",longitude
building_longitude,"-97.743057, -96.796989, -98.493629",longitude
long_dd,"-104.990250, -105.0811, -104.883095",longitude
wkt_geometry,"MULTILINESTRING ((-87.62979 41.87811, -87.63181 41.88032), (-87.63393 41.88245, -87.63588 41.88451)), MULTILINESTRING ((-87.65381 41.89168, -87.65593 41.89381, -87.65805 41.89594)), MULTILINESTRING ((-122.41942 37.77493, -122.42154 37.77695), (-122.42366 37.77897, -122.42578 37.78099))",multi-line
SHAPE,"MULTILINESTRING ((-71.0589 42.3601, -71.0602 42.3615), (-71.0615 42.3629, -71.0628 42.3643)), MULTILINESTRING ((-95.3698 29.7604, -95.3712 29.7591)), MULTILINESTRING ((-95.3726 29.7578, -95.3740 29.7565), (-95.3754 29.7552, -95.3768 29.7539), (-95.3782 29.7526, -95.3796 29.7513))",multi-line
centerline_geom,"MULTILINESTRING ((-118.2437 34.0522, -118.2537 34.0522), (-118.2637 34.0522, -118.2737 34.0522)), MULTILINESTRING ((-118.2437 34.0622, -118.2537 34.0722)), MULTILINESTRING ((-118.2437 34.0822, -118.2537 34.0822, -118.2637 34.0822))",multi-line
route_wkt,"MULTILINESTRING((-77.0369 38.9072, -77.0469 38.9072)), MULTILINESTRING((-77.0569 38.9072, -77.0669 38.9172),(-77.0769 38.9272, -77.0869 38.9372)), MULTILINESTRING((-77.0369 38.8972, -77.0469 38.8872, -77.0569 38.8772))",multi-line
the_geom,"MULTILINESTRING ((-74.0060 40.7128, -74.0070 40.7138), (-74.0080 40.7148, -74.0090 40.7158)), MULTILINESTRING ((-73.9857 40.7484, -73.9867 40.7494, -73.9877 40.7504)), MULTILINESTRING ((-73.9954 40.7514, -73.9964 40.7524))",multi-line
street_centerline_geom,"MULTILINESTRING ((-74.005 40.715, -74.006 40.716), (-74.008 40.718, -74.009 40.719)), MULTILINESTRING ((-87.629 41.878, -87.630 41.879), (-87.635 41.885, -87.636 41.886)), MULTILINESTRING ((-122.419 37.774, -122.420 37.775, -122.421 37.776), (-122.425 37.780, -122.426 37.781))",multi-line
WKT_GEOM,"MULTILINESTRING ((-95.363 29.760, -95.364 29.761), (-95.370 29.770, -95.371 29.771)), MULTILINESTRING ((-118.243 34.052, -118.244 34.053), (-118.250 34.060, -118.251 34.061, -118.252 34.062)), MULTILINESTRING ((-80.191 25.761, -80.192 25.762), (-80.200 25.770, -80.201 25.771))",multi-line
route_shape,"MULTILINESTRING ((-104.990 39.739, -104.991 39.740), (-104.995 39.745, -104.996 39.746)), MULTILINESTRING ((-71.058 42.360, -71.059 42.361), (-71.065 42.367, -71.066 42.368)), MULTILINESTRING ((-90.071 29.951, -90.072 29.952, -90.073 29.953), (-90.080 29.960, -90.081 29.961))",multi-line
trail_segments,"MULTILINESTRING ((-122.332 47.606, -122.333 47.607), (-122.340 47.615, -122.341 47.616)), MULTILINESTRING ((-112.074 33.448, -112.075 33.449, -112.076 33.450), (-112.080 33.455, -112.081 33.456)), MULTILINESTRING ((-97.743 30.267, -97.744 30.268), (-97.750 30.275, -97.751 30.276))",multi-line
SHAPE,"MULTILINESTRING ((-84.388 33.749, -84.389 33.750), (-84.395 33.755, -84.396 33.756)), MULTILINESTRING ((-77.036 38.907, -77.037 38.908, -77.038 38.909), (-77.045 38.915, -77.046 38.916)), MULTILINESTRING ((-149.900 61.218, -149.899 61.219), (-149.890 61.210, -149.889 61.209))",multi-line
wkt_geom,"MULTILINESTRING((-77.0369 38.8951, -77.0365 38.8955),(-77.0360 38.8960, -77.0355 38.8965)), MULTILINESTRING((-122.4194 37.7749, -122.4180 37.7755, -122.4170 37.7760)), MULTILINESTRING((-87.6298 41.8781, -87.6280 41.8785))",multi-line
SHAPE,"MULTILINESTRING((-95.3698 29.7604, -95.3690 29.7610),(-95.3680 29.7620, -95.3670 29.7630)), MULTILINESTRING((-71.0589 42.3601, -71.0580 42.3605)), MULTILINESTRING((-118.2437 34.0522, -118.2430 34.0530, -118.2420 34.0540),(-118.2410 34.0550, -118.2400 34.0560))",multi-line
multilinestring_geometry,"MULTILINESTRING((-74.0060 40.7128, -74.0050 40.7135)), MULTILINESTRING((-74.0040 40.7140, -74.0030 40.7145),(-74.0020 40.7150, -74.0010 40.7155)), MULTILINESTRING((-73.9990 40.7160, -73.9980 40.7165, -73.9970 40.7170))",multi-line
lines_wkt,"MULTILINESTRING((-84.3880 33.7490, -84.3870 33.7495)), MULTILINESTRING((-97.7431 30.2672, -97.7420 30.2675),(-97.7410 30.2680, -97.7400 30.2685)), MULTILINESTRING((-122.3321 47.6062, -122.3310 47.6065, -122.3300 47.6070))",multi-line
GEOM_MLS,"MULTILINESTRING((-104.9903 39.7392, -104.9890 39.7400)), MULTILINESTRING((-112.0740 33.4484, -112.0730 33.4490),(-112.0720 33.4500, -112.0710 33.4510)), MULTILINESTRING((-86.1581 39.7684, -86.1570 39.7690, -86.1560 39.7700))",multi-line
wkt_geom,"MULTILINESTRING ((-122.3321 47.6062, -122.3315 47.6068), (-122.3308 47.6075, -122.3300 47.6081)), MULTILINESTRING ((-77.0369 38.9072, -77.0365 38.8977), (-77.0360 38.8970, -77.0355 38.8965)), MULTILINESTRING ((-87.6298 41.8781, -87.6290 41.8790, -87.6285 41.8800), (-87.6280 41.8810, -87.6275 41.8820))",multi-line
shape,"MULTILINESTRING ((-95.9928 36.1540, -95.9920 36.1545), (-95.9912 36.1550, -95.9904 36.1555)), MULTILINESTRING ((-118.2437 34.0522, -118.2445 34.0530, -118.2450 34.0535), (-118.2455 34.0540, -118.2460 34.0545)), MULTILINESTRING ((-84.3880 33.7490, -84.3885 33.7495, -84.3890 33.7500), (-84.3895 33.7505, -84.3900 33.7510))",multi-line
route_segments_geom,"MULTILINESTRING((-71.0589 42.3601, -71.0595 42.3610),(-71.0600 42.3615, -71.0605 42.3620)), MULTILINESTRING((-90.0715 29.9511, -90.0720 29.9515),(-90.0725 29.9520, -90.0730 29.9525)), MULTILINESTRING((-122.4194 37.7749, -122.4180 37.7755),(-122.4170 37.7760, -122.4160 37.7765))",multi-line
GEOM,"MULTILINESTRING ((-75.1652 39.9526, -75.1658 39.9530, -75.1662 39.9535), (-75.1668 39.9540, -75.1672 39.9545)), MULTILINESTRING ((-97.7431 30.2672, -97.7425 30.2678), (-97.7418 30.2685, -97.7410 30.2691)), MULTILINESTRING ((-86.7816 36.1627, -86.7820 36.1630), (-86.7825 36.1635, -86.7830 36.1640))",multi-line
street_centerlines,"MULTILINESTRING ((-73.9851 40.7580, -73.9845 40.7585), (-73.9840 40.7590, -73.9835 40.7595)), MULTILINESTRING ((-74.0060 40.7128, -74.0055 40.7132, -74.0050 40.7136), (-74.0045 40.7140, -74.0040 40.7144)), MULTILINESTRING ((-73.9352 40.7306, -73.9348 40.7310), (-73.9344 40.7314, -73.9340 40.7318))",multi-line
GEOM,"MULTILINESTRING ((-97.7412 30.2715, -97.7398 30.2721), (-97.7385 30.2730, -97.7370 30.2738)), MULTILINESTRING ((-97.7520 30.2672, -97.7520 30.2699), (-97.7520 30.2715, -97.7520 30.2740)), MULTILINESTRING ((-97.7345 30.2821, -97.7330 30.2821), (-97.7312 30.2821, -97.7299 30.2821))",multi-line
route_geometry,"MULTILINESTRING ((-118.2501 34.0502, -118.2523 34.0515), (-118.2545 34.0528, -118.2568 34.0541)), MULTILINESTRING ((-118.2437 34.0522, -118.2437 34.0550), (-118.2437 34.0575, -118.2437 34.0600)), MULTILINESTRING ((-118.2600 34.0431, -118.2625 34.0431), (-118.2650 34.0431, -118.2675 34.0431))",multi-line
streets_wkt,"MULTILINESTRING ((-73.9857 40.7484, -73.9840 40.7490), (-73.9822 40.7496, -73.9805 40.7502)), MULTILINESTRING ((-74.0060 40.7128, -74.0045 40.7145), (-74.0030 40.7162, -74.0015 40.7179)), MULTILINESTRING ((-73.9654 40.7829, -73.9630 40.7835), (-73.9605 40.7841, -73.9580 40.7847))",multi-line
the_geom,"MULTILINESTRING ((-84.3880 33.7490, -84.3880 33.7510), (-84.3880 33.7530, -84.3880 33.7550)), MULTILINESTRING ((-84.3948 33.7755, -84.3930 33.7755), (-84.3912 33.7755, -84.3895 33.7755)), MULTILINESTRING ((-84.4000 33.7600, -84.4025 33.7615), (-84.4050 33.7630, -84.4075 33.7645))",multi-line
stream_lines,"MULTILINESTRING ((-122.3321 47.6062, -122.3305 47.6078), (-122.3288 47.6095, -122.3270 47.6112)), MULTILINESTRING ((-122.3475 47.6205, -122.3475 47.6225), (-122.3475 47.6245, -122.3475 47.6265)), MULTILINESTRING ((-122.3350 47.6080, -122.3375 47.6080), (-122.3400 47.6080, -122.3425 47.6080))",multi-line
street_centerlines_geom,"MULTILINESTRING ((-118.2437 34.0522, -118.2500 34.0600), (-118.2550 34.0650, -118.2600 34.0700)), MULTILINESTRING ((-118.3000 34.1000, -118.3100 34.1100, -118.3200 34.1200)), MULTILINESTRING ((-118.4000 34.0000, -118.4100 34.0100), (-118.4200 34.0200, -118.4300 34.0300))",multi-line
HYDRO_SEG,"MULTILINESTRING ((-90.0715 29.9511, -90.0750 29.9550), (-90.0800 29.9600, -90.0850 29.9650)), MULTILINESTRING ((-90.1000 29.9700, -90.1100 29.9800)), MULTILINESTRING ((-89.9900 29.9000, -89.9800 29.8900), (-89.9700 29.8800, -89.9600 29.8700))",multi-line
route_geometry,"MULTILINESTRING ((-74.0060 40.7128, -73.9900 40.7200), (-73.9850 40.7250, -73.9800 40.7300)), MULTILINESTRING ((-73.9700 40.7400, -73.9600 40.7500, -73.9500 40.7600)), MULTILINESTRING ((-74.0100 40.7000, -74.0000 40.6900))",multi-line
utility_lines.wkt,"MULTILINESTRING ((-87.6298 41.8781, -87.6350 41.8800), (-87.6400 41.8820, -87.6450 41.8840)), MULTILINESTRING ((-87.6500 41.8900, -87.6550 41.8950)), MULTILINESTRING ((-87.7000 41.9000, -87.7100 41.9100), (-87.7200 41.9200, -87.7300 41.9300))",multi-line
bike_network,"MULTILINESTRING ((-122.4194 37.7749, -122.4200 37.7750), (-122.4210 37.7760, -122.4220 37.7770)), MULTILINESTRING ((-122.4300 37.7800, -122.4310 37.7810, -122.4320 37.7820)), MULTILINESTRING ((-122.4000 37.7600, -122.4010 37.7610), (-122.3900 37.7500, -122.3910 37.7510))",multi-line
street_centerline_geom,"MULTILINESTRING ((-74.0012 40.7115, -74.0023 40.7126), (-74.0034 40.7137, -74.0045 40.7148)), MULTILINESTRING ((-122.4194 37.7749, -122.4211 37.7765, -122.4228 37.7781)), MULTILINESTRING ((-87.6298 41.8781, -87.6315 41.8799), (-87.6332 41.8817, -87.6349 41.8835))",multi-line
route_segments_wkt,"MULTILINESTRING ((-95.3631 29.7604, -95.3645 29.7618), (-95.3659 29.7632, -95.3673 29.7646)), MULTILINESTRING ((-118.2437 34.0522, -118.2455 34.0539, -118.2473 34.0556)), MULTILINESTRING ((-77.0369 38.9072, -77.0387 38.9088), (-77.0405 38.9104, -77.0423 38.9120))",multi-line
HYDRO_LN,"MULTILINESTRING ((-89.4012 43.0742, -89.4030 43.0755), (-89.4048 43.0768, -89.4066 43.0781)), MULTILINESTRING ((-104.9903 39.7392, -104.9921 39.7405, -104.9939 39.7418)), MULTILINESTRING ((-71.0589 42.3601, -71.0607 42.3615), (-71.0625 42.3629, -71.0643 42.3643))",multi-line
wkt_multipath,"MULTILINESTRING ((-90.0715 29.9511, -90.0732 29.9525), (-90.0749 29.9539, -90.0766 29.9553)), MULTILINESTRING ((-84.3880 33.7490, -84.3898 33.7505, -84.3916 33.7520)), MULTILINESTRING ((-121.4944 38.5816, -121.4962 38.5831), (-121.4980 38.5846, -121.4998 38.5861))",multi-line
trail_system_geometry,"MULTILINESTRING ((-73.9580 40.7812, -73.9595 40.7825), (-73.9610 40.7838, -73.9625 40.7851)), MULTILINESTRING ((-122.6762 45.5231, -122.6780 45.5245, -122.6798 45.5259)), MULTILINESTRING ((-93.2650 44.9778, -93.2668 44.9792), (-93.2686 44.9806, -93.2704 44.9820))",multi-line
wkt_geometry,"MULTILINESTRING ((-87.6298 41.8781, -87.6315 41.8781), (-87.6298 41.8802, -87.6315 41.8802)), MULTILINESTRING ((-121.5018 38.5758, -121.5025 38.5791, -121.5033 38.5824), (-121.4937 38.5816, -121.4912 38.5816)), MULTILINESTRING ((-81.3792 28.5383, -81.3792 28.5400), (-81.3850 28.5395, -81.3875 28.5395))",multi-line
geom_multiln,"MULTILINESTRING ((-74.0060 40.7128, -74.0050 40.7138), (-73.9857 40.7484, -73.9847 40.7494)), MULTILINESTRING ((-97.7431 30.2672, -97.7420 30.2685), (-97.7500 30.2700, -97.7510 30.2715)), MULTILINESTRING ((-122.3321 47.6062, -122.3301 47.6082), (-122.3350 47.6090, -122.3370 47.6110))",multi-line
street_centerlines_wkt,"MULTILINESTRING ((-75.1652 39.9526, -75.1632 39.9526), (-75.1652 39.9506, -75.1632 39.9506)), MULTILINESTRING ((-104.9903 39.7392, -104.9883 39.7392), (-104.9903 39.7412, -104.9883 39.7412)), MULTILINESTRING ((-112.0740 33.4484, -112.0700 33.4484), (-111.9740 33.5484, -111.9700 33.5484))",multi-line
SHAPE,"MULTILINESTRING ((-122.6765 45.5231, -122.6785 45.5251), (-122.6700 45.5200, -122.6720 45.5180)), MULTILINESTRING ((-89.6501 39.7817, -89.6401 39.7817), (-89.3985 40.6936, -89.3885 40.6936)), MULTILINESTRING ((-90.0715 29.9511, -90.0615 29.9511), (-90.0715 29.9611, -90.0615 29.9611))",multi-line
gis_multi_line_feature,"MULTILINESTRING ((-82.5515 35.5952, -82.5535 35.5972), (-82.5615 35.6052, -82.5635 35.6072)), MULTILINESTRING ((-90.0750 29.9546, -90.0750 29.9646), (-90.0800 29.9546, -90.0800 29.9646)), MULTILINESTRING ((-112.0391 46.5927, -112.0391 46.6927), (-111.0391 46.5927, -111.0391 46.6927))",multi-line
geom,"MULTILINESTRING ((-74.005 40.712, -74.010 40.718), (-73.990 40.730, -73.985 40.740)), MULTILINESTRING ((-118.243 34.052, -118.250 34.060), (-118.300 34.100, -118.310 34.110)), MULTILINESTRING ((-87.629 41.878, -87.635 41.885), (-87.650 41.890, -87.660 41.900))",multi-line
wkt_geometry,"MULTILINESTRING((-95.3698 29.7604,-95.375 29.765),(-95.38 29.77,-95.385 29.775)), MULTILINESTRING((-71.0589 42.3601,-71.065 42.365),(-71.07 42.37,-71.075 42.375)), MULTILINESTRING((-122.3321 47.6062,-122.337 47.611),(-122.342 47.616,-122.347 47.621))",multi-line
street_paths,"MULTILINESTRING ((-84.3880 33.7490, -84.3980 33.7590), (-84.4080 33.7690, -84.4180 33.7790)), MULTILINESTRING ((-112.0740 33.4484, -112.0840 33.4584), (-112.0940 33.4684, -112.1040 33.4784)), MULTILINESTRING ((-75.1652 39.9526, -75.1752 39.9626), (-75.1852 39.9726, -75.1952 39.9826))",multi-line
MLineGeo,"MULTILINESTRING ((-90.0715 29.9511, -90.0725 29.9521, -90.0735 29.9531), (-90.0815 29.9611, -90.0825 29.9621)), MULTILINESTRING ((-97.7431 30.2672, -97.7441 30.2682), (-97.7531 30.2772, -97.7541 30.2782, -97.7551 30.2792)), MULTILINESTRING ((-104.9903 39.7392, -104.9913 39.7402), (-105.0003 39.7492, -105.0013 39.7502))",multi-line
the_geom_multiline,"MULTILINESTRING ((-80.1918 25.7617, -80.2018 25.7717), (-80.2118 25.7817, -80.2218 25.7917)), MULTILINESTRING ((-122.6765 45.5231, -122.6865 45.5331), (-122.6965 45.5431, -122.7065 45.5531)), MULTILINESTRING ((-77.0369 38.9072, -77.0469 38.9172, -77.0569 38.9272), (-77.0669 38.9372, -77.0769 38.9472))",multi-line
geom,"MULTILINESTRING ((-97.331 32.755, -97.332 32.756), (-97.333 32.757, -97.334 32.758)), MULTILINESTRING ((-84.388 33.749, -84.389 33.750, -84.390 33.751)), MULTILINESTRING ((-118.243 34.052, -118.244 34.053))",multi-line
wkt_geometry,"MULTILINESTRING ((-73.985 40.758, -73.986 40.759, -73.987 40.760)), MULTILINESTRING ((-71.058 42.360, -71.059 42.361), (-71.060 42.362, -71.061 42.363)), MULTILINESTRING ((-122.419 37.774, -122.420 37.775))",multi-line
Centerline_WKT,"MULTILINESTRING ((-87.629 41.878, -87.630 41.879, -87.631 41.880)), MULTILINESTRING ((-90.199 38.627, -90.200 38.628)), MULTILINESTRING ((-86.158 39.768, -86.159 39.769), (-86.160 39.770, -86.161 39.771))",multi-line
shape,"MULTILINESTRING ((-122.332 47.606, -122.333 47.607)), MULTILINESTRING ((-122.676 45.523, -122.677 45.524, -122.678 45.525), (-122.679 45.526, -122.680 45.527)), MULTILINESTRING ((-117.161 32.715, -117.162 32.716, -117.163 32.717))",multi-line
utility_lines,"MULTILINESTRING ((-80.19 25.77, -80.20 25.78, -80.21 25.79)), MULTILINESTRING ((-81.65 30.33, -81.66 30.32), (-81.67 30.31, -81.68 30.30)), MULTILINESTRING ((-95.36 29.76, -95.37 29.77))",multi-line
wkt_geom,"MULTILINESTRING ((-97.74 30.26, -97.75 30.27), (-97.75 30.28, -97.76 30.29)), MULTILINESTRING ((-122.41 37.77, -122.42 37.78, -122.43 37.79)), MULTILINESTRING ((-71.05 42.36, -71.06 42.37), (-71.07 42.38, -71.08 42.39))",multi-line
street_centerlines,"MULTILINESTRING ((-84.38 33.74, -84.39 33.75, -84.40 33.76)), MULTILINESTRING ((-118.24 34.05, -118.25 34.06)), MULTILINESTRING ((-87.62 41.87, -87.63 41.88), (-87.64 41.89, -87.65 41.90))",multi-line
HYDRO_SEGMENTS,"MULTILINESTRING ((-77.03 38.90, -77.04 38.91, -77.05 38.92)), MULTILINESTRING ((-95.36 29.76, -95.37 29.77)), MULTILINESTRING ((-122.67 45.52, -122.68 45.53), (-122.69 45.54, -122.70 45.55))",multi-line
pipeline_wkt,"MULTILINESTRING ((-104.99 39.73, -105.00 39.74, -105.01 39.75)), MULTILINESTRING ((-90.07 29.95, -90.08 29.96)), MULTILINESTRING ((-75.16 39.95, -75.17 39.96), (-75.18 39.97, -75.19 39.98))",multi-line
the_geom_multilinestring,"MULTILINESTRING ((-112.07 33.44, -112.08 33.45)), MULTILINESTRING ((-80.19 25.76, -80.20 25.77), (-80.21 25.78, -80.22 25.79)), MULTILINESTRING ((-122.33 47.60, -122.34 47.61, -122.35 47.62))",multi-line
geom,"MULTILINESTRING ((-122.419 37.774, -122.423 37.778), (-122.425 37.780, -122.429 37.784)), MULTILINESTRING ((-122.405 37.751, -122.398 37.762, -122.387 37.773)), MULTILINESTRING ((-122.301 37.702, -122.312 37.713), (-122.323 37.724, -122.334 37.735))",multi-line
wkt_geometry,"MULTILINESTRING ((-88.22 40.11, -88.23 40.12), (-88.24 40.13, -88.25 40.14)), MULTILINESTRING ((-87.95 40.05, -87.84 40.16, -87.73 40.27)), MULTILINESTRING ((-88.01 40.52, -88.12 40.63), (-88.23 40.74, -88.34 40.85, -88.45 40.96))",multi-line
SHAPE,"MULTILINESTRING ((-71.058 42.360, -71.061 42.363), (-71.072 42.358, -71.083 42.359)), MULTILINESTRING ((-71.104 42.351, -71.115 42.342, -71.126 42.333)), MULTILINESTRING ((-71.009 42.308, -71.018 42.317))",multi-line
street_network_geom,"MULTILINESTRING ((-81.53 28.54, -81.63 28.54), (-81.53 28.64, -81.63 28.64)), MULTILINESTRING ((-81.41 28.42, -81.41 28.32, -81.41 28.22)), MULTILINESTRING ((-81.79 28.78, -81.88 28.87), (-81.97 28.96, -82.06 29.05))",multi-line
the_geom,"MULTILINESTRING ((-122.332 47.606, -122.342 47.616, -122.352 47.626)), MULTILINESTRING ((-122.301 47.652, -122.313 47.664), (-122.325 47.676, -122.337 47.688)), MULTILINESTRING ((-122.408 47.507, -122.419 47.518))",multi-line
wkt_geom,"MULTILINESTRING ((-87.6298 41.8781, -87.6398 41.8781), (-87.6298 41.8881, -87.6398 41.8881)), MULTILINESTRING ((-122.4194 37.7749, -122.4294 37.7849), (-122.4394 37.7949, -122.4494 37.8049)), MULTILINESTRING ((-90.0715 29.9511, -90.0815 29.9611), (-90.0915 29.9711, -90.1015 29.9811))",multi-line
street_centerlines,"MULTILINESTRING ((-73.9855 40.7580, -73.9860 40.7590), (-73.9845 40.7570, -73.9850 40.7560)), MULTILINESTRING ((-118.2437 34.0522, -118.2537 34.0522), (-118.2437 34.0422, -118.2537 34.0422, -118.2637 34.0422)), MULTILINESTRING ((-104.9903 39.7392, -104.9803 39.7392), (-104.9903 39.7492, -104.9803 39.7492))",multi-line
GEOM,"MULTILINESTRING ((-95.3698 29.7604, -95.3798 29.7704), (-95.3598 29.7504, -95.3498 29.7404)), MULTILINESTRING ((-101.2995 48.2321, -101.3095 48.2421, -101.3195 48.2521), (-101.3295 48.2621, -101.3395 48.2721)), MULTILINESTRING ((-79.9959 40.4406, -80.0059 40.4506), (-79.9859 40.4306, -79.9759 40.4206))",multi-line
hydro_network,"MULTILINESTRING ((-84.3880 33.7490, -84.3980 33.7590), (-84.4080 33.7690, -84.4180 33.7790)), MULTILINESTRING ((-121.7405 45.5231, -121.7505 45.5331), (-121.7605 45.5431, -121.7705 45.5531)), MULTILINESTRING ((-93.2650 44.9778, -93.2750 44.9678), (-93.2850 44.9578, -93.2950 44.9478))",multi-line
the_geom,"MULTILINESTRING ((-71.0589 42.3601, -71.0689 42.3701), (-71.0789 42.3801, -71.0889 42.3901)), MULTILINESTRING ((-75.1652 39.9526, -75.1752 39.9626), (-75.1852 39.9726, -75.1952 39.9826, -75.2052 39.9926)), MULTILINESTRING ((-87.9073 43.0389, -87.9173 43.0489), (-87.9273 43.0589, -87.9373 43.0689))",multi-line
shape,"MULTILINESTRING ((-97.74 30.26, -97.75 30.27), (-97.73 30.28, -97.72 30.29)), MULTILINESTRING ((-118.25 34.05, -118.24 34.06, -118.23 34.07)), MULTILINESTRING ((-74.00 40.71, -73.99 40.72))",multi-line
wkt_geom,"MULTILINESTRING ((-87.63 41.88, -87.64 41.89)), MULTILINESTRING ((-122.42 37.77, -122.41 37.78, -122.40 37.79)), MULTILINESTRING ((-77.03 38.90, -77.04 38.91), (-77.05 38.92, -77.06 38.93))",multi-line
route_geometry,"MULTILINESTRING ((-95.36 29.76, -95.37 29.75, -95.38 29.74)), MULTILINESTRING ((-84.39 33.75, -84.38 33.76)), MULTILINESTRING ((-122.67 45.52, -122.68 45.51), (-122.69 45.50, -122.70 45.49))",multi-line
the_geom_multilinestring,"MULTILINESTRING ((-71.06 42.36, -71.07 42.35)), MULTILINESTRING ((-117.16 32.71, -117.15 32.72, -117.14 32.73)), MULTILINESTRING ((-90.07 29.95, -90.08 29.96))",multi-line
GEOM,"MULTILINESTRING ((-122.33 47.61, -122.34 47.62, -122.35 47.63), (-122.30 47.60, -122.31 47.59)), MULTILINESTRING ((-104.99 39.74, -104.98 39.75)), MULTILINESTRING ((-80.00 26.71, -80.01 26.72))",multi-line
GEOMETRY,"MULTILINESTRING ((-87.6500 41.8500, -87.6500 41.8525), (-87.6550 41.8510, -87.6575 41.8510)), MULTILINESTRING ((-118.4085 33.9425, -118.4100 33.9425), (-118.4085 33.9415, -118.4085 33.9400)), MULTILINESTRING ((-95.3633 29.7633, -95.3650 29.7650), (-95.3600 29.7600, -95.3610 29.7610))",multi-line
wkt_multiline_geom,"MULTILINESTRING ((-75.1652 39.9526, -75.1660 39.9530), (-75.1650 39.9500, -75.1650 39.9490, -75.1645 39.9485)), MULTILINESTRING ((-112.0740 33.4484, -112.0750 33.4500), (-112.0700 33.4480, -112.0700 33.4470)), MULTILINESTRING ((-98.4936 29.4241, -98.4940 29.4250, -98.4950 29.4260), (-98.4900 29.4200, -98.4910 29.4210))",multi-line
SHAPE,"MULTILINESTRING ((-74.0060 40.7128, -74.0070 40.7130), (-73.9960 40.7228, -73.9970 40.7230)), MULTILINESTRING ((-96.7970 32.7767, -96.7980 32.7777, -96.7990 32.7787), (-96.8070 32.7867, -96.8080 32.7877)), MULTILINESTRING ((-117.1611 32.7157, -117.1620 32.7160), (-117.1511 32.7057, -117.1520 32.7060))",multi-line
route_segments,"MULTILINESTRING ((-121.4944 38.5816, -121.4950 38.5820), (-121.4900 38.5800, -121.4900 38.5790)), MULTILINESTRING ((-122.3321 47.6062, -122.3331 47.6072), (-122.3351 47.6082, -122.3361 47.6092)), MULTILINESTRING ((-71.0589 42.3601, -71.0599 42.3611), (-71.0609 42.3621, -71.0619 42.3631, -71.0629 42.3641))",multi-line
multi_ln,"MULTILINESTRING ((-116.2023 43.6187, -116.2033 43.6197), (-116.2123 43.6287, -116.2133 43.6297)), MULTILINESTRING ((-95.9345 41.2565, -95.9355 41.2575, -95.9365 41.2585)), MULTILINESTRING ((-86.7816 36.1627, -86.7826 36.1637), (-86.7836 36.1647, -86.7846 36.1657))",multi-line
shape,"MULTILINESTRING ((-87.63 41.88, -87.63 41.89), (-87.64 41.88, -87.64 41.89)), MULTILINESTRING ((-74.00 40.71, -74.01 40.71), (-74.00 40.72, -74.01 40.72, -74.015 40.725)), MULTILINESTRING ((-122.42 37.77, -122.42 37.78), (-122.43 37.77, -122.43 37.78))",multi-line
wkt_geom,"MULTILINESTRING ((-90.1 38.6, -90.11 38.61, -90.12 38.62), (-90.15 38.65, -90.16 38.66)), MULTILINESTRING ((-114.6 34.8, -114.61 34.81), (-114.5 34.7, -114.51 34.71, -114.52 34.72)), MULTILINESTRING ((-73.95 40.8, -73.96 40.81), (-73.97 40.82, -73.98 40.83))",multi-line
GEOMETRY,"MULTILINESTRING ((-78.5 38.0, -78.51 38.01, -78.52 38.02), (-78.6 38.1, -78.61 38.11)), MULTILINESTRING ((-121.5 46.8, -121.51 46.81), (-121.4 46.7, -121.41 46.71)), MULTILINESTRING ((-81.5 28.0, -81.51 28.01, -81.52 28.02), (-81.6 28.1, -81.61 28.11))",multi-line
the_geom,"MULTILINESTRING ((-104.99 39.74, -104.98 39.74), (-104.99 39.75, -104.98 39.75)), MULTILINESTRING ((-122.33 47.60, -122.33 47.61), (-122.34 47.62, -122.34 47.63)), MULTILINESTRING ((-71.06 42.36, -71.07 42.36), (-71.06 42.35, -71.07 42.35))",multi-line
multi_line_feature,"MULTILINESTRING ((-97.7 30.3, -97.8 30.3), (-97.7 30.4, -97.8 30.4, -97.9 30.4)), MULTILINESTRING ((-76.5 40.3, -76.5 40.4), (-76.6 40.3, -76.6 40.4)), MULTILINESTRING ((-98.0 38.0, -98.5 38.0), (-98.0 38.1, -98.5 38.1))",multi-line
wkt_geom,"MULTILINESTRING ((-122.3321 47.6062, -122.3315 47.6068), (-122.3301 47.6075, -122.3290 47.6081)), MULTILINESTRING ((-87.6298 41.8781, -87.6290 41.8789), (-87.6282 41.8795, -87.6275 41.8801)), MULTILINESTRING ((-77.0369 38.8951, -77.0360 38.8960), (-77.0351 38.8968, -77.0342 38.8975))",multi-line
SHAPE,"MULTILINESTRING ((-95.3698 29.7604, -95.3705 29.7611), (-95.3712 29.7618, -95.3719 29.7625)), MULTILINESTRING ((-118.2437 34.0522, -118.2445 34.0530), (-118.2453 34.0538, -118.2461 34.0546)), MULTILINESTRING ((-71.0589 42.3601, -71.0595 42.3608), (-71.0601 42.3615, -71.0607 42.3622))",multi-line
street_network_geom,"MULTILINESTRING((-74.0059 40.7128,-74.0049 40.7138),(-73.9960 40.7228,-73.9950 40.7238)), MULTILINESTRING((-73.9857 40.7484,-73.9847 40.7494),(-73.9757 40.7584,-73.9747 40.7594)), MULTILINESTRING((-74.0160 40.7061,-74.0150 40.7071),(-74.0140 40.7081,-74.0130 40.7091))",multi-line
pipeline_routes,"MULTILINESTRING ((-104.9903 39.7392, -104.9800 39.7400), (-104.9700 39.7410, -104.9600 39.7420, -104.9500 39.7430)), MULTILINESTRING ((-97.7431 30.2672, -97.7400 30.2700), (-97.7380 30.2720, -97.7350 30.2750)), MULTILINESTRING ((-112.0740 33.4484, -112.0700 33.4500), (-112.0650 33.4520, -112.0600 33.4540))",multi-line
the_geom,"MULTILINESTRING((-84.3880 33.7490,-84.3891 33.7495),(-84.3902 33.7500,-84.3913 33.7505)), MULTILINESTRING((-122.6765 45.5231,-122.6775 45.5236),(-122.6785 45.5241,-122.6795 45.5246)), MULTILINESTRING((-96.7970 32.7767,-96.7980 32.7772),(-96.7990 32.7777,-96.8000 32.7782))",multi-line
geom,"MULTILINESTRING ((-118.25 34.05, -118.26 34.06), (-118.27 34.07, -118.28 34.08)), MULTILINESTRING ((-87.62 41.87, -87.63 41.88, -87.64 41.89), (-87.65 41.90, -87.66 41.91)), MULTILINESTRING ((-74.00 40.71, -74.01 40.72))",multi-line
centerline_geom,"MULTILINESTRING ((-95.36 29.76, -95.37 29.77), (-95.38 29.78, -95.39 29.79, -95.40 29.80)), MULTILINESTRING ((-97.74 30.26, -97.75 30.27), (-97.76 30.28, -97.77 30.29)), MULTILINESTRING ((-96.80 32.77, -96.81 32.78, -96.82 32.79))",multi-line
SHAPE,"MULTILINESTRING ((-122.419 37.774, -122.420 37.775), (-122.421 37.776, -122.422 37.777)), MULTILINESTRING ((-122.408 37.784, -122.409 37.785, -122.410 37.786), (-122.411 37.787, -122.412 37.788)), MULTILINESTRING ((-122.45 37.75, -122.46 37.75))",multi-line
wkt_geometry,"MULTILINESTRING ((-84.38 33.74, -84.39 33.75), (-84.40 33.76, -84.41 33.77)), MULTILINESTRING ((-84.5 33.8, -84.51 33.81, -84.52 33.82)), MULTILINESTRING ((-84.2 33.9, -84.21 33.91))",multi-line
routes_ml,"MULTILINESTRING ((-121.49 38.58, -121.50 38.59), (-121.51 38.60, -121.52 38.61)), MULTILINESTRING ((-122.33 47.60, -122.34 47.61, -122.35 47.62)), MULTILINESTRING ((-122.67 45.52, -122.68 45.52), (-122.67 45.53, -122.68 45.53))",multi-line
street_centerline_geom,"MULTILINESTRING ((-74.005 40.712, -74.006 40.713), (-74.007 40.714, -74.008 40.715)), MULTILINESTRING ((-122.419 37.774, -122.420 37.775, -122.421 37.776)), MULTILINESTRING ((-87.629 41.878, -87.630 41.879), (-87.631 41.880, -87.632 41.881, -87.633 41.882))",multi-line
pipeline_wkt,"MULTILINESTRING((-95.369 29.760,-95.370 29.761),(-95.400 29.800,-95.401 29.801)), MULTILINESTRING((-118.243 34.052,-118.244 34.053,-118.245 34.054)), MULTILINESTRING((-71.058 42.360,-71.059 42.361),(-71.060 42.362,-71.061 42.363))",multi-line
bike_route,"MULTILINESTRING ((-77.036 38.907, -77.037 38.908, -77.038 38.909)), MULTILINESTRING ((-122.676 45.523, -122.677 45.524), (-122.680 45.530, -122.681 45.531)), MULTILINESTRING ((-97.743 30.267, -97.744 30.268))",multi-line
wkt_multilines,"MULTILINESTRING((-84.388 33.749,-84.389 33.750),(-84.390 33.751,-84.391 33.752)), MULTILINESTRING((-104.990 39.739,-104.991 39.740,-104.992 39.741)), MULTILINESTRING((-80.191 25.761,-80.192 25.762),(-80.200 25.770,-80.201 25.771))",multi-line
HYDRO_SEG,"MULTILINESTRING ((-90.071 29.951, -90.072 29.952, -90.073 29.953)), MULTILINESTRING ((-122.332 47.606, -122.333 47.607)), MULTILINESTRING ((-75.165 39.952, -75.166 39.953), (-75.167 39.954, -75.168 39.955))",multi-line
wkt_geom,"MULTILINESTRING ((-104.99 39.73, -104.98 39.74), (-104.97 39.75, -104.96 39.76)), MULTILINESTRING ((-118.24 34.05, -118.25 34.06), (-118.26 34.07, -118.27 34.08)), MULTILINESTRING ((-71.05 42.36, -71.06 42.35), (-71.07 42.34, -71.08 42.33))",multi-line
shape,"MULTILINESTRING ((-87.62 41.87, -87.63 41.88), (-87.64 41.89, -87.65 41.90)), MULTILINESTRING ((-95.36 29.76, -95.37 29.75), (-95.38 29.74, -95.39 29.73)), MULTILINESTRING ((-84.38 33.74, -84.39 33.75), (-84.40 33.76, -84.41 33.77))",multi-line
street_network,"MULTILINESTRING ((-73.98 40.75, -73.99 40.76), (-73.97 40.74, -73.96 40.73)), MULTILINESTRING ((-122.41 37.77, -122.42 37.78, -122.43 37.79), (-122.40 37.76, -122.39 37.75)), MULTILINESTRING ((-90.19 38.62, -90.20 38.63), (-90.21 38.64, -90.22 38.65))",multi-line
pipeline_segments,"MULTILINESTRING ((-97.74 30.26, -97.75 30.27), (-97.73 30.25, -97.72 30.24)), MULTILINESTRING ((-112.07 33.44, -112.08 33.45, -112.09 33.46), (-112.06 33.43, -112.05 33.42)), MULTILINESTRING ((-122.33 47.60, -122.34 47.61), (-122.32 47.59, -122.31 47.58))",multi-line
GEOM_MULTILINE,"MULTILINESTRING ((-81.78 24.55, -81.77 24.56), (-81.76 24.57, -81.75 24.58)), MULTILINESTRING ((-111.89 40.76, -111.90 40.77), (-111.88 40.75, -111.87 40.74)), MULTILINESTRING ((-80.19 25.76, -80.20 25.77), (-80.18 25.75, -80.17 25.74))",multi-line
geometry,"MULTILINESTRING ((-74.01 40.71, -74.00 40.72), (-73.99 40.73, -73.98 40.74)), MULTILINESTRING ((-118.25 34.05, -118.26 34.06, -118.27 34.07), (-118.28 34.08, -118.29 34.09)), MULTILINESTRING ((-87.62 41.87, -87.63 41.88), (-87.64 41.89, -87.65 41.90))",multi-line
street_centerlines_geom,"MULTILINESTRING ((-95.36 29.76, -95.37 29.77), (-95.38 29.78, -95.39 29.79)), MULTILINESTRING ((-84.38 33.74, -84.39 33.75), (-84.40 33.76, -84.41 33.77)), MULTILINESTRING ((-77.03 38.90, -77.04 38.91), (-77.05 38.92, -77.06 38.93))",multi-line
wkt_geom,"MULTILINESTRING ((-122.4194 37.7749, -122.4294 37.7849), (-122.4394 37.7949, -122.4494 37.8049)), MULTILINESTRING ((-80.19 25.77, -80.20 25.78, -80.21 25.79), (-80.22 25.80, -80.23 25.81)), MULTILINESTRING ((-90.07 29.95, -90.08 29.96), (-90.09 29.97, -90.10 29.98))",multi-line
pipeline_route,"MULTILINESTRING ((-104.99 39.73, -104.98 39.74, -104.97 39.75)), MULTILINESTRING ((-97.74 30.26, -97.75 30.27), (-97.76 30.28, -97.77 30.29)), MULTILINESTRING ((-106.65 35.08, -106.64 35.09), (-106.63 35.10, -106.62 35.11))",multi-line
SHAPE,"MULTILINESTRING ((-112.07 33.44, -112.08 33.45, -112.09 33.46), (-112.10 33.47, -112.11 33.48)), MULTILINESTRING ((-71.05 42.36, -71.06 42.37), (-71.07 42.38, -71.08 42.39)), MULTILINESTRING ((-122.67 45.52, -122.68 45.53), (-122.69 45.54, -122.70 45.55))",multi-line
route_geometry,"MULTILINESTRING ((-95.36 29.76, -95.37 29.77), (-95.38 29.78, -95.39 29.79)), MULTILINESTRING ((-118.24 34.05, -118.25 34.06, -118.26 34.07)), MULTILINESTRING ((-73.98 40.75, -73.99 40.76), (-73.97 40.74, -73.96 40.73))",multi-line
WKT_GEOM,"MULTILINESTRING ((-87.62 41.87, -87.63 41.88), (-87.64 41.89, -87.65 41.90)), MULTILINESTRING ((-122.33 47.60, -122.34 47.61, -122.35 47.62)), MULTILINESTRING ((-84.38 33.74, -84.39 33.75))",multi-line
line_features,"MULTILINESTRING ((-90.07 29.95, -90.08 29.96, -90.09 29.97), (-90.06 29.94, -90.05 29.93)), MULTILINESTRING ((-71.05 42.36, -71.06 42.35)), MULTILINESTRING ((-122.67 45.52, -122.68 45.53), (-122.66 45.51, -122.65 45.50))",multi-line
the_geom,"MULTILINESTRING ((-77.03 38.90, -77.04 38.91), (-77.05 38.92, -77.06 38.93)), MULTILINESTRING ((-80.00 26.71, -80.01 26.72, -80.02 26.73)), MULTILINESTRING ((-97.74 30.26, -97.75 30.27))",multi-line
street_segments_wkt,"MULTILINESTRING ((-104.99 39.73, -104.98 39.74)), MULTILINESTRING ((-112.07 33.44, -112.08 33.45), (-112.09 33.46, -112.10 33.47)), MULTILINESTRING ((-117.16 32.71, -117.17 32.72), (-117.15 32.70, -117.14 32.69))",multi-line
wkt_geom,"MULTILINESTRING ((-74.010 40.710, -74.011 40.711), (-74.012 40.712, -74.013 40.713)), MULTILINESTRING ((-118.240 34.050, -118.241 34.051, -118.242 34.052), (-118.250 34.060, -118.251 34.061)), MULTILINESTRING ((-87.629 41.878, -87.630 41.879), (-87.631 41.880, -87.632 41.881, -87.633 41.882))",multi-line
boundary_lines,"MULTILINESTRING ((-95.36327 29.76328, -95.36427 29.76428), (-95.36527 29.76528, -95.36627 29.76628)), MULTILINESTRING ((-80.19179 25.76168, -80.19279 25.76268), (-80.19379 25.76368, -80.19479 25.76468)), MULTILINESTRING ((-71.05708 42.36114, -71.05808 42.36214), (-71.05908 42.36314, -71.06008 42.36414))",multi-line
SHAPE,"MULTILINESTRING ((-122.4194 37.7749, -122.4294 37.7849), (-122.4394 37.7949, -122.4494 37.8049)), MULTILINESTRING ((-104.9903 39.7392, -104.9913 39.7402), (-104.9923 39.7412, -104.9933 39.7422)), MULTILINESTRING ((-90.1994 38.6270, -90.2094 38.6370), (-90.2194 38.6470, -90.2294 38.6570))",multi-line
routes_multiline,"MULTILINESTRING ((-77.0369 38.9072, -77.0379 38.9082), (-77.0469 38.9172, -77.0479 38.9182)), MULTILINESTRING ((-97.7431 30.2672, -97.7441 30.2682, -97.7451 30.2692), (-97.7531 30.2772, -97.7541 30.2782)), MULTILINESTRING ((-122.3321 47.6062, -122.3331 47.6072), (-122.3421 47.6162, -122.3431 47.6172))",multi-line
the_geom,"MULTILINESTRING ((-75.165222 39.952583, -75.165322 39.952683), (-75.165422 39.952783, -75.165522 39.952883)), MULTILINESTRING ((-86.158068 39.768403, -86.158168 39.768503), (-86.158268 39.768603, -86.158368 39.768703)), MULTILINESTRING ((-112.074037 33.448377, -112.074137 33.448477), (-112.074237 33.448577, -112.074337 33.448677))",multi-line
wkt_geom,"MULTILINESTRING ((-77.0369 38.8951, -77.0352 38.8896), (-77.0321 38.8879, -77.0300 38.8854)), MULTILINESTRING ((-122.4194 37.7749, -122.4180 37.7735), (-122.4165 37.7720, -122.4150 37.7705)), MULTILINESTRING ((-87.6298 41.8781, -87.6285 41.8770), (-87.6270 41.8760, -87.6255 41.8750))",multi-line
multi_line_shape,"MULTILINESTRING ((-95.3698 29.7604, -95.3680 29.7580), (-95.3660 29.7560, -95.3640 29.7540)), MULTILINESTRING ((-118.2437 34.0522, -118.2450 34.0535), (-118.2465 34.0550, -118.2480 34.0565)), MULTILINESTRING ((-71.0589 42.3601, -71.0570 42.3610), (-71.0550 42.3620, -71.0530 42.3630))",multi-line
GEOMETRY,"MULTILINESTRING ((-74.0060 40.7128, -74.0050 40.7138), (-74.0040 40.7148, -74.0030 40.7158)), MULTILINESTRING ((-73.985130 40.758896, -73.9841 40.7599), (-73.9831 40.7609, -73.9821 40.7619)), MULTILINESTRING ((-73.935242 40.730610, -73.9342 40.7316), (-73.9332 40.7326, -73.9322 40.7336))",multi-line
geom_multiline,"MULTILINESTRING ((-122.6765 45.5231, -122.6750 45.5241), (-122.6735 45.5251, -122.6720 45.5261)), MULTILINESTRING ((-122.3321 47.6062, -122.3310 47.6072), (-122.3300 47.6082, -122.3290 47.6092)), MULTILINESTRING ((-97.7431 30.2672, -97.7420 30.2682), (-97.7410 30.2692, -97.7400 30.2702))",multi-line
the_geom,"MULTILINESTRING ((-84.3880 33.7490, -84.3870 33.7480), (-84.3860 33.7470, -84.3850 33.7460)), MULTILINESTRING ((-79.9959 40.4406, -79.9949 40.4416), (-79.9939 40.4426, -79.9929 40.4436)), MULTILINESTRING ((-80.8431 35.2271, -80.8421 35.2281), (-80.8411 35.2291, -80.8401 35.2301))",multi-line
wkt_geom,"MULTILINESTRING ((-122.40 37.77, -122.41 37.78), (-122.39 37.76, -122.38 37.75)), MULTILINESTRING ((-81.65 28.53, -81.66 28.54, -81.67 28.55), (-81.60 28.50, -81.61 28.51)), MULTILINESTRING ((-74.00 40.71, -74.01 40.72), (-73.99 40.73, -73.98 40.74, -73.97 40.75))",multi-line
SHAPE,"MULTILINESTRING ((-105.01 39.74, -105.02 39.75), (-105.03 39.76, -105.04 39.77)), MULTILINESTRING ((-97.74 32.27, -97.75 32.28), (-97.70 32.25, -97.71 32.26)), MULTILINESTRING ((-122.33 47.60, -122.34 47.61), (-122.30 47.59, -122.31 47.58, -122.32 47.57))",multi-line
multilinestring_geometry,"MULTILINESTRING ((-87.62 41.87, -87.63 41.88), (-87.65 41.90, -87.66 41.91)), MULTILINESTRING ((-112.07 33.44, -112.08 33.45, -112.09 33.46), (-112.05 33.42, -112.06 33.43)), MULTILINESTRING ((-122.67 45.52, -122.68 45.53), (-122.65 45.50, -122.66 45.51))",multi-line
routes_ml,"MULTILINESTRING ((-71.05 42.36, -71.06 42.37), (-71.08 42.35, -71.09 42.34)), MULTILINESTRING ((-82.55 35.59, -82.56 35.60, -82.57 35.61), (-82.50 35.55, -82.51 35.56)), MULTILINESTRING ((-149.90 61.21, -149.91 61.22), (-149.88 61.20, -149.87 61.19))",multi-line
geom_wkt,"MULTILINESTRING ((-77.86 40.79, -77.87 40.80), (-77.84 40.78, -77.83 40.77)), MULTILINESTRING ((-84.38 33.74, -84.39 33.75, -84.40 33.76), (-84.35 33.72, -84.36 33.73)), MULTILINESTRING ((-98.35 38.34, -98.36 38.35), (-98.33 38.32, -98.32 38.31, -98.31 38.30))",multi-line
wkt_geom,"MULTILINESTRING ((-87.62 41.87, -87.63 41.88), (-87.65 41.90, -87.66 41.91)), MULTILINESTRING ((-118.24 34.05, -118.25 34.06, -118.26 34.07), (-118.30 34.10, -118.31 34.11)), MULTILINESTRING ((-74.00 40.71, -74.01 40.72), (-73.98 40.75, -73.97 40.76))",multi-line
shape,"MULTILINESTRING ((-95.36 29.76, -95.37 29.75), (-95.40 29.78, -95.41 29.79, -95.42 29.80)), MULTILINESTRING ((-122.33 47.60, -122.34 47.61), (-122.30 47.65, -122.29 47.66)), MULTILINESTRING ((-84.38 33.74, -84.39 33.75), (-84.40 33.78, -84.41 33.79))",multi-line
pipeline_geometry,"MULTILINESTRING ((-71.05 42.36, -71.06 42.35), (-71.09 42.33, -71.10 42.34)), MULTILINESTRING ((-77.03 38.90, -77.04 38.91), (-77.01 38.89, -77.02 38.88)), MULTILINESTRING ((-122.67 45.52, -122.68 45.51), (-122.65 45.53, -122.64 45.54))",multi-line
the_geom,"MULTILINESTRING ((-97.74 30.26, -97.75 30.27), (-97.72 30.25, -97.71 30.24)), MULTILINESTRING ((-104.99 39.73, -104.98 39.74), (-105.00 39.75, -105.01 39.76)), MULTILINESTRING ((-112.07 33.44, -112.08 33.45), (-112.05 33.46, -112.04 33.47))",multi-line
GEOMETRY,"MULTILINESTRING ((-80.19 25.76, -80.20 25.77), (-80.22 25.79, -80.23 25.80)), MULTILINESTRING ((-90.07 29.95, -90.08 29.96), (-90.05 29.97, -90.04 29.98)), MULTILINESTRING ((-122.41 37.77, -122.42 37.78, -122.43 37.79), (-122.45 37.75, -122.46 37.74))",multi-line
wkt_geometry,"MULTILINESTRING ((-77.0369 38.9072, -77.0365 38.8977), (-77.0350 38.8898, -77.0340 38.8890)), MULTILINESTRING ((-77.0100 38.9100, -77.0200 38.9200), (-77.0300 38.9300, -77.0400 38.9400)), MULTILINESTRING ((-77.051 38.901, -77.052 38.902), (-77.053 38.903, -77.054 38.904, -77.055 38.905))",multi-line
route_shape,"MULTILINESTRING ((-118.2437 34.0522, -118.2500 34.0522), (-118.2500 34.0522, -118.2550 34.0522)), MULTILINESTRING ((-118.4089 33.9425, -118.4089 33.9450, -118.4089 33.9475), (-118.4080 33.9500, -118.4070 33.9525)), MULTILINESTRING ((-117.9143 33.8356, -117.9150 33.8360), (-117.9160 33.8365, -117.9170 33.8370))",multi-line
GEOMETRY,"MULTILINESTRING ((-95.3633 29.7618, -95.3650 29.7625), (-95.3670 29.7630, -95.3690 29.7635)), MULTILINESTRING ((-97.7431 30.2672, -97.7440 30.2680), (-97.7450 30.2690, -97.7460 30.2700)), MULTILINESTRING ((-96.7970 32.7767, -96.7980 32.7770), (-96.7990 32.7780, -96.8000 32.7790))",multi-line
centerline_geom,"MULTILINESTRING ((-87.6298 41.8781, -87.6300 41.8791), (-87.6310 41.8801, -87.6320 41.8811)), MULTILINESTRING ((-87.6500 41.8500, -87.6510 41.8510), (-87.6520 41.8520, -87.6530 41.8530)), MULTILINESTRING ((-87.7238 41.8950, -87.7248 41.8960), (-87.7258 41.8970, -87.7268 41.8980))",multi-line
multi_line,"MULTILINESTRING ((-73.9857 40.7484, -73.9860 40.7490), (-73.9865 40.7500, -73.9870 40.7510)), MULTILINESTRING ((-74.0060 40.7128, -74.0070 40.7138), (-74.0080 40.7148, -74.0090 40.7158)), MULTILINESTRING ((-73.9352 40.7831, -73.9362 40.7841), (-73.9372 40.7851, -73.9382 40.7861))",multi-line
wkt_geom,"MULTILINESTRING ((-104.99 39.73, -104.98 39.74), (-104.97 39.75, -104.96 39.76)), MULTILINESTRING ((-105.27 40.01, -105.26 40.02), (-105.25 40.03, -105.24 40.04)), MULTILINESTRING ((-106.81 39.19, -106.80 39.20, -106.79 39.21))",multi-line
SHAPE,"MULTILINESTRING ((-74.00 40.71, -73.99 40.72), (-73.98 40.73, -73.97 40.74)), MULTILINESTRING ((-71.06 42.36, -71.07 42.37, -71.08 42.38)), MULTILINESTRING ((-77.03 38.90, -77.04 38.91), (-77.05 38.92, -77.06 38.93))",multi-line
route_geometry,"MULTILINESTRING ((-122.33 47.60, -122.32 47.61), (-122.31 47.62, -122.30 47.63)), MULTILINESTRING ((-122.67 45.52, -122.66 45.53)), MULTILINESTRING ((-122.41 37.77, -122.42 37.78), (-122.43 37.79, -122.44 37.80))",multi-line
GEOM_MULTILINE,"MULTILINESTRING ((-87.62 41.87, -87.63 41.88, -87.64 41.89)), MULTILINESTRING ((-84.38 33.74, -84.39 33.75), (-84.40 33.76, -84.41 33.77)), MULTILINESTRING ((-90.07 29.95, -90.08 29.96), (-90.09 29.97, -90.10 29.98))",multi-line
pipeline_wkt,"MULTILINESTRING ((-95.36 29.76, -95.37 29.77), (-95.38 29.78, -95.39 29.79)), MULTILINESTRING ((-97.74 30.26, -97.75 30.27, -97.76 30.28)), MULTILINESTRING ((-96.79 32.77, -96.80 32.78), (-96.81 32.79, -96.82 32.80))",multi-line
GEOMETRY,"MULTILINESTRING ((-118.3 34.0, -118.4 34.1), (-118.5 34.2, -118.6 34.3)), MULTILINESTRING ((-96.8 32.7, -96.9 32.8), (-97.0 32.9, -97.1 33.0)), MULTILINESTRING ((-87.6 41.8, -87.7 41.9), (-87.8 42.0, -87.9 42.1))",multi-line
wkt_geom,"MULTILINESTRING ((-74.00 40.71, -74.01 40.72), (-73.99 40.71, -73.98 40.72)), MULTILINESTRING ((-122.41 37.77, -122.42 37.78, -122.43 37.79), (-122.44 37.80, -122.45 37.81)), MULTILINESTRING ((-84.38 33.74, -84.39 33.75), (-84.40 33.76, -84.41 33.77))",multi-line
centerlines_geom,"MULTILINESTRING ((-90.07 29.95, -90.08 29.96), (-90.09 29.97, -90.10 29.98)), MULTILINESTRING ((-104.99 39.73, -104.98 39.74), (-104.97 39.75, -104.96 39.76)), MULTILINESTRING ((-71.05 42.36, -71.06 42.37), (-71.07 42.35, -71.08 42.34))",multi-line
SHAPE,"MULTILINESTRING ((-77.03 38.90, -77.04 38.91), (-77.05 38.92, -77.06 38.93)), MULTILINESTRING ((-112.07 33.44, -112.08 33.45), (-112.09 33.46, -112.10 33.47)), MULTILINESTRING ((-122.67 45.52, -122.68 45.53), (-122.69 45.54, -122.70 45.55))",multi-line
multi_line_wkt,"MULTILINESTRING ((-95.36 29.76, -95.37 29.77, -95.38 29.78), (-95.39 29.79, -95.40 29.80)), MULTILINESTRING ((-80.19 25.76, -80.20 25.77), (-80.21 25.78, -80.22 25.79)), MULTILINESTRING ((-117.16 32.71, -117.17 32.72), (-117.18 32.73, -117.19 32.74))",multi-line
wkt_geom,"MULTILINESTRING ((-77.0369 38.9072, -77.0355 38.9058), (-77.0341 38.9044, -77.0327 38.9030)), MULTILINESTRING ((-122.4194 37.7749, -122.4180 37.7735), (-122.4166 37.7721, -122.4152 37.7707)), MULTILINESTRING ((-87.6298 41.8781, -87.6284 41.8767), (-87.6270 41.8753, -87.6256 41.8739))",multi-line
route_geometry,"MULTILINESTRING ((-95.3698 29.7604, -95.3684 29.7590, -95.3670 29.7576), (-95.3656 29.7562, -95.3642 29.7548)), MULTILINESTRING ((-71.0589 42.3601, -71.0575 42.3587), (-71.0561 42.3573, -71.0547 42.3559)), MULTILINESTRING ((-118.2437 34.0522, -118.2423 34.0508), (-118.2409 34.0494, -118.2395 34.0480))",multi-line
shape,"MULTILINESTRING ((-74.00 40.71, -74.01 40.72, -74.02 40.73), (-73.99 40.74, -73.98 40.75)), MULTILINESTRING ((-121.8863 37.3382, -121.8850 37.3370), (-121.8837 37.3358, -121.8824 37.3346, -121.8811 37.3334)), MULTILINESTRING ((-84.3880 33.7490, -84.3865 33.7475), (-84.3850 33.7460, -84.3835 33.7445))",multi-line
GEOM_MULTILINE,"MULTILINESTRING((-97.7431 30.2672, -97.7417 30.2658),(-97.7403 30.2644, -97.7389 30.2630)), MULTILINESTRING((-80.1918 25.7617, -80.1904 25.7603),(-80.1890 25.7589, -80.1876 25.7575)), MULTILINESTRING((-117.1611 32.7157, -117.1597 32.7143),(-117.1583 32.7129, -117.1569 32.7115))",multi-line
centerlines_wkt,"MULTILINESTRING ((-112.0740 33.4484, -112.0726 33.4470), (-112.0712 33.4456, -112.0698 33.4442)), MULTILINESTRING ((-75.1652 39.9526, -75.1638 39.9512), (-75.1624 39.9498, -75.1610 39.9484)), MULTILINESTRING ((-96.7970 32.7767, -96.7956 32.7753), (-96.7942 32.7739, -96.7928 32.7725))",multi-line
geometry,"MULTILINESTRING ((-74.01 40.71, -74.02 40.72), (-74.03 40.73, -74.04 40.74)), MULTILINESTRING ((-122.41 37.77, -122.42 37.78, -122.43 37.79), (-122.44 37.80, -122.45 37.81)), MULTILINESTRING ((-87.62 41.87, -87.63 41.88), (-87.64 41.89, -87.65 41.90))",multi-line
street_centerlines,"MULTILINESTRING ((-95.36 29.76, -95.37 29.77), (-95.38 29.78, -95.39 29.79, -95.40 29.80)), MULTILINESTRING ((-118.24 34.05, -118.25 34.06), (-118.26 34.07, -118.27 34.08)), MULTILINESTRING ((-71.05 42.36, -71.06 42.37), (-71.07 42.38, -71.08 42.39))",multi-line
SHAPE,"MULTILINESTRING ((-84.38 33.74, -84.39 33.75), (-84.40 33.76, -84.41 33.77)), MULTILINESTRING ((-77.03 38.90, -77.04 38.91, -77.05 38.92), (-77.06 38.93, -77.07 38.94)), MULTILINESTRING ((-122.67 45.52, -122.68 45.53), (-122.69 45.54, -122.70 45.55))",multi-line
wkt_multiline_geom,"MULTILINESTRING ((-90.07 29.95, -90.08 29.96), (-90.09 29.97, -90.10 29.98)), MULTILINESTRING ((-97.74 30.26, -97.75 30.27), (-97.76 30.28, -97.77 30.29, -97.78 30.30)), MULTILINESTRING ((-86.15 39.76, -86.16 39.77), (-86.17 39.78, -86.18 39.79))",multi-line
pipeline_route,"MULTILINESTRING ((-112.07 33.44, -112.08 33.45), (-112.09 33.46, -112.10 33.47)), MULTILINESTRING ((-104.99 39.73, -105.00 39.74), (-105.01 39.75, -105.02 39.76)), MULTILINESTRING ((-117.16 32.71, -117.17 32.72, -117.18 32.73), (-117.19 32.74, -117.20 32.75))",multi-line
geometry,"MULTILINESTRING ((-97.33 32.75, -97.34 32.76), (-97.35 32.77, -97.36 32.78)), MULTILINESTRING ((-118.24 34.05, -118.25 34.06), (-118.26 34.07, -118.27 34.08)), MULTILINESTRING ((-71.05 42.36, -71.06 42.37), (-71.07 42.38, -71.08 42.39))",multi-line
wkt_geom,"MULTILINESTRING((-84.38 33.74, -84.39 33.75, -84.40 33.76), (-84.41 33.77, -84.42 33.78)), MULTILINESTRING((-87.62 41.87, -87.63 41.88), (-87.64 41.89, -87.65 41.90, -87.66 41.91)), MULTILINESTRING((-122.67 45.52, -122.68 45.53), (-122.69 45.54, -122.70 45.55))",multi-line
the_geom_multiline,"MULTILINESTRING ((-77.03 38.90, -77.04 38.91), (-77.05 38.92, -77.06 38.93)), MULTILINESTRING ((-95.36 29.76, -95.37 29.77), (-95.38 29.78, -95.39 29.79)), MULTILINESTRING ((-112.07 33.44, -112.08 33.45), (-112.09 33.46, -112.10 33.47))",multi-line
pipeline_routes,"MULTILINESTRING ((-104.821 39.739, -104.822 39.740), (-104.823 39.741, -104.824 39.742)), MULTILINESTRING ((-104.99 39.74, -104.98 39.75), (-104.97 39.76, -104.96 39.77)), MULTILINESTRING ((-105.01 39.72, -105.02 39.71), (-105.03 39.70, -105.04 39.69))",multi-line
shape,"MULTILINESTRING ((-73.985 40.73, -73.980 40.74, -73.975 40.75), (-73.970 40.76, -73.965 40.77)), MULTILINESTRING ((-74.00 40.71, -73.99 40.72), (-73.98 40.73, -73.97 40.74), (-73.96 40.75, -73.95 40.76)), MULTILINESTRING ((-73.94 40.80, -73.93 40.81), (-73.92 40.82, -73.91 40.83))",multi-line
wkt_multiline,"MULTILINESTRING ((-74.05 40.75, -74.04 40.76), (-74.03 40.77, -74.02 40.78)), MULTILINESTRING ((-87.65 41.85, -87.64 41.86), (-87.63 41.87, -87.62 41.88)), MULTILINESTRING ((-122.45 37.75, -122.44 37.76), (-122.43 37.77, -122.42 37.78))",multi-line
route_geometry,"MULTILINESTRING ((-95.3633 29.7633, -95.3650 29.7650), (-95.3700 29.7700, -95.3750 29.7750, -95.3800 29.7800)), MULTILINESTRING ((-84.3889 33.7483, -84.3900 33.7500), (-84.3950 33.7550, -84.4000 33.7600)), MULTILINESTRING ((-118.2428 34.0522, -118.2450 34.0550), (-118.2500 34.0600, -118.2550 34.0650))",multi-line
SHAPE,"MULTILINESTRING ((-71.0589 42.3601, -71.0570 42.3615), (-71.0550 42.3630, -71.0530 42.3645)), MULTILINESTRING ((-77.0369 38.9072, -77.0350 38.9085), (-77.0330 38.9100, -77.0310 38.9115)), MULTILINESTRING ((-122.3321 47.6062, -122.3300 47.6075), (-122.3280 47.6090, -122.3260 47.6105))",multi-line
waterway_path,"MULTILINESTRING ((-93.2758 44.9723, -93.2740 44.9740), (-93.2720 44.9760, -93.2700 44.9780)), MULTILINESTRING ((-90.0715 29.9511, -90.0700 29.9530), (-90.0680 29.9550, -90.0660 29.9570)), MULTILINESTRING ((-75.1652 39.9526, -75.1630 39.9540), (-75.1610 39.9560, -75.1590 39.9580))",multi-line
GEOM,"MULTILINESTRING ((-104.9903 39.7392, -104.9880 39.7400, -104.9860 39.7410), (-104.9840 39.7420, -104.9820 39.7430)), MULTILINESTRING ((-112.0740 33.4484, -112.0720 33.4494), (-112.0700 33.4504, -112.0680 33.4514)), MULTILINESTRING ((-117.1611 32.7157, -117.1590 32.7167), (-117.1570 32.7177, -117.1550 32.7187))",multi-line
streets_geom,"MULTILINESTRING ((-73.998 40.731, -73.997 40.732)), MULTILINESTRING ((-73.996 40.733, -73.995 40.734), (-73.994 40.735, -73.993 40.736)), MULTILINESTRING ((-73.992 40.737, -73.991 40.738, -73.990 40.739))",multi-line
HYDRO_LINE_WKT,"MULTILINESTRING ((-95.363 29.760, -95.364 29.761)), MULTILINESTRING ((-95.365 29.762, -95.366 29.763, -95.367 29.764)), MULTILINESTRING ((-95.368 29.765, -95.369 29.766), (-95.370 29.767, -95.371 29.768))",multi-line
pipeline_network,"MULTILINESTRING ((-104.990 39.739, -104.989 39.738, -104.988 39.737)), MULTILINESTRING ((-104.987 39.736, -104.986 39.735)), MULTILINESTRING ((-104.985 39.734, -104.984 39.733), (-104.983 39.732, -104.982 39.731))",multi-line
the_geom,"MULTILINESTRING ((-122.332 47.606, -122.333 47.607, -122.334 47.608)), MULTILINESTRING ((-122.335 47.609, -122.336 47.610), (-122.337 47.611, -122.338 47.612)), MULTILINESTRING ((-122.339 47.613, -122.340 47.614))",multi-line
rail_corridors,"MULTILINESTRING ((-87.650 41.850, -87.651 41.851), (-87.652 41.852, -87.653 41.853)), MULTILINESTRING ((-87.654 41.854, -87.655 41.855, -87.656 41.856)), MULTILINESTRING ((-87.657 41.857, -87.658 41.858))",multi-line
wkt_geom,"MULTILINESTRING ((-97.74 30.26, -97.75 30.27), (-97.72 30.25, -97.73 30.24)), MULTILINESTRING ((-97.76 30.28, -97.77 30.29), (-97.78 30.30, -97.79 30.31)), MULTILINESTRING ((-97.70 30.22, -97.71 30.21), (-97.68 30.20, -97.69 30.19))",multi-line
SHAPE,"MULTILINESTRING ((-122.33 47.60, -122.34 47.61), (-122.35 47.62, -122.36 47.63)), MULTILINESTRING ((-122.40 47.65, -122.41 47.66), (-122.30 47.59, -122.31 47.58)), MULTILINESTRING ((-122.32 47.64, -122.33 47.65, -122.34 47.66), (-122.35 47.67, -122.36 47.68))",multi-line
multiline_feature,"MULTILINESTRING((-84.38 33.74, -84.39 33.75),(-84.40 33.76, -84.41 33.77)), MULTILINESTRING((-84.35 33.70, -84.36 33.71, -84.37 33.72),(-84.33 33.69, -84.34 33.68)), MULTILINESTRING((-84.42 33.78, -84.43 33.79),(-84.45 33.80, -84.46 33.81))",multi-line
geom_wkt,"MULTILINESTRING ((-71.05 42.36, -71.06 42.35), (-71.07 42.34, -71.08 42.33)), MULTILINESTRING ((-71.10 42.37, -71.11 42.38, -71.12 42.39), (-71.04 42.32, -71.03 42.31)), MULTILINESTRING ((-71.09 42.30, -71.08 42.29), (-71.07 42.28, -71.06 42.27))",multi-line
the_geom,"MULTILINESTRING ((-104.99 39.73, -105.00 39.74), (-104.98 39.72, -104.97 39.71)), MULTILINESTRING ((-104.95 39.75, -104.94 39.76), (-104.93 39.77, -104.92 39.78)), MULTILINESTRING ((-105.01 39.70, -105.02 39.69), (-105.03 39.68, -105.04 39.67, -105.05 39.66))",multi-line
road_geom,"MULTILINESTRING ((-97.7431 30.2672, -97.7451 30.2692), (-97.7471 30.2712, -97.7491 30.2732)), MULTILINESTRING ((-97.7331 30.2572, -97.7351 30.2592), (-97.7371 30.2612, -97.7391 30.2632)), MULTILINESTRING ((-97.7531 30.2772, -97.7551 30.2792), (-97.7571 30.2812, -97.7591 30.2832))",multi-line
wkt_multilinestring,"MULTILINESTRING ((-122.3321 47.6062, -122.3331 47.6072, -122.3341 47.6082), (-122.3351 47.6092, -122.3361 47.6102)), MULTILINESTRING ((-122.4194 37.7749, -122.4204 37.7759), (-122.4214 37.7769, -122.4224 37.7779, -122.4234 37.7789)), MULTILINESTRING ((-118.2437 34.0522, -118.2447 34.0532), (-118.2457 34.0542, -118.2467 34.0552))",multi-line
utility_lines_geom,"MULTILINESTRING ((-87.6298 41.8781, -87.6318 41.8791), (-87.6338 41.8801, -87.6358 41.8811)), MULTILINESTRING ((-87.6398 41.8881, -87.6418 41.8891, -87.6438 41.8901), (-87.6458 41.8911, -87.6478 41.8921)), MULTILINESTRING ((-87.6498 41.8981, -87.6518 41.8991), (-87.6538 41.9001, -87.6558 41.9011))",multi-line
shape,"MULTILINESTRING ((-73.985130 40.758896, -73.984130 40.759896), (-73.983130 40.760896, -73.982130 40.761896)), MULTILINESTRING ((-74.0060 40.7128, -74.0070 40.7138, -74.0080 40.7148), (-74.0090 40.7158, -74.0100 40.7168)), MULTILINESTRING ((-73.935242 40.730610, -73.936242 40.731610), (-73.937242 40.732610, -73.938242 40.733610))",multi-line
geography_multiline,"MULTILINESTRING ((-80.1918 25.7617, -80.2018 25.7717), (-80.2118 25.7817, -80.2218 25.7917)), MULTILINESTRING ((-84.3880 33.7490, -84.3980 33.7590), (-84.4080 33.7690, -84.4180 33.7790)), MULTILINESTRING ((-71.0589 42.3601, -71.0689 42.3701), (-71.0789 42.3801, -71.0889 42.3901))",multi-line
geom,"MULTILINESTRING ((-118.25 34.05, -118.26 34.06), (-118.27 34.07, -118.28 34.08)), MULTILINESTRING ((-122.42 37.77, -122.43 37.78, -122.44 37.79)), MULTILINESTRING ((-117.16 32.71, -117.17 32.72))",multi-line
wkt_multiline,"MULTILINESTRING ((-74.00 40.71, -74.01 40.72), (-73.99 40.73, -73.98 40.74)), MULTILINESTRING ((-73.97 40.75, -73.96 40.76)), MULTILINESTRING ((-73.95 40.78, -73.94 40.79), (-73.95 40.80, -73.94 40.81))",multi-line
SHAPE,"MULTILINESTRING ((-87.62 41.87, -87.63 41.88, -87.64 41.89)), MULTILINESTRING ((-87.65 41.90, -87.66 41.91), (-87.67 41.92, -87.68 41.93)), MULTILINESTRING ((-87.70 41.85, -87.71 41.86))",multi-line
road_segments,"MULTILINESTRING ((-95.36 29.76, -95.37 29.75), (-95.38 29.74, -95.39 29.73)), MULTILINESTRING ((-96.80 32.78, -96.81 32.79, -96.82 32.80)), MULTILINESTRING ((-97.74 30.26, -97.75 30.27))",multi-line
GEOM_WKT,"MULTILINESTRING ((-122.33 47.60, -122.34 47.61)), MULTILINESTRING ((-122.67 45.52, -122.68 45.53), (-122.69 45.54, -122.70 45.55)), MULTILINESTRING ((-122.47 47.25, -122.46 47.24, -122.45 47.23))",multi-line
SHAPE,"MULTILINESTRING ((-121.4944 38.5816, -121.4844 38.5716), (-121.4900 38.5800, -121.4800 38.5700)), MULTILINESTRING ((-97.7431 30.2672, -97.7531 30.2772), (-97.7331 30.2572, -97.7231 30.2472)), MULTILINESTRING ((-71.0589 42.3601, -71.0689 42.3501, -71.0789 42.3401))",multi-line
lines_wkt,"MULTILINESTRING ((-87.6232 41.8818, -87.6332 41.8918), (-87.6200 41.8850, -87.6300 41.8950)), MULTILINESTRING ((-118.2437 34.0522, -118.2537 34.0622, -118.2637 34.0722)), MULTILINESTRING ((-84.3880 33.7490, -84.3980 33.7590), (-84.4080 33.7690, -84.4180 33.7790))",multi-line
the_geom,"MULTILINESTRING ((-77.0369 38.9072, -77.0469 38.9172), (-77.0360 38.9062, -77.0460 38.9162)), MULTILINESTRING ((-122.3328 47.6061, -122.3428 47.6161, -122.3528 47.6261)), MULTILINESTRING ((-90.0715 29.9511, -90.0815 29.9611), (-90.0750 29.9550, -90.0850 29.9650))",multi-line
GEOMETRY,"MULTILINESTRING ((-104.9903 39.7392, -104.9803 39.7492), (-104.9703 39.7592, -104.9603 39.7692)), MULTILINESTRING ((-111.8910 40.7608, -111.9010 40.7708), (-111.8810 40.7508, -111.8710 40.7408)), MULTILINESTRING ((-112.0740 33.4484, -112.0840 33.4584, -112.0940 33.4684))",multi-line
multiline_feature,"MULTILINESTRING ((-80.1918 25.7617, -80.2018 25.7717, -80.2118 25.7817)), MULTILINESTRING ((-73.9851 40.7580, -73.9751 40.7480), (-73.9800 40.7550, -73.9700 40.7450)), MULTILINESTRING ((-95.3698 29.7604, -95.3798 29.7704), (-95.3598 29.7504, -95.3498 29.7404))",multi-line
routes_geom,"MULTILINESTRING ((-74.001 40.711, -74.002 40.712), (-74.003 40.713, -74.004 40.714)), MULTILINESTRING ((-87.629 41.878, -87.630 41.879), (-87.631 41.880, -87.632 41.881, -87.633 41.882)), MULTILINESTRING ((-118.243 34.052, -118.244 34.053), (-118.245 34.054, -118.246 34.055))",multi-line
WKT_GEOMETRY,"MULTILINESTRING ((-98.5 30.2, -98.6 30.3), (-97.7 29.8, -97.8 29.9)), MULTILINESTRING ((-81.379 28.538, -81.380 28.539, -81.381 28.540), (-81.400 28.600, -81.401 28.601)), MULTILINESTRING ((-122.332 47.606, -122.333 47.607), (-122.334 47.608, -122.335 47.609))",multi-line
multi_line_shape,"MULTILINESTRING ((-104.9903 39.7392, -104.9913 39.7402, -104.9923 39.7412)), MULTILINESTRING ((-112.0740 33.4484, -112.0750 33.4494), (-112.0840 33.4584, -112.0850 33.4594)), MULTILINESTRING ((-71.0589 42.3601, -71.0599 42.3611), (-71.0689 42.3701, -71.0699 42.3711), (-71.0789 42.3801, -71.0799 42.3811))",multi-line
shape,"MULTILINESTRING ((-122.4769 37.7694, -122.4760 37.7694), (-122.4765 37.7700, -122.4765 37.7690)), MULTILINESTRING ((-77.85 40.80, -77.86 40.81), (-77.86 40.81, -77.87 40.82)), MULTILINESTRING ((-111.8910 40.7608, -111.8920 40.7618), (-111.9010 40.7708, -111.9020 40.7718))",multi-line
the_geom_multilinestring,"MULTILINESTRING ((-84.387982 33.748995, -84.387980 33.749995), (-84.388982 33.750995, -84.388980 33.751995)), MULTILINESTRING ((-122.6765 45.5231, -122.6785 45.5241), (-122.6805 45.5251, -122.6825 45.5261)), MULTILINESTRING ((-93.2650 44.9778, -93.2660 44.9788, -93.2670 44.9798), (-93.2750 44.9878, -93.2760 44.9888))",multi-line
geom,"MULTILINESTRING ((-84.38 33.74, -84.39 33.75), (-84.40 33.76, -84.41 33.77)), MULTILINESTRING ((-84.35 33.78, -84.36 33.79, -84.37 33.80)), MULTILINESTRING ((-84.42 33.73, -84.43 33.72), (-84.44 33.71, -84.45 33.70), (-84.46 33.69, -84.47 33.68))",multi-line
wkt_geometry,"MULTILINESTRING ((-87.62 41.87, -87.63 41.88), (-87.64 41.89, -87.65 41.90)), MULTILINESTRING ((-87.66 41.85, -87.67 41.84)), MULTILINESTRING ((-87.60 41.91, -87.61 41.92, -87.62 41.93), (-87.59 41.94, -87.58 41.95))",multi-line
route_path,"MULTILINESTRING ((-118.24 34.05, -118.25 34.06), (-118.26 34.07, -118.27 34.08)), MULTILINESTRING ((-118.28 34.04, -118.29 34.03, -118.30 34.02), (-118.31 34.01, -118.32 34.00)), MULTILINESTRING ((-118.20 34.10, -118.21 34.11))",multi-line
Centerline_Geom,"MULTILINESTRING ((-122.33 47.60, -122.34 47.61, -122.35 47.62)), MULTILINESTRING ((-122.30 47.65, -122.31 47.66), (-122.32 47.67, -122.33 47.68)), MULTILINESTRING ((-122.36 47.59, -122.37 47.58), (-122.38 47.57, -122.39 47.56))",multi-line
multiln,"MULTILINESTRING ((-104.99 39.74, -104.98 39.75)), MULTILINESTRING ((-104.97 39.76, -104.96 39.77), (-104.95 39.78, -104.94 39.79)), MULTILINESTRING ((-105.00 39.73, -105.01 39.72, -105.02 39.71), (-104.90 39.80, -104.89 39.81))",multi-line
geom,"MULTIPOLYGON (((-97.74 30.26, -97.73 30.26, -97.73 30.27, -97.74 30.27, -97.74 30.26)), ((-97.76 30.28, -97.75 30.28, -97.75 30.29, -97.76 30.29, -97.76 30.28))), MULTIPOLYGON (((-118.25 34.05, -118.24 34.05, -118.24 34.06, -118.25 34.06, -118.25 34.05)), ((-118.27 34.03, -118.26 34.03, -118.26 34.04, -118.27 34.04, -118.27 34.03))), MULTIPOLYGON (((-80.19 25.76, -80.18 25.76, -80.18 25.77, -80.19 25.77, -80.19 25.76)), ((-80.21 25.78, -80.20 25.78, -80.20 25.79, -80.21 25.79, -80.21 25.78)))",multi-polygon
SHAPE,"MULTIPOLYGON (((-87.63 41.87, -87.62 41.87, -87.62 41.88, -87.63 41.88, -87.63 41.87)), ((-87.65 41.85, -87.64 41.85, -87.64 41.86, -87.65 41.86, -87.65 41.85))), MULTIPOLYGON (((-73.99 40.71, -73.98 40.71, -73.98 40.72, -73.99 40.72, -73.99 40.71)), ((-74.01 40.70, -74.00 40.70, -74.00 40.71, -74.01 40.71, -74.01 40.70))), MULTIPOLYGON (((-122.33 47.60, -122.32 47.60, -122.32 47.61, -122.33 47.61, -122.33 47.60)), ((-122.35 47.58, -122.34 47.58, -122.34 47.59, -122.35 47.59, -122.35 47.58)))",multi-polygon
wkt_geometry,"MULTIPOLYGON (((-104.99 39.74, -104.98 39.74, -104.98 39.75, -104.99 39.75, -104.99 39.74)), ((-105.01 39.72, -105.00 39.72, -105.00 39.73, -105.01 39.73, -105.01 39.72))), MULTIPOLYGON (((-71.06 42.36, -71.05 42.36, -71.05 42.37, -71.06 42.37, -71.06 42.36)), ((-71.08 42.34, -71.07 42.34, -71.07 42.35, -71.08 42.35, -71.08 42.34))), MULTIPOLYGON (((-90.07 29.95, -90.06 29.95, -90.06 29.96, -90.07 29.96, -90.07 29.95)), ((-90.09 29.93, -90.08 29.93, -90.08 29.94, -90.09 29.94, -90.09 29.93)))",multi-polygon
boundary_multipolygon,"MULTIPOLYGON (((-77.04 38.90, -77.03 38.90, -77.03 38.91, -77.04 38.91, -77.04 38.90)), ((-77.06 38.88, -77.05 38.88, -77.05 38.89, -77.06 38.89, -77.06 38.88))), MULTIPOLYGON (((-84.39 33.75, -84.38 33.75, -84.38 33.76, -84.39 33.76, -84.39 33.75)), ((-84.41 33.73, -84.40 33.73, -84.40 33.74, -84.41 33.74, -84.41 33.73))), MULTIPOLYGON (((-112.07 33.45, -112.06 33.45, -112.06 33.46, -112.07 33.46, -112.07 33.45)), ((-112.09 33.43, -112.08 33.43, -112.08 33.44, -112.09 33.44, -112.09 33.43)))",multi-polygon
the_geom,"MULTIPOLYGON (((-122.42 37.77, -122.41 37.77, -122.41 37.78, -122.42 37.78, -122.42 37.77)), ((-122.44 37.75, -122.43 37.75, -122.43 37.76, -122.44 37.76, -122.44 37.75))), MULTIPOLYGON (((-95.36 29.76, -95.35 29.76, -95.35 29.77, -95.36 29.77, -95.36 29.76)), ((-95.38 29.74, -95.37 29.74, -95.37 29.75, -95.38 29.75, -95.38 29.74))), MULTIPOLYGON (((-75.16 39.95, -75.15 39.95, -75.15 39.96, -75.16 39.96, -75.16 39.95)), ((-75.18 39.93, -75.17 39.93, -75.17 39.94, -75.18 39.94, -75.18 39.93)))",multi-polygon
geom,"MULTIPOLYGON (((-97.74 30.27, -97.73 30.27, -97.73 30.28, -97.74 30.28, -97.74 30.27)), ((-97.76 30.25, -97.75 30.25, -97.75 30.26, -97.76 30.26, -97.76 30.25))), MULTIPOLYGON (((-122.42 37.77, -122.41 37.77, -122.41 37.78, -122.42 37.78, -122.42 37.77)), ((-122.44 37.75, -122.43 37.75, -122.43 37.76, -122.44 37.76, -122.44 37.75))), MULTIPOLYGON (((-87.63 41.88, -87.62 41.88, -87.62 41.89, -87.63 41.89, -87.63 41.88)), ((-87.65 41.86, -87.64 41.86, -87.64 41.87, -87.65 41.87, -87.65 41.86)))",multi-polygon
SHAPE,"MULTIPOLYGON (((-73.99 40.73, -73.98 40.73, -73.98 40.74, -73.99 40.74, -73.99 40.73)), ((-74.01 40.71, -74.00 40.71, -74.00 40.72, -74.01 40.72, -74.01 40.71))), MULTIPOLYGON (((-81.80 24.55, -81.79 24.55, -81.79 24.56, -81.80 24.56, -81.80 24.55)), ((-81.78 24.57, -81.77 24.57, -81.77 24.58, -81.78 24.58, -81.78 24.57))), MULTIPOLYGON (((-118.25 34.05, -118.24 34.05, -118.24 34.06, -118.25 34.06, -118.25 34.05)), ((-118.27 34.03, -118.26 34.03, -118.26 34.04, -118.27 34.04, -118.27 34.03)))",multi-polygon
wetland_boundary,"MULTIPOLYGON (((-90.07 29.95, -90.06 29.95, -90.06 29.96, -90.07 29.96, -90.07 29.95)), ((-90.09 29.93, -90.08 29.93, -90.08 29.94, -90.09 29.94, -90.09 29.93))), MULTIPOLYGON (((-82.53 27.95, -82.52 27.95, -82.52 27.96, -82.53 27.96, -82.53 27.95)), ((-82.55 27.93, -82.54 27.93, -82.54 27.94, -82.55 27.94, -82.55 27.93))), MULTIPOLYGON (((-76.62 39.29, -76.61 39.29, -76.61 39.30, -76.62 39.30, -76.62 39.29)), ((-76.64 39.27, -76.63 39.27, -76.63 39.28, -76.64 39.28, -76.64 39.27)))",multi-polygon
wkt_multipolygon,"MULTIPOLYGON (((-122.33 47.61, -122.32 47.61, -122.32 47.62, -122.33 47.62, -122.33 47.61)), ((-122.35 47.59, -122.34 47.59, -122.34 47.60, -122.35 47.60, -122.35 47.59))), MULTIPOLYGON (((-104.99 39.74, -104.98 39.74, -104.98 39.75, -104.99 39.75, -104.99 39.74)), ((-105.01 39.72, -105.00 39.72, -105.00 39.73, -105.01 39.73, -105.01 39.72))), MULTIPOLYGON (((-112.07 33.45, -112.06 33.45, -112.06 33.46, -112.07 33.46, -112.07 33.45)), ((-112.09 33.43, -112.08 33.43, -112.08 33.44, -112.09 33.44, -112.09 33.43)))",multi-polygon
parcel_mp_wkt,"MULTIPOLYGON (((-84.39 33.75, -84.38 33.75, -84.38 33.76, -84.39 33.76, -84.39 33.75)), ((-84.41 33.73, -84.40 33.73, -84.40 33.74, -84.41 33.74, -84.41 33.73))), MULTIPOLYGON (((-71.06 42.36, -71.05 42.36, -71.05 42.37, -71.06 42.37, -71.06 42.36)), ((-71.08 42.34, -71.07 42.34, -71.07 42.35, -71.08 42.35, -71.08 42.34))), MULTIPOLYGON (((-149.90 61.22, -149.89 61.22, -149.89 61.23, -149.90 61.23, -149.90 61.22)), ((-149.92 61.20, -149.91 61.20, -149.91 61.21, -149.92 61.21, -149.92 61.20)))",multi-polygon
geom,"MULTIPOLYGON (((-97.3 32.7, -97.2 32.7, -97.2 32.8, -97.3 32.8, -97.3 32.7)), ((-96.8 32.8, -96.7 32.8, -96.7 32.9, -96.8 32.9, -96.8 32.8))), MULTIPOLYGON (((-118.4 34.0, -118.3 34.0, -118.3 34.1, -118.4 34.1, -118.4 34.0)), ((-118.2 33.9, -118.1 33.9, -118.1 34.0, -118.2 34.0, -118.2 33.9))), MULTIPOLYGON (((-84.4 33.7, -84.3 33.7, -84.3 33.8, -84.4 33.8, -84.4 33.7)), ((-84.2 33.9, -84.1 33.9, -84.1 34.0, -84.2 34.0, -84.2 33.9)))",multi-polygon
boundary_multipolygon,"MULTIPOLYGON (((-71.06 42.36, -71.05 42.36, -71.05 42.37, -71.06 42.37, -71.06 42.36)), ((-71.09 42.33, -71.08 42.33, -71.08 42.34, -71.09 42.34, -71.09 42.33))), MULTIPOLYGON (((-77.05 38.90, -77.04 38.90, -77.04 38.91, -77.05 38.91, -77.05 38.90)), ((-77.01 38.89, -77.00 38.89, -77.00 38.90, -77.01 38.90, -77.01 38.89))), MULTIPOLYGON (((-122.68 45.52, -122.67 45.52, -122.67 45.53, -122.68 45.53, -122.68 45.52)), ((-122.65 45.50, -122.64 45.50, -122.64 45.51, -122.65 45.51, -122.65 45.50)))",multi-polygon
SHAPE,"MULTIPOLYGON (((-80.14 26.12, -80.13 26.12, -80.13 26.13, -80.14 26.13, -80.14 26.12)), ((-80.11 26.15, -80.10 26.15, -80.10 26.16, -80.11 26.16, -80.11 26.15))), MULTIPOLYGON (((-90.08 29.95, -90.07 29.95, -90.07 29.96, -90.08 29.96, -90.08 29.95)), ((-90.10 29.93, -90.09 29.93, -90.09 29.94, -90.10 29.94, -90.10 29.93))), MULTIPOLYGON (((-82.46 27.95, -82.45 27.95, -82.45 27.96, -82.46 27.96, -82.46 27.95)), ((-82.50 27.93, -82.49 27.93, -82.49 27.94, -82.50 27.94, -82.50 27.93)))",multi-polygon
wkt_geometry,"MULTIPOLYGON (((-112.1 33.5, -112.0 33.5, -112.0 33.6, -112.1 33.6, -112.1 33.5)), ((-111.9 33.4, -111.8 33.4, -111.8 33.5, -111.9 33.5, -111.9 33.4))), MULTIPOLYGON (((-95.4 29.8, -95.3 29.8, -95.3 29.9, -95.4 29.9, -95.4 29.8)), ((-95.5 29.7, -95.4 29.7, -95.4 29.8, -95.5 29.8, -95.5 29.7))), MULTIPOLYGON (((-74.0 40.7, -73.9 40.7, -73.9 40.8, -74.0 40.8, -74.0 40.7)), ((-74.1 40.6, -74.0 40.6, -74.0 40.7, -74.1 40.7, -74.1 40.6)))",multi-polygon
footprint_mp,"MULTIPOLYGON (((-73.986 40.758, -73.985 40.758, -73.985 40.759, -73.986 40.759, -73.986 40.758)), ((-73.984 40.757, -73.983 40.757, -73.983 40.758, -73.984 40.758, -73.984 40.757)), ((-73.982 40.756, -73.981 40.756, -73.981 40.757, -73.982 40.757, -73.982 40.756))), MULTIPOLYGON (((-87.629 41.878, -87.628 41.878, -87.628 41.879, -87.629 41.879, -87.629 41.878)), ((-87.631 41.877, -87.630 41.877, -87.630 41.878, -87.631 41.878, -87.631 41.877))), MULTIPOLYGON (((-122.419 37.774, -122.418 37.774, -122.418 37.775, -122.419 37.775, -122.419 37.774)), ((-122.417 37.773, -122.416 37.773, -122.416 37.774, -122.417 37.774, -122.417 37.773)))",multi-polygon
geometry,"MULTIPOLYGON (((-74.00 40.70, -73.99 40.70, -73.99 40.71, -74.00 40.71, -74.00 40.70)), ((-73.98 40.72, -73.97 40.72, -73.97 40.73, -73.98 40.73, -73.98 40.72))), MULTIPOLYGON (((-73.955 40.750, -73.954 40.750, -73.954 40.751, -73.955 40.751, -73.955 40.750)), ((-73.952 40.753, -73.951 40.753, -73.951 40.754, -73.952 40.754, -73.952 40.753))), MULTIPOLYGON (((-73.89 40.85, -73.88 40.85, -73.88 40.86, -73.89 40.86, -73.89 40.85)), ((-73.87 40.87, -73.86 40.87, -73.86 40.88, -73.87 40.88, -73.87 40.87)))",multi-polygon
GEOM_WKT,"MULTIPOLYGON (((-122.42 37.77, -122.41 37.77, -122.41 37.78, -122.42 37.78, -122.42 37.77)), ((-122.40 37.76, -122.39 37.76, -122.39 37.77, -122.40 37.77, -122.40 37.76))), MULTIPOLYGON (((-122.48 37.71, -122.47 37.71, -122.47 37.72, -122.48 37.72, -122.48 37.71)), ((-122.45 37.74, -122.44 37.74, -122.44 37.75, -122.45 37.75, -122.45 37.74))), MULTIPOLYGON (((-122.50 37.80, -122.49 37.80, -122.495 37.81, -122.50 37.81, -122.50 37.80)), ((-122.48 37.79, -122.47 37.79, -122.47 37.80, -122.48 37.80, -122.48 37.79)))",multi-polygon
shape,"MULTIPOLYGON (((-81.78 24.55, -81.77 24.55, -81.77 24.56, -81.78 24.56, -81.78 24.55)), ((-81.70 24.62, -81.69 24.62, -81.69 24.63, -81.70 24.63, -81.70 24.62))), MULTIPOLYGON (((-81.45 24.70, -81.44 24.70, -81.44 24.71, -81.45 24.71, -81.45 24.70)), ((-81.35 24.75, -81.34 24.75, -81.34 24.76, -81.35 24.76, -81.35 24.75))), MULTIPOLYGON (((-81.08 24.95, -81.07 24.95, -81.07 24.96, -81.08 24.96, -81.08 24.95)), ((-81.05 24.98, -81.04 24.98, -81.04 24.99, -81.05 24.99, -81.05 24.98)), ((-80.99 25.01, -80.98 25.01, -80.98 25.02, -80.99 25.02, -80.99 25.01)))",multi-polygon
footprint_multipolygon,"MULTIPOLYGON (((-87.63 41.88, -87.62 41.88, -87.62 41.89, -87.63 41.89, -87.63 41.88)), ((-87.65 41.86, -87.64 41.86, -87.64 41.87, -87.65 41.87, -87.65 41.86))), MULTIPOLYGON (((-87.90 42.00, -87.89 42.00, -87.89 42.01, -87.90 42.01, -87.90 42.00)), ((-87.88 41.98, -87.87 41.98, -87.87 41.99, -87.88 41.99, -87.88 41.98))), MULTIPOLYGON (((-87.70 41.75, -87.69 41.75, -87.69 41.76, -87.70 41.76, -87.70 41.75)), ((-87.72 41.73, -87.71 41.73, -87.71 41.74, -87.72 41.74, -87.72 41.73)))",multi-polygon
boundaries,"MULTIPOLYGON (((-157.86 21.31, -157.85 21.31, -157.85 21.32, -157.86 21.32, -157.86 21.31)), ((-157.95 21.45, -157.94 21.45, -157.94 21.46, -157.95 21.46, -157.95 21.45))), MULTIPOLYGON (((-155.08 19.72, -155.07 19.72, -155.07 19.73, -155.08 19.73, -155.08 19.72)), ((-155.68 19.21, -155.67 19.21, -155.67 19.22, -155.68 19.22, -155.68 19.21))), MULTIPOLYGON (((-157.72 21.28, -157.71 21.28, -157.71 21.29, -157.72 21.29, -157.72 21.28)), ((-155.99 20.02, -155.98 20.02, -155.98 20.03, -155.99 20.03, -155.99 20.02)))",multi-polygon
geom,"MULTIPOLYGON (((-87.65 41.88, -87.64 41.88, -87.64 41.87, -87.65 41.87, -87.65 41.88)), ((-87.63 41.86, -87.62 41.86, -87.62 41.85, -87.63 41.85, -87.63 41.86))), MULTIPOLYGON (((-118.25 34.05, -118.24 34.06, -118.24 34.04, -118.25 34.05)), ((-118.22 34.03, -118.21 34.04, -118.21 34.02, -118.22 34.03))), MULTIPOLYGON (((-95.36 29.76, -95.35 29.77, -95.34 29.76, -95.35 29.75, -95.36 29.76)), ((-95.40 29.72, -95.39 29.73, -95.38 29.72, -95.39 29.71, -95.40 29.72)))",multi-polygon
parcel_boundary_wkt,"MULTIPOLYGON (((-112.074 33.449, -112.073 33.449, -112.073 33.448, -112.074 33.448, -112.074 33.449)), ((-112.071 33.451, -112.070 33.451, -112.070 33.450, -112.071 33.450, -112.071 33.451))), MULTIPOLYGON (((-75.165 39.953, -75.164 39.953, -75.164 39.952, -75.165 39.952, -75.165 39.953)), ((-75.160 39.950, -75.159 39.950, -75.159 39.949, -75.160 39.949, -75.160 39.950))), MULTIPOLYGON (((-98.493 29.424, -98.492 29.424, -98.492 29.423, -98.493 29.423, -98.493 29.424)), ((-98.490 29.427, -98.489 29.427, -98.489 29.426, -98.490 29.426, -98.490 29.427)))",multi-polygon
WKT_GEOMETRY,"MULTIPOLYGON (((-80.25 25.77, -80.24 25.78, -80.23 25.77, -80.24 25.76, -80.25 25.77)), ((-80.28 25.80, -80.27 25.81, -80.26 25.80, -80.27 25.79, -80.28 25.80))), MULTIPOLYGON (((-93.28 44.98, -93.27 44.99, -93.26 44.98, -93.27 44.97, -93.28 44.98)), ((-93.30 45.01, -93.29 45.02, -93.28 45.01, -93.29 45.00, -93.30 45.01))), MULTIPOLYGON (((-122.40 47.60, -122.39 47.61, -122.38 47.60, -122.39 47.59, -122.40 47.60)), ((-122.43 47.58, -122.42 47.59, -122.41 47.58, -122.42 47.57, -122.43 47.58)))",multi-polygon
shape,"MULTIPOLYGON (((-71.060 42.358, -71.059 42.358, -71.059 42.357, -71.058 42.357, -71.058 42.356, -71.060 42.356, -71.060 42.358)), ((-71.062 42.360, -71.061 42.360, -71.061 42.359, -71.062 42.359, -71.062 42.360))), MULTIPOLYGON (((-104.99 39.74, -104.98 39.75, -104.97 39.74, -104.98 39.73, -104.99 39.74)), ((-105.01 39.72, -105.00 39.73, -104.99 39.72, -105.00 39.71, -105.01 39.72))), MULTIPOLYGON (((-98.50 38.50, -98.48 38.50, -98.48 38.48, -98.50 38.48, -98.50 38.50)), ((-98.55 38.55, -98.53 38.55, -98.53 38.53, -98.55 38.53, -98.55 38.55)))",multi-polygon
footprint_mp,"MULTIPOLYGON (((-74.00 40.71, -73.99 40.71, -73.99 40.70, -74.00 40.70, -74.00 40.71)), ((-73.98 40.72, -73.97 40.72, -73.97 40.71, -73.98 40.71, -73.98 40.72)), ((-73.96 40.73, -73.95 40.73, -73.95 40.72, -73.96 40.72, -73.96 40.73))), MULTIPOLYGON (((-84.39 33.75, -84.38 33.75, -84.38 33.74, -84.39 33.74, -84.39 33.75)), ((-84.40 33.76, -84.39 33.76, -84.39 33.75, -84.40 33.75, -84.40 33.76))), MULTIPOLYGON (((-80.20 25.78, -80.19 25.78, -80.19 25.77, -80.20 25.77, -80.20 25.78)), ((-80.22 25.80, -80.21 25.80, -80.21 25.79, -80.22 25.79, -80.22 25.80)))",multi-polygon
wkt_geom,"MULTIPOLYGON (((-87.63 41.88, -87.63 41.89, -87.62 41.89, -87.62 41.88, -87.63 41.88)), ((-87.60 41.85, -87.60 41.86, -87.59 41.86, -87.59 41.85, -87.60 41.85))), MULTIPOLYGON (((-118.25 34.05, -118.25 34.06, -118.24 34.06, -118.24 34.05, -118.25 34.05)), ((-118.30 34.01, -118.30 34.02, -118.29 34.02, -118.29 34.01, -118.30 34.01))), MULTIPOLYGON (((-80.20 25.77, -80.20 25.78, -80.19 25.78, -80.19 25.77, -80.20 25.77)), ((-80.25 25.70, -80.25 25.71, -80.24 25.71, -80.24 25.70, -80.25 25.70)))",multi-polygon
GEOMETRY,"MULTIPOLYGON (((-97.75 30.27, -97.75 30.28, -97.74 30.28, -97.74 30.27, -97.75 30.27)), ((-97.70 30.25, -97.70 30.26, -97.69 30.26, -97.69 30.25, -97.70 30.25))), MULTIPOLYGON (((-122.33 47.61, -122.33 47.62, -122.32 47.62, -122.32 47.61, -122.33 47.61)), ((-122.35 47.65, -122.35 47.66, -122.34 47.66, -122.34 47.65, -122.35 47.65))), MULTIPOLYGON (((-104.99 39.74, -104.99 39.75, -104.98 39.75, -104.98 39.74, -104.99 39.74)), ((-105.00 39.70, -105.00 39.71, -104.99 39.71, -104.99 39.70, -105.00 39.70)))",multi-polygon
footprint_wkt,"MULTIPOLYGON (((-74.00 40.71, -74.00 40.72, -73.99 40.72, -73.99 40.715, -73.995 40.715, -73.995 40.71, -74.00 40.71)), ((-73.98 40.73, -73.98 40.74, -73.97 40.74, -73.97 40.735, -73.975 40.735, -73.975 40.73, -73.98 40.73))), MULTIPOLYGON (((-122.42 37.78, -122.41 37.79, -122.40 37.78, -122.42 37.78)), ((-122.45 37.75, -122.44 37.76, -122.43 37.75, -122.45 37.75))), MULTIPOLYGON (((-71.06 42.36, -71.06 42.37, -71.05 42.37, -71.05 42.36, -71.06 42.36)), ((-71.10 42.35, -71.10 42.34, -71.09 42.34, -71.09 42.35, -71.10 42.35)))",multi-polygon
area_of_interest,"MULTIPOLYGON (((-75.16 39.95, -75.16 39.96, -75.15 39.96, -75.15 39.95, -75.16 39.95)), ((-75.20 39.94, -75.20 39.93, -75.19 39.93, -75.19 39.94, -75.20 39.94))), MULTIPOLYGON (((-112.07 33.45, -112.07 33.46, -112.06 33.46, -112.06 33.45, -112.07 33.45)), ((-112.08 33.44, -112.08 33.43, -112.07 33.43, -112.07 33.44, -112.08 33.44))), MULTIPOLYGON (((-84.39 33.75, -84.39 33.76, -84.38 33.76, -84.38 33.75, -84.39 33.75)), ((-84.40 33.74, -84.40 33.73, -84.39 33.73, -84.39 33.74, -84.40 33.74)))",multi-polygon
shape,"MULTIPOLYGON (((-98.50 38.50, -98.50 38.51, -98.49 38.51, -98.49 38.50, -98.50 38.50)), ((-98.52 38.52, -98.52 38.53, -98.51 38.53, -98.51 38.52, -98.52 38.52)), ((-98.54 38.54, -98.54 38.55, -98.53 38.55, -98.53 38.54, -98.54 38.54))), MULTIPOLYGON (((-68.50 44.00, -68.50 44.01, -68.49 44.01, -68.49 44.00, -68.50 44.00)), ((-68.52 44.02, -68.52 44.03, -68.51 44.03, -68.51 44.02, -68.52 44.02)), ((-68.54 44.04, -68.54 44.05, -68.53 44.05, -68.53 44.04, -68.54 44.04))), MULTIPOLYGON (((-78.90 35.90, -78.90 35.91, -78.89 35.91, -78.89 35.90, -78.90 35.90)), ((-78.92 35.92, -78.92 35.93, -78.91 35.93, -78.91 35.92, -78.92 35.92)), ((-78.94 35.94, -78.94 35.95, -78.93 35.95, -78.93 35.94, -78.94 35.94)))",multi-polygon
geom,"MULTIPOLYGON (((-74.01 40.71, -74.01 40.72, -73.99 40.72, -73.99 40.71, -74.01 40.71)), ((-74.05 40.68, -74.05 40.69, -74.04 40.69, -74.04 40.68, -74.05 40.68))), MULTIPOLYGON (((-118.25 34.05, -118.25 34.06, -118.24 34.06, -118.24 34.05, -118.25 34.05)), ((-118.30 34.01, -118.30 34.02, -118.29 34.02, -118.29 34.01, -118.30 34.01))), MULTIPOLYGON (((-87.63 41.88, -87.63 41.89, -87.62 41.89, -87.62 41.88, -87.63 41.88)), ((-87.65 41.85, -87.65 41.86, -87.64 41.86, -87.64 41.85, -87.65 41.85)))",multi-polygon
wkt_geometry,"MULTIPOLYGON (((-81.791 24.553, -81.782 24.564, -81.773 24.555, -81.784 24.546, -81.791 24.553)), ((-81.705 24.566, -81.696 24.577, -81.687 24.568, -81.698 24.559, -81.705 24.566))), MULTIPOLYGON (((-122.75 48.01, -122.74 48.02, -122.73 48.01, -122.74 48.00, -122.75 48.01)), ((-122.90 48.11, -122.89 48.12, -122.88 48.11, -122.89 48.10, -122.90 48.11))), MULTIPOLYGON (((-83.45 45.92, -83.44 45.93, -83.43 45.92, -83.44 45.91, -83.45 45.92)), ((-82.80 44.12, -82.79 44.13, -82.78 44.12, -82.79 44.11, -82.80 44.12)))",multi-polygon
SHAPE,"MULTIPOLYGON (((-70.971 42.332, -70.963 42.344, -70.955 42.336, -70.967 42.328, -70.971 42.332)), ((-70.952 42.353, -70.944 42.365, -70.936 42.357, -70.948 42.349, -70.952 42.353))), MULTIPOLYGON (((-122.401 37.781, -122.399 37.783, -122.397 37.781, -122.399 37.779, -122.401 37.781)), ((-122.395 37.805, -122.393 37.807, -122.391 37.805, -122.393 37.803, -122.395 37.805)), ((-122.41 37.76, -122.40 37.77, -122.39 37.76, -122.40 37.75, -122.41 37.76))), MULTIPOLYGON (((-95.3698 29.7604, -95.3698 29.7608, -95.3695 29.7608, -95.3695 29.7604, -95.3698 29.7604)), ((-95.3750 29.7550, -95.3750 29.7554, -95.3747 29.7554, -95.3747 29.7550, -95.3750 29.7550)))",multi-polygon
boundary_multipolygon,"MULTIPOLYGON (((-111.931 33.421, -111.931 33.425, -111.928 33.425, -111.928 33.421, -111.931 33.421)), ((-112.075 33.448, -112.075 33.450, -112.073 33.450, -112.073 33.448, -112.075 33.448))), MULTIPOLYGON (((-104.994 39.740, -104.994 39.745, -104.990 39.745, -104.990 39.740, -104.994 39.740)), ((-105.050 39.760, -105.050 39.765, -105.045 39.765, -105.045 39.760, -105.050 39.760))), MULTIPOLYGON (((-84.390 33.750, -84.390 33.755, -84.385 33.755, -84.385 33.750, -84.390 33.750)), ((-84.450 33.800, -84.450 33.805, -84.445 33.805, -84.445 33.800, -84.450 33.800)))",multi-polygon
the_geom,"MULTIPOLYGON (((-93.2201 44.9705, -93.2201 44.9708, -93.2198 44.9708, -93.2198 44.9705, -93.2201 44.9705)), ((-93.2215 44.9712, -93.2215 44.9714, -93.2213 44.9714, -93.2213 44.9712, -93.2215 44.9712))), MULTIPOLYGON (((-121.8863 37.3382, -121.8863 37.3385, -121.8860 37.3385, -121.8860 37.3382, -121.8863 37.3382)), ((-121.8870 37.3390, -121.8870 37.3392, -121.8868 37.3392, -121.8868 37.3390, -121.8870 37.3390))), MULTIPOLYGON (((-122.6750 45.5200, -122.6750 45.5203, -122.6747 45.5203, -122.6747 45.5200, -122.6750 45.5200)), ((-122.6800 45.5230, -122.6800 45.5233, -122.6797 45.5233, -122.6797 45.5230, -122.6800 45.5230)))",multi-polygon
geometry,"MULTIPOLYGON (((-118.25 34.05, -118.20 34.05, -118.20 34.00, -118.25 34.00, -118.25 34.05)), ((-122.42 37.77, -122.40 37.77, -122.40 37.75, -122.42 37.75, -122.42 37.77))), MULTIPOLYGON (((-95.36 29.76, -95.30 29.76, -95.30 29.70, -95.36 29.70, -95.36 29.76)), ((-96.80 32.78, -96.75 32.78, -96.75 32.73, -96.80 32.73, -96.80 32.78))), MULTIPOLYGON (((-80.20 25.77, -80.15 25.77, -80.15 25.72, -80.20 25.72, -80.20 25.77)), ((-81.38 28.54, -81.33 28.54, -81.33 28.49, -81.38 28.49, -81.38 28.54)))",multi-polygon
wkt_multipolygon,"MULTIPOLYGON (((-74.00 40.74, -73.98 40.76, -73.97 40.75, -73.99 40.73, -74.00 40.74)), ((-73.96 40.68, -73.94 40.69, -73.93 40.67, -73.95 40.66, -73.96 40.68))), MULTIPOLYGON (((-87.65 41.90, -87.64 41.90, -87.64 41.89, -87.65 41.89, -87.65 41.90)), ((-87.68 41.88, -87.67 41.88, -87.67 41.87, -87.68 41.87, -87.68 41.88)), ((-87.63 41.85, -87.62 41.85, -87.62 41.84, -87.63 41.84, -87.63 41.85))), MULTIPOLYGON (((-122.33 47.61, -122.30 47.62, -122.31 47.59, -122.33 47.61)), ((-122.44 47.25, -122.42 47.26, -122.43 47.23, -122.44 47.25)))",multi-polygon
SHAPE,"MULTIPOLYGON (((-105.1 39.7, -105.0 39.7, -105.0 39.6, -105.1 39.6, -105.1 39.7)), ((-104.9 39.8, -104.8 39.8, -104.8 39.75, -104.9 39.75, -104.9 39.8))), MULTIPOLYGON (((-112.074 33.448, -112.070 33.448, -112.070 33.444, -112.074 33.444, -112.074 33.448)), ((-111.926 33.422, -111.920 33.422, -111.920 33.418, -111.926 33.418, -111.926 33.422))), MULTIPOLYGON (((-75.165 39.952, -75.160 39.952, -75.160 39.948, -75.165 39.948, -75.165 39.952)), ((-80.00 40.44, -79.99 40.44, -79.99 40.43, -80.00 40.43, -80.00 40.44)))",multi-polygon
boundary_geom,"MULTIPOLYGON (((-71.06 42.36, -71.05 42.37, -71.04 42.36, -71.05 42.35, -71.06 42.36)), ((-72.59 42.10, -72.58 42.11, -72.57 42.10, -72.58 42.09, -72.59 42.10))), MULTIPOLYGON (((-122.67 45.52, -122.66 45.52, -122.66 45.51, -122.67 45.51, -122.67 45.52)), ((-123.03 44.94, -123.02 44.94, -123.02 44.93, -123.03 44.93, -123.03 44.94))), MULTIPOLYGON (((-84.39 33.75, -84.38 33.76, -84.37 33.75, -84.38 33.74, -84.39 33.75)), ((-83.36 33.95, -83.35 33.96, -83.34 33.95, -83.35 33.94, -83.36 33.95)))",multi-polygon
the_geom,"MULTIPOLYGON (((-78.64 35.78, -78.63 35.79, -78.62 35.78, -78.63 35.77, -78.64 35.78)), ((-80.84 35.23, -80.83 35.24, -80.82 35.23, -80.83 35.22, -80.84 35.23))), MULTIPOLYGON (((-83.05 42.33, -83.04 42.34, -83.03 42.33, -83.04 42.32, -83.05 42.33)), ((-85.67 42.96, -85.66 42.97, -85.65 42.96, -85.66 42.95, -85.67 42.96))), MULTIPOLYGON (((-115.14 36.17, -115.13 36.18, -115.12 36.17, -115.13 36.16, -115.14 36.17)), ((-119.77 39.53, -119.76 39.54, -119.75 39.53, -119.76 39.52, -119.77 39.53)))",multi-polygon
multipolygon,"MULTIPOLYGON (((-118.3 34.1, -118.2 34.1, -118.2 34.0, -118.3 34.0, -118.3 34.1)), ((-118.5 34.2, -118.4 34.2, -118.4 34.1, -118.5 34.1, -118.5 34.2))), MULTIPOLYGON (((-95.4 29.8, -95.3 29.8, -95.3 29.7, -95.4 29.7, -95.4 29.8)), ((-95.6 29.9, -95.5 29.9, -95.5 29.8, -95.6 29.8, -95.6 29.9))), MULTIPOLYGON (((-71.1 42.4, -71.0 42.4, -71.0 42.3, -71.1 42.3, -71.1 42.4)), ((-71.3 42.5, -71.2 42.5, -71.2 42.4, -71.3 42.4, -71.3 42.5)))",multi-polygon
geom,"MULTIPOLYGON (((-87.7 41.9, -87.6 41.9, -87.6 41.8, -87.7 41.8, -87.7 41.9)), ((-87.9 42.0, -87.8 42.0, -87.8 41.9, -87.9 41.9, -87.9 42.0))), MULTIPOLYGON (((-122.3 47.6, -122.2 47.6, -122.2 47.5, -122.3 47.5, -122.3 47.6)), ((-122.5 47.7, -122.4 47.7, -122.4 47.6, -122.5 47.6, -122.5 47.7))), MULTIPOLYGON (((-80.2 25.8, -80.1 25.8, -80.1 25.7, -80.2 25.7, -80.2 25.8)), ((-80.4 25.9, -80.3 25.9, -80.3 25.8, -80.4 25.8, -80.4 25.9)))",multi-polygon
WKT_GEOMETRY,"MULTIPOLYGON (((-74.0 40.7, -73.9 40.7, -73.9 40.6, -74.0 40.6, -74.0 40.7)), ((-74.2 40.8, -74.1 40.8, -74.1 40.7, -74.2 40.7, -74.2 40.8))), MULTIPOLYGON (((-112.1 33.5, -112.0 33.5, -112.0 33.4, -112.1 33.4, -112.1 33.5)), ((-111.9 33.6, -111.8 33.6, -111.8 33.5, -111.9 33.5, -111.9 33.6))), MULTIPOLYGON (((-105.0 39.7, -104.9 39.7, -104.9 39.6, -105.0 39.6, -105.0 39.7)), ((-105.2 39.8, -105.1 39.8, -105.1 39.7, -105.2 39.7, -105.2 39.8)))",multi-polygon
footprint_wkt,"MULTIPOLYGON (((-75.2 40.0, -75.1 40.0, -75.1 39.9, -75.2 39.9, -75.2 40.0)), ((-75.4 40.1, -75.3 40.1, -75.3 40.0, -75.4 40.0, -75.4 40.1))), MULTIPOLYGON (((-84.4 33.8, -84.3 33.8, -84.3 33.7, -84.4 33.7, -84.4 33.8)), ((-84.6 33.9, -84.5 33.9, -84.5 33.8, -84.6 33.8, -84.6 33.9))), MULTIPOLYGON (((-90.1 38.6, -90.0 38.6, -90.0 38.5, -90.1 38.5, -90.1 38.6)), ((-90.3 38.7, -90.2 38.7, -90.2 38.6, -90.3 38.6, -90.3 38.7)))",multi-polygon
the_geom_multipolygon,"MULTIPOLYGON (((-121.5 38.6, -121.4 38.6, -121.4 38.5, -121.5 38.5, -121.5 38.6)), ((-121.7 38.7, -121.6 38.7, -121.6 38.6, -121.7 38.6, -121.7 38.7))), MULTIPOLYGON (((-77.0 38.9, -76.9 38.9, -76.9 38.8, -77.0 38.8, -77.0 38.9)), ((-77.2 39.0, -77.1 39.0, -77.1 38.9, -77.2 38.9, -77.2 39.0))), MULTIPOLYGON (((-97.7 30.3, -97.6 30.3, -97.6 30.2, -97.7 30.2, -97.7 30.3)), ((-97.9 30.4, -97.8 30.4, -97.8 30.3, -97.9 30.3, -97.9 30.4)))",multi-polygon
geom,"MULTIPOLYGON (((-74.01 40.71, -74.01 40.72, -74.00 40.72, -74.00 40.71, -74.01 40.71)), ((-73.98 40.75, -73.98 40.76, -73.97 40.76, -73.97 40.75, -73.98 40.75))), MULTIPOLYGON (((-118.24 34.05, -118.24 34.06, -118.23 34.06, -118.23 34.05, -118.24 34.05)), ((-118.40 34.07, -118.40 34.08, -118.39 34.08, -118.39 34.07, -118.40 34.07))), MULTIPOLYGON (((-87.62 41.87, -87.62 41.88, -87.61 41.88, -87.61 41.87, -87.62 41.87)), ((-87.90 41.97, -87.90 41.98, -87.89 41.98, -87.89 41.97, -87.90 41.97)))",multi-polygon
parcel_boundaries,"MULTIPOLYGON (((-97.74 30.26, -97.74 30.27, -97.73 30.27, -97.73 30.26, -97.74 30.26)), ((-97.75 30.28, -97.75 30.29, -97.74 30.29, -97.74 30.28, -97.75 30.28))), MULTIPOLYGON (((-95.36 29.76, -95.36 29.77, -95.35 29.77, -95.35 29.76, -95.36 29.76)), ((-95.38 29.74, -95.38 29.75, -95.37 29.75, -95.37 29.74, -95.38 29.74))), MULTIPOLYGON (((-96.79 32.77, -96.79 32.78, -96.78 32.78, -96.78 32.77, -96.79 32.77)), ((-96.80 32.79, -96.80 32.80, -96.79 32.80, -96.79 32.79, -96.80 32.79)))",multi-polygon
SHAPE,"MULTIPOLYGON (((-80.19 25.76, -80.19 25.77, -80.18 25.77, -80.18 25.76, -80.19 25.76)), ((-80.13 25.79, -80.13 25.80, -80.12 25.80, -80.12 25.79, -80.13 25.79))), MULTIPOLYGON (((-81.77 24.55, -81.77 24.56, -81.76 24.56, -81.76 24.55, -81.77 24.55)), ((-81.80 24.54, -81.80 24.55, -81.79 24.55, -81.79 24.54, -81.80 24.54))), MULTIPOLYGON (((-82.45 27.95, -82.45 27.96, -82.44 27.96, -82.44 27.95, -82.45 27.95)), ((-82.53 28.04, -82.53 28.05, -82.52 28.05, -82.52 28.04, -82.53 28.04)))",multi-polygon
wkt_multipolygon,"MULTIPOLYGON (((-122.41 37.77, -122.41 37.78, -122.40 37.78, -122.40 37.77, -122.41 37.77)), ((-122.43 37.75, -122.43 37.76, -122.42 37.76, -122.42 37.75, -122.43 37.75))), MULTIPOLYGON (((-122.27 37.87, -122.27 37.88, -122.26 37.88, -122.26 37.87, -122.27 37.87)), ((-122.29 37.80, -122.29 37.81, -122.28 37.81, -122.28 37.80, -122.29 37.80))), MULTIPOLYGON (((-121.49 38.58, -121.49 38.59, -121.48 38.59, -121.48 38.58, -121.49 38.58)), ((-121.50 38.57, -121.50 38.58, -121.49 38.58, -121.49 38.57, -121.50 38.57)))",multi-polygon
zone_geom,"MULTIPOLYGON (((-71.06 42.36, -71.06 42.37, -71.05 42.37, -71.05 42.36, -71.06 42.36)), ((-71.09 42.34, -71.09 42.35, -71.08 42.35, -71.08 42.34, -71.09 42.34))), MULTIPOLYGON (((-73.96 40.78, -73.96 40.79, -73.95 40.79, -73.95 40.78, -73.96 40.78)), ((-73.99 40.75, -73.99 40.76, -73.98 40.76, -73.98 40.75, -73.99 40.75))), MULTIPOLYGON (((-75.16 39.95, -75.16 39.96, -75.15 39.96, -75.15 39.95, -75.16 39.95)), ((-75.17 39.94, -75.17 39.95, -75.16 39.95, -75.16 39.94, -75.17 39.94)))",multi-polygon
geom,"MULTIPOLYGON (((-118.25 34.05, -118.20 34.05, -118.20 34.10, -118.25 34.10, -118.25 34.05)), ((-122.42 37.77, -122.38 37.77, -122.38 37.80, -122.42 37.80, -122.42 37.77))), MULTIPOLYGON (((-97.74 30.26, -97.70 30.26, -97.70 30.30, -97.74 30.30, -97.74 30.26)), ((-95.36 29.76, -95.32 29.76, -95.32 29.80, -95.36 29.80, -95.36 29.76))), MULTIPOLYGON (((-82.45 27.95, -82.40 27.95, -82.40 28.00, -82.45 28.00, -82.45 27.95)), ((-80.19 25.76, -80.15 25.76, -80.15 25.80, -80.19 25.80, -80.19 25.76)))",multi-polygon
WKT_GEOMETRY,"MULTIPOLYGON (((-71.0589 42.3601, -71.0580 42.3601, -71.0580 42.3610, -71.0589 42.3610, -71.0589 42.3601)), ((-71.0689 42.3701, -71.0680 42.3701, -71.0680 42.3710, -71.0689 42.3710, -71.0689 42.3701))), MULTIPOLYGON (((-87.6298 41.8781, -87.6290 41.8781, -87.6290 41.8790, -87.6298 41.8790, -87.6298 41.8781)), ((-87.6398 41.8881, -87.6390 41.8881, -87.6390 41.8890, -87.6398 41.8890, -87.6398 41.8881))), MULTIPOLYGON (((-122.3321 47.6062, -122.3311 47.6062, -122.3311 47.6072, -122.3321 47.6072, -122.3321 47.6062)), ((-122.6784 45.5152, -122.6774 45.5152, -122.6774 45.5162, -122.6784 45.5162, -122.6784 45.5152)))",multi-polygon
SHAPE,"MULTIPOLYGON (((-74.0060 40.7128, -74.0050 40.7128, -74.0050 40.7138, -74.0060 40.7138, -74.0060 40.7128)), ((-73.9857 40.7484, -73.9847 40.7484, -73.9847 40.7494, -73.9857 40.7494, -73.9857 40.7484))), MULTIPOLYGON (((-104.9903 39.7392, -104.9893 39.7392, -104.9893 39.7402, -104.9903 39.7402, -104.9903 39.7392)), ((-104.9913 39.7492, -104.9903 39.7492, -104.9903 39.7502, -104.9913 39.7502, -104.9913 39.7492))), MULTIPOLYGON (((-117.1611 32.7157, -117.1601 32.7157, -117.1601 32.7167, -117.1611 32.7167, -117.1611 32.7157)), ((-117.1711 32.7257, -117.1701 32.7257, -117.1701 32.7267, -117.1711 32.7267, -117.1711 32.7257)))",multi-polygon
footprint_wkt,"MULTIPOLYGON (((-90.0715 29.9511, -90.0705 29.9511, -90.0705 29.9521, -90.0715 29.9521, -90.0715 29.9511)), ((-90.0815 29.9611, -90.0805 29.9611, -90.0805 29.9621, -90.0815 29.9621, -90.0815 29.9611))), MULTIPOLYGON (((-84.3880 33.7490, -84.3870 33.7490, -84.3870 33.7500, -84.3880 33.7500, -84.3880 33.7490)), ((-84.3980 33.7590, -84.3970 33.7590, -84.3970 33.7600, -84.3980 33.7600, -84.3980 33.7590), (-84.3977 33.7593, -84.3973 33.7593, -84.3973 33.7597, -84.3977 33.7597, -84.3977 33.7593))), MULTIPOLYGON (((-112.0740 33.4484, -112.0730 33.4484, -112.0730 33.4494, -112.0740 33.4494, -112.0740 33.4484)), ((-112.0840 33.4584, -112.0830 33.4584, -112.0830 33.4594, -112.0840 33.4594, -112.0840 33.4584)))",multi-polygon
mpoly_geom,"MULTIPOLYGON (((-95.9928 36.1539, -95.9918 36.1539, -95.9918 36.1549, -95.9928 36.1549, -95.9928 36.1539)), ((-96.0028 36.1639, -96.0018 36.1639, -96.0018 36.1649, -96.0028 36.1649, -96.0028 36.1639))), MULTIPOLYGON (((-75.1652 39.9526, -75.1642 39.9526, -75.1642 39.9536, -75.1652 39.9536, -75.1652 39.9526)), ((-75.1752 39.9626, -75.1742 39.9626, -75.1742 39.9636, -75.1752 39.9636, -75.1752 39.9626))), MULTIPOLYGON (((-78.6389 35.7796, -78.6380 35.7796, -78.6380 35.7806, -78.6389 35.7806, -78.6389 35.7796)), ((-78.6489 35.7896, -78.6480 35.7896, -78.6480 35.7906, -78.6489 35.7906, -78.6489 35.7896)))",multi-polygon
geom,"MULTIPOLYGON (((-74.01 40.71, -74.01 40.72, -74.00 40.72, -74.00 40.71, -74.01 40.71)), ((-73.99 40.73, -73.99 40.74, -73.98 40.74, -73.98 40.73, -73.99 40.73))), MULTIPOLYGON (((-118.25 34.05, -118.25 34.06, -118.24 34.06, -118.24 34.05, -118.25 34.05)), ((-118.27 34.07, -118.27 34.08, -118.26 34.08, -118.26 34.07, -118.27 34.07))), MULTIPOLYGON (((-87.63 41.88, -87.63 41.89, -87.62 41.89, -87.62 41.88, -87.63 41.88)), ((-87.65 41.86, -87.65 41.87, -87.64 41.87, -87.64 41.86, -87.65 41.86)))",multi-polygon
wkt_geometry,"MULTIPOLYGON (((-80.19 25.76, -80.19 25.77, -80.18 25.77, -80.18 25.76, -80.19 25.76)), ((-80.21 25.78, -80.21 25.79, -80.20 25.79, -80.20 25.78, -80.21 25.78))), MULTIPOLYGON (((-122.33 47.61, -122.33 47.62, -122.32 47.62, -122.32 47.61, -122.33 47.61)), ((-122.35 47.63, -122.35 47.64, -122.34 47.64, -122.34 47.63, -122.35 47.63))), MULTIPOLYGON (((-95.37 29.76, -95.37 29.77, -95.36 29.77, -95.36 29.76, -95.37 29.76)), ((-95.39 29.74, -95.39 29.75, -95.38 29.75, -95.38 29.74, -95.39 29.74)))",multi-polygon
SHAPE,"MULTIPOLYGON (((-75.16 39.95, -75.16 39.96, -75.15 39.96, -75.15 39.95, -75.16 39.95)), ((-75.18 39.93, -75.18 39.94, -75.17 39.94, -75.17 39.93, -75.18 39.93))), MULTIPOLYGON (((-112.07 33.45, -112.07 33.46, -112.06 33.46, -112.06 33.45, -112.07 33.45)), ((-112.09 33.47, -112.09 33.48, -112.08 33.48, -112.08 33.47, -112.09 33.47))), MULTIPOLYGON (((-104.99 39.74, -104.99 39.75, -104.98 39.75, -104.98 39.74, -104.99 39.74)), ((-105.01 39.72, -105.01 39.73, -105.00 39.73, -105.00 39.72, -105.01 39.72)))",multi-polygon
parcel_boundary,"MULTIPOLYGON (((-97.75 30.27, -97.75 30.28, -97.74 30.28, -97.74 30.27, -97.75 30.27)), ((-97.77 30.25, -97.77 30.26, -97.76 30.26, -97.76 30.25, -97.77 30.25))), MULTIPOLYGON (((-71.06 42.36, -71.06 42.37, -71.05 42.37, -71.05 42.36, -71.06 42.36)), ((-71.08 42.34, -71.08 42.35, -71.07 42.35, -71.07 42.34, -71.08 42.34))), MULTIPOLYGON (((-122.42 37.77, -122.42 37.78, -122.41 37.78, -122.41 37.77, -122.42 37.77)), ((-122.44 37.75, -122.44 37.76, -122.43 37.76, -122.43 37.75, -122.44 37.75)))",multi-polygon
zone_multipolygons,"MULTIPOLYGON (((-84.39 33.75, -84.39 33.76, -84.38 33.76, -84.38 33.75, -84.39 33.75)), ((-84.41 33.73, -84.41 33.74, -84.40 33.74, -84.40 33.73, -84.41 33.73))), MULTIPOLYGON (((-90.07 29.95, -90.07 29.96, -90.06 29.96, -90.06 29.95, -90.07 29.95)), ((-90.09 29.93, -90.09 29.94, -90.08 29.94, -90.08 29.93, -90.09 29.93)), ((-90.11 29.91, -90.11 29.92, -90.10 29.92, -90.10 29.91, -90.11 29.91))), MULTIPOLYGON (((-77.04 38.90, -77.04 38.91, -77.03 38.91, -77.03 38.90, -77.04 38.90)), ((-77.06 38.88, -77.06 38.89, -77.05 38.89, -77.05 38.88, -77.06 38.88)))",multi-polygon
geometry,"MULTIPOLYGON (((-118.3 34.1, -118.2 34.1, -118.25 34.2, -118.3 34.1)), ((-118.5 34.3, -118.4 34.3, -118.45 34.4, -118.5 34.3))), MULTIPOLYGON (((-95.5 29.7, -95.4 29.7, -95.4 29.8, -95.5 29.8, -95.5 29.7)), ((-95.6 29.9, -95.5 29.9, -95.5 30.0, -95.6 30.0, -95.6 29.9))), MULTIPOLYGON (((-71.0 42.3, -71.1 42.3, -71.05 42.4, -71.0 42.3)), ((-71.2 42.5, -71.3 42.5, -71.25 42.6, -71.2 42.5)))",multi-polygon
wkt_shape,"MULTIPOLYGON (((-87.62 41.87, -87.63 41.87, -87.63 41.88, -87.62 41.88, -87.62 41.87)), ((-87.65 41.90, -87.66 41.90, -87.66 41.91, -87.65 41.91, -87.65 41.90))), MULTIPOLYGON (((-122.4 47.6, -122.3 47.6, -122.3 47.7, -122.4 47.7, -122.4 47.6)), ((-122.2 47.5, -122.1 47.5, -122.1 47.6, -122.2 47.6, -122.2 47.5))), MULTIPOLYGON (((-90.07 29.95, -90.08 29.95, -90.08 29.96, -90.07 29.96, -90.07 29.95)), ((-90.10 29.97, -90.11 29.97, -90.11 29.98, -90.10 29.98, -90.10 29.97)))",multi-polygon
SHAPE,"MULTIPOLYGON (((-74.00 40.70, -74.01 40.70, -74.01 40.71, -74.00 40.71, -74.00 40.70)), ((-73.98 40.72, -73.99 40.72, -73.99 40.73, -73.98 40.73, -73.98 40.72))), MULTIPOLYGON (((-84.38 33.74, -84.39 33.74, -84.39 33.75, -84.38 33.75, -84.38 33.74)), ((-84.40 33.76, -84.41 33.76, -84.41 33.77, -84.40 33.77, -84.40 33.76))), MULTIPOLYGON (((-104.99 39.73, -105.00 39.73, -105.00 39.74, -104.99 39.74, -104.99 39.73)), ((-104.97 39.75, -104.98 39.75, -104.98 39.76, -104.97 39.76, -104.97 39.75)))",multi-polygon
geom_multipolygon,"MULTIPOLYGON (((-111.9 40.7, -112.0 40.7, -111.95 40.8, -111.9 40.7)), ((-111.8 40.9, -111.9 40.9, -111.85 41.0, -111.8 40.9))), MULTIPOLYGON (((-77.03 38.90, -77.04 38.90, -77.04 38.91, -77.03 38.91, -77.03 38.90)), ((-77.01 38.88, -77.02 38.88, -77.02 38.89, -77.01 38.89, -77.01 38.88))), MULTIPOLYGON (((-81.65 28.53, -81.66 28.53, -81.66 28.54, -81.65 28.54, -81.65 28.53)), ((-81.68 28.55, -81.69 28.55, -81.69 28.56, -81.68 28.56, -81.68 28.55)))",multi-polygon
parcel_boundary_mp,"MULTIPOLYGON (((-97.74 30.26, -97.75 30.26, -97.75 30.27, -97.74 30.27, -97.74 30.26)), ((-97.76 30.28, -97.77 30.28, -97.77 30.29, -97.76 30.29, -97.76 30.28))), MULTIPOLYGON (((-121.49 38.58, -121.50 38.58, -121.50 38.59, -121.49 38.59, -121.49 38.58)), ((-121.51 38.60, -121.52 38.60, -121.52 38.61, -121.51 38.61, -121.51 38.60))), MULTIPOLYGON (((-83.04 39.96, -83.05 39.96, -83.05 39.97, -83.04 39.97, -83.04 39.96)), ((-83.06 39.98, -83.07 39.98, -83.07 39.99, -83.06 39.99, -83.06 39.98)))",multi-polygon
wkt_geom,"MULTIPOLYGON (((-74.01 40.71, -74.01 40.72, -74.00 40.72, -74.00 40.71, -74.01 40.71)), ((-73.99 40.73, -73.99 40.74, -73.98 40.74, -73.98 40.73, -73.99 40.73))), MULTIPOLYGON (((-118.25 34.05, -118.25 34.06, -118.24 34.06, -118.24 34.05, -118.25 34.05)), ((-118.27 34.03, -118.27 34.04, -118.26 34.04, -118.26 34.03, -118.27 34.03))), MULTIPOLYGON (((-87.63 41.88, -87.63 41.89, -87.62 41.89, -87.62 41.88, -87.63 41.88)), ((-87.65 41.86, -87.65 41.87, -87.64 41.87, -87.64 41.86, -87.65 41.86)))",multi-polygon
footprint,"MULTIPOLYGON (((-95.36 29.76, -95.36 29.77, -95.35 29.77, -95.35 29.76, -95.36 29.76)), ((-95.38 29.74, -95.38 29.75, -95.37 29.75, -95.37 29.74, -95.38 29.74))), MULTIPOLYGON (((-80.19 25.77, -80.19 25.78, -80.18 25.78, -80.18 25.77, -80.19 25.77)), ((-80.21 25.75, -80.21 25.76, -80.20 25.76, -80.20 25.75, -80.21 25.75))), MULTIPOLYGON (((-122.42 37.77, -122.42 37.78, -122.41 37.78, -122.41 37.77, -122.42 37.77)), ((-122.44 37.75, -122.44 37.76, -122.43 37.76, -122.43 37.75, -122.44 37.75)))",multi-polygon
GEOMETRY,"MULTIPOLYGON (((-71.06 42.36, -71.06 42.37, -71.05 42.37, -71.05 42.36, -71.06 42.36)), ((-71.08 42.34, -71.08 42.35, -71.07 42.35, -71.07 42.34, -71.08 42.34))), MULTIPOLYGON (((-104.99 39.74, -104.99 39.75, -104.98 39.75, -104.98 39.74, -104.99 39.74)), ((-105.01 39.72, -105.01 39.73, -105.00 39.73, -105.00 39.72, -105.01 39.72))), MULTIPOLYGON (((-90.07 29.95, -90.07 29.96, -90.06 29.96, -90.06 29.95, -90.07 29.95)), ((-90.09 29.93, -90.09 29.94, -90.08 29.94, -90.08 29.93, -90.09 29.93)))",multi-polygon
shape,"MULTIPOLYGON (((-122.68 45.52, -122.68 45.53, -122.67 45.53, -122.67 45.52, -122.68 45.52)), ((-122.70 45.50, -122.70 45.51, -122.69 45.51, -122.69 45.50, -122.70 45.50))), MULTIPOLYGON (((-77.04 38.90, -77.04 38.91, -77.03 38.91, -77.03 38.90, -77.04 38.90)), ((-77.06 38.88, -77.06 38.89, -77.05 38.89, -77.05 38.88, -77.06 38.88)), ((-77.02 38.92, -77.02 38.93, -77.01 38.93, -77.01 38.92, -77.02 38.92))), MULTIPOLYGON (((-112.07 33.45, -112.07 33.46, -112.06 33.46, -112.06 33.45, -112.07 33.45)), ((-112.09 33.43, -112.09 33.44, -112.08 33.44, -112.08 33.43, -112.09 33.43)))",multi-polygon
boundary_multipolygon,"MULTIPOLYGON (((-84.39 33.75, -84.39 33.76, -84.38 33.76, -84.38 33.75, -84.39 33.75)), ((-84.41 33.73, -84.41 33.74, -84.40 33.74, -84.40 33.73, -84.41 33.73))), MULTIPOLYGON (((-97.74 30.27, -97.74 30.28, -97.73 30.28, -97.73 30.27, -97.74 30.27)), ((-97.76 30.25, -97.76 30.26, -97.75 30.26, -97.75 30.25, -97.76 30.25))), MULTIPOLYGON (((-122.33 47.61, -122.33 47.62, -122.32 47.62, -122.32 47.61, -122.33 47.61)), ((-122.35 47.59, -122.35 47.60, -122.34 47.60, -122.34 47.59, -122.35 47.59)))",multi-polygon
shape,"MULTIPOLYGON (((-97.74 30.26, -97.75 30.26, -97.75 30.27, -97.74 30.27, -97.74 30.26)), ((-97.72 30.28, -97.73 30.28, -97.73 30.29, -97.72 30.29, -97.72 30.28))), MULTIPOLYGON (((-81.65 30.33, -81.66 30.33, -81.66 30.34, -81.65 30.34, -81.65 30.33)), ((-81.63 30.35, -81.64 30.35, -81.64 30.36, -81.63 30.36, -81.63 30.35))), MULTIPOLYGON (((-118.24 34.05, -118.25 34.05, -118.25 34.06, -118.24 34.06, -118.24 34.05)), ((-118.22 34.07, -118.23 34.07, -118.23 34.08, -118.22 34.08, -118.22 34.07)))",multi-polygon
WKT_GEOMETRY,"MULTIPOLYGON (((-87.629 41.878, -87.639 41.878, -87.639 41.888, -87.629 41.888, -87.629 41.878)), ((-87.65 41.89, -87.66 41.89, -87.66 41.90, -87.65 41.90, -87.65 41.89))), MULTIPOLYGON (((-74.00 40.71, -74.01 40.71, -74.01 40.72, -74.00 40.72, -74.00 40.71)), ((-73.98 40.73, -73.99 40.73, -73.99 40.74, -73.98 40.74, -73.98 40.73))), MULTIPOLYGON (((-122.33 47.60, -122.34 47.60, -122.34 47.61, -122.33 47.61, -122.33 47.60)), ((-122.31 47.62, -122.32 47.62, -122.32 47.63, -122.31 47.63, -122.31 47.62)))",multi-polygon
multipolygon_geom,"MULTIPOLYGON (((-104.9 39.7, -105.0 39.7, -105.0 39.8, -104.9 39.8, -104.9 39.7),(-104.95 39.72, -104.97 39.72, -104.97 39.74, -104.95 39.74, -104.95 39.72)), ((-105.1 39.9, -105.2 39.9, -105.2 40.0, -105.1 40.0, -105.1 39.9))), MULTIPOLYGON (((-112.0 33.4, -112.1 33.4, -112.1 33.5, -112.0 33.5, -112.0 33.4)), ((-111.9 33.6, -111.8 33.6, -111.8 33.7, -111.9 33.7, -111.9 33.6))), MULTIPOLYGON (((-75.16 39.95, -75.17 39.95, -75.17 39.96, -75.16 39.96, -75.16 39.95)), ((-75.20 40.00, -75.21 40.00, -75.21 40.01, -75.20 40.01, -75.20 40.00)))",multi-polygon
geom,"MULTIPOLYGON (((-122.67 45.52, -122.68 45.52, -122.67 45.53, -122.67 45.52)), ((-122.70 45.50, -122.71 45.51, -122.70 45.51, -122.70 45.50))), MULTIPOLYGON (((-84.38 33.74, -84.39 33.75, -84.38 33.75, -84.38 33.74)), ((-84.40 33.76, -84.41 33.76, -84.40 33.77, -84.40 33.76))), MULTIPOLYGON (((-83.04 42.33, -83.05 42.33, -83.05 42.34, -83.04 42.33)), ((-83.07 42.35, -83.08 42.36, -83.07 42.36, -83.07 42.35)))",multi-polygon
boundaries,"MULTIPOLYGON (((-78.63 35.77, -78.64 35.77, -78.64 35.78, -78.63 35.78, -78.63 35.77)), ((-78.60 35.80, -78.61 35.80, -78.61 35.81, -78.60 35.81, -78.60 35.80))), MULTIPOLYGON (((-71.05 42.36, -71.06 42.36, -71.06 42.37, -71.05 42.37, -71.05 42.36)), ((-71.08 42.34, -71.09 42.34, -71.09 42.35, -71.08 42.35, -71.08 42.34))), MULTIPOLYGON (((-77.03 38.90, -77.04 38.90, -77.04 38.91, -77.03 38.91, -77.03 38.90)), ((-77.01 38.88, -77.02 38.88, -77.02 38.89, -77.01 38.89, -77.01 38.88)))",multi-polygon
the_geom,"MULTIPOLYGON (((-118.25 34.05, -118.24 34.05, -118.24 34.04, -118.25 34.04, -118.25 34.05)), ((-118.23 34.03, -118.22 34.03, -118.22 34.02, -118.23 34.02, -118.23 34.03))), MULTIPOLYGON (((-122.42 37.77, -122.41 37.77, -122.41 37.76, -122.42 37.76, -122.42 37.77)), ((-122.40 37.75, -122.39 37.75, -122.39 37.74, -122.40 37.74, -122.40 37.75))), MULTIPOLYGON (((-117.16 32.71, -117.15 32.71, -117.15 32.70, -117.16 32.70, -117.16 32.71)), ((-117.14 32.69, -117.13 32.69, -117.13 32.68, -117.14 32.68, -117.14 32.69)))",multi-polygon
area_multipolygon_wkt,"MULTIPOLYGON (((-97.74 30.26, -97.73 30.27, -97.72 30.26, -97.73 30.25, -97.74 30.26)), ((-97.71 30.24, -97.70 30.25, -97.69 30.24, -97.70 30.23, -97.71 30.24))), MULTIPOLYGON (((-96.80 32.77, -96.79 32.78, -96.78 32.77, -96.79 32.76, -96.80 32.77)), ((-96.77 32.75, -96.76 32.76, -96.75 32.75, -96.76 32.74, -96.77 32.75))), MULTIPOLYGON (((-95.36 29.76, -95.35 29.77, -95.34 29.76, -95.35 29.75, -95.36 29.76)), ((-95.33 29.74, -95.32 29.75, -95.31 29.74, -95.32 29.73, -95.33 29.74)))",multi-polygon
WKT_GEOM,"MULTIPOLYGON (((-74.00 40.71, -73.99 40.71, -73.99 40.70, -74.00 40.70, -74.00 40.71)), ((-73.98 40.69, -73.97 40.69, -73.97 40.68, -73.98 40.68, -73.98 40.69)), ((-73.96 40.67, -73.95 40.67, -73.95 40.66, -73.96 40.66, -73.96 40.67))), MULTIPOLYGON (((-71.06 42.36, -71.05 42.36, -71.05 42.35, -71.06 42.35, -71.06 42.36)), ((-71.04 42.34, -71.03 42.34, -71.03 42.33, -71.04 42.33, -71.04 42.34))), MULTIPOLYGON (((-77.04 38.90, -77.03 38.90, -77.03 38.89, -77.04 38.89, -77.04 38.90)), ((-77.02 38.88, -77.01 38.88, -77.01 38.87, -77.02 38.87, -77.02 38.88)))",multi-polygon
footprint,"MULTIPOLYGON (((-87.63 41.88, -87.62 41.88, -87.62 41.87, -87.63 41.87, -87.63 41.88)), ((-87.61 41.86, -87.60 41.86, -87.60 41.85, -87.61 41.85, -87.61 41.86))), MULTIPOLYGON (((-87.90 42.00, -87.89 42.00, -87.89 41.99, -87.90 41.99, -87.90 42.00)), ((-87.88 41.98, -87.87 41.98, -87.87 41.97, -87.88 41.97, -87.88 41.98))), MULTIPOLYGON (((-90.20 38.62, -90.19 38.62, -90.19 38.61, -90.20 38.61, -90.20 38.62)), ((-90.18 38.60, -90.17 38.60, -90.17 38.59, -90.18 38.59, -90.18 38.60)))",multi-polygon
shape,"MULTIPOLYGON (((-84.39 33.75, -84.38 33.75, -84.38 33.74, -84.39 33.74, -84.39 33.75)), ((-84.37 33.73, -84.36 33.73, -84.36 33.72, -84.37 33.72, -84.37 33.73))), MULTIPOLYGON (((-80.19 25.77, -80.18 25.77, -80.18 25.76, -80.19 25.76, -80.19 25.77)), ((-80.17 25.75, -80.16 25.75, -80.16 25.74, -80.17 25.74, -80.17 25.75))), MULTIPOLYGON (((-81.65 30.33, -81.64 30.33, -81.64 30.32, -81.65 30.32, -81.65 30.33)), ((-81.63 30.31, -81.62 30.31, -81.62 30.30, -81.63 30.30, -81.63 30.31)))",multi-polygon
geom,"MULTIPOLYGON (((-122.4 37.7, -122.3 37.7, -122.3 37.8, -122.4 37.8, -122.4 37.7)), ((-122.2 37.6, -122.1 37.6, -122.1 37.7, -122.2 37.7, -122.2 37.6))), MULTIPOLYGON (((-95.4 29.7, -95.3 29.7, -95.3 29.8, -95.4 29.8, -95.4 29.7)), ((-95.2 29.6, -95.1 29.6, -95.1 29.7, -95.2 29.7, -95.2 29.6))), MULTIPOLYGON (((-81.5 26.1, -81.4 26.1, -81.4 26.2, -81.5 26.2, -81.5 26.1)), ((-81.3 26.0, -81.2 26.0, -81.2 26.1, -81.3 26.1, -81.3 26.0)))",multi-polygon
SHAPE,"MULTIPOLYGON (((-88.0 41.8, -87.9 41.8, -87.9 41.9, -88.0 41.9, -88.0 41.8)), ((-87.8 41.7, -87.7 41.7, -87.7 41.8, -87.6 41.8, -87.6 41.9, -87.8 41.9, -87.8 41.7))), MULTIPOLYGON (((-122.3 47.6, -122.2 47.6, -122.25 47.7, -122.3 47.6)), ((-122.1 47.5, -122.0 47.5, -122.0 47.6, -122.1 47.6, -122.1 47.5))), MULTIPOLYGON (((-71.1 42.3, -71.0 42.3, -71.0 42.4, -71.1 42.4, -71.1 42.3)), ((-70.9 42.2, -70.8 42.2, -70.8 42.3, -70.9 42.3, -70.9 42.2)))",multi-polygon
wkt_geometry,"MULTIPOLYGON (((-112.1 33.4, -112.0 33.4, -112.0 33.5, -112.1 33.5, -112.1 33.4)), ((-111.9 33.3, -111.8 33.3, -111.8 33.4, -111.9 33.4, -111.9 33.3)), ((-112.2 33.6, -112.1 33.6, -112.15 33.7, -112.2 33.6))), MULTIPOLYGON (((-105.0 39.7, -104.9 39.7, -104.9 39.8, -105.0 39.8, -105.0 39.7)), ((-104.8 39.6, -104.7 39.6, -104.75 39.65, -104.8 39.6))), MULTIPOLYGON (((-75.2 40.0, -75.1 40.0, -75.1 40.1, -75.2 40.1, -75.2 40.0)), ((-75.4 40.2, -75.3 40.2, -75.3 40.3, -75.4 40.3, -75.4 40.2)))",multi-polygon
multipolygon,"MULTIPOLYGON (((-74.01 40.71, -74.00 40.71, -74.00 40.72, -74.01 40.72, -74.01 40.71)), ((-73.99 40.73, -73.98 40.73, -73.98 40.74, -73.99 40.74, -73.99 40.73))), MULTIPOLYGON (((-87.653 41.88, -87.643 41.88, -87.643 41.89, -87.653 41.89, -87.653 41.88)), ((-87.63 41.87, -87.62 41.87, -87.62 41.88, -87.63 41.88, -87.63 41.87))), MULTIPOLYGON (((-118.2512 34.056, -118.2412 34.056, -118.2412 34.066, -118.2512 34.066, -118.2512 34.056)), ((-118.23 34.04, -118.22 34.04, -118.22 34.05, -118.23 34.05, -118.23 34.04)))",multi-polygon
boundary_shape,"MULTIPOLYGON (((-84.4 33.7, -84.3 33.7, -84.35 33.75, -84.4 33.8, -84.45 33.75, -84.4 33.7)), ((-84.2 33.9, -84.1 33.9, -84.1 34.0, -84.2 34.0, -84.2 33.9))), MULTIPOLYGON (((-83.1 40.0, -83.0 40.0, -83.0 40.1, -83.1 40.1, -83.1 40.0)), ((-82.9 39.9, -82.8 39.9, -82.85 39.95, -82.9 39.9))), MULTIPOLYGON (((-78.8 35.7, -78.7 35.7, -78.7 35.8, -78.8 35.8, -78.8 35.7)), ((-78.6 35.9, -78.5 35.9, -78.5 36.0, -78.6 36.0, -78.6 35.9)))",multi-polygon
wkt_geometry,"MULTIPOLYGON (((-118.25 34.05, -118.15 34.05, -118.15 34.15, -118.25 34.15, -118.25 34.05)), ((-122.45 37.75, -122.35 37.75, -122.35 37.85, -122.45 37.85, -122.45 37.75))), MULTIPOLYGON (((-95.40 29.75, -95.30 29.75, -95.30 29.85, -95.40 29.85, -95.40 29.75)), ((-96.80 32.80, -96.70 32.80, -96.70 32.90, -96.80 32.90, -96.80 32.80))), MULTIPOLYGON (((-80.2 25.8, -80.1 25.8, -80.15 25.9, -80.2 25.8)), ((-81.4 28.5, -81.3 28.5, -81.35 28.6, -81.4 28.5)))",multi-polygon
SHAPE,"MULTIPOLYGON (((-87.0 45.0, -86.9 45.0, -86.9 45.1, -87.0 45.1, -87.0 45.0)), ((-88.5 47.5, -88.4 47.5, -88.4 47.6, -88.5 47.6, -88.5 47.5))), MULTIPOLYGON (((-73.97 40.77, -73.96 40.77, -73.96 40.78, -73.97 40.78, -73.97 40.77)), ((-73.97 40.66, -73.96 40.66, -73.96 40.67, -73.97 40.67, -73.97 40.66))), MULTIPOLYGON (((-105.0 39.5, -104.9 39.5, -104.9 39.6, -105.0 39.6, -105.0 39.5)), ((-105.2 39.7, -105.1 39.7, -105.1 39.8, -105.2 39.8, -105.2 39.7)))",multi-polygon
multipolygon_boundary,"MULTIPOLYGON (((-122.3 47.6, -122.2 47.6, -122.2 47.7, -122.25 47.75, -122.3 47.7, -122.3 47.6)), ((-117.4 47.6, -117.3 47.6, -117.3 47.7, -117.35 47.75, -117.4 47.7, -117.4 47.6))), MULTIPOLYGON (((-111.0 34.0, -110.9 34.1, -110.8 34.0, -110.9 33.9, -111.0 34.0)), ((-111.5 34.5, -111.4 34.6, -111.3 34.5, -111.4 34.4, -111.5 34.5))), MULTIPOLYGON (((-91.0 30.0, -90.9 30.0, -90.9 30.1, -91.0 30.1, -91.0 30.0)), ((-91.5 29.5, -91.4 29.5, -91.4 29.6, -91.5 29.6, -91.5 29.5)))",multi-polygon
the_geom,"MULTIPOLYGON (((-87.65 41.88, -87.64 41.88, -87.64 41.89, -87.65 41.89, -87.65 41.88)), ((-87.70 41.90, -87.69 41.90, -87.69 41.91, -87.70 41.91, -87.70 41.90)), ((-87.60 41.85, -87.59 41.85, -87.59 41.86, -87.60 41.86, -87.60 41.85))), MULTIPOLYGON (((-93.6 42.0, -93.5 42.0, -93.5 42.1, -93.6 42.1, -93.6 42.0)), ((-93.8 42.2, -93.7 42.2, -93.7 42.3, -93.8 42.3, -93.8 42.2))), MULTIPOLYGON (((-112.1 46.6, -112.0 46.6, -112.0 46.7, -112.1 46.7, -112.1 46.6)), ((-112.3 46.8, -112.2 46.8, -112.2 46.9, -112.3 46.9, -112.3 46.8)))",multi-polygon
GEOM_MULTIPOLYGON,"MULTIPOLYGON (((-123.0 45.0, -122.9 44.9, -122.8 45.0, -122.9 45.1, -123.0 45.0)), ((-122.5 45.5, -122.4 45.4, -122.3 45.5, -122.4 45.6, -122.5 45.5))), MULTIPOLYGON (((-76.0 40.5, -75.9 40.5, -75.9 40.6, -76.0 40.6, -76.0 40.5)), ((-76.2 40.3, -76.1 40.3, -76.1 40.4, -76.2 40.4, -76.2 40.3))), MULTIPOLYGON (((-79.0 36.0, -78.9 36.0, -78.9 36.1, -79.0 36.1, -79.0 36.0)), ((-80.0 35.5, -79.9 35.5, -79.9 35.6, -80.0 35.6, -80.0 35.5)))",multi-polygon
geom,"MULTIPOLYGON (((-122.40 37.70, -122.39 37.70, -122.39 37.71, -122.40 37.71, -122.40 37.70)), ((-122.35 37.75, -122.34 37.75, -122.34 37.76, -122.35 37.76, -122.35 37.75))), MULTIPOLYGON (((-97.75 30.25, -97.74 30.25, -97.74 30.26, -97.75 30.26, -97.75 30.25)), ((-97.70 30.30, -97.69 30.30, -97.69 30.31, -97.70 30.31, -97.70 30.30))), MULTIPOLYGON (((-81.50 28.50, -81.49 28.50, -81.49 28.51, -81.50 28.51, -81.50 28.50)), ((-81.45 28.55, -81.44 28.55, -81.44 28.56, -81.45 28.56, -81.45 28.55)))",multi-polygon
SHAPE,"MULTIPOLYGON (((-74.01 40.71, -74.00 40.71, -74.00 40.72, -74.01 40.72, -74.01 40.71)), ((-73.99 40.75, -73.98 40.75, -73.98 40.76, -73.99 40.76, -73.99 40.75))), MULTIPOLYGON (((-73.97 40.78, -73.96 40.78, -73.96 40.79, -73.97 40.79, -73.97 40.78)), ((-73.95 40.80, -73.94 40.80, -73.94 40.81, -73.95 40.81, -73.95 40.80))), MULTIPOLYGON (((-77.86 40.79, -77.85 40.79, -77.85 40.80, -77.86 40.80, -77.86 40.79)), ((-77.80 40.85, -77.79 40.85, -77.79 40.86, -77.80 40.86, -77.80 40.85)))",multi-polygon
wkt_multipolygon,"MULTIPOLYGON (((-87.63 41.88, -87.62 41.88, -87.62 41.89, -87.63 41.89, -87.63 41.88)), ((-87.65 41.90, -87.64 41.90, -87.64 41.91, -87.65 41.91, -87.65 41.90))), MULTIPOLYGON (((-83.00 39.96, -82.99 39.96, -82.99 39.97, -83.00 39.97, -83.00 39.96)), ((-83.05 40.00, -83.04 40.00, -83.04 40.01, -83.05 40.01, -83.05 40.00))), MULTIPOLYGON (((-84.55 42.73, -84.54 42.73, -84.54 42.74, -84.55 42.74, -84.55 42.73)), ((-84.50 42.78, -84.49 42.78, -84.49 42.79, -84.50 42.79, -84.50 42.78)))",multi-polygon
boundary_multipoly,"MULTIPOLYGON (((-123.02 48.53, -123.01 48.53, -123.01 48.54, -123.02 48.54, -123.02 48.53)), ((-122.95 48.45, -122.94 48.45, -122.94 48.46, -122.95 48.46, -122.95 48.45))), MULTIPOLYGON (((-122.70 47.98, -122.69 47.98, -122.69 47.99, -122.70 47.99, -122.70 47.98)), ((-122.65 48.05, -122.64 48.05, -122.64 48.06, -122.65 48.06, -122.65 48.05))), MULTIPOLYGON (((-122.68 45.52, -122.67 45.52, -122.67 45.53, -122.68 45.53, -122.68 45.52)), ((-122.60 45.50, -122.59 45.50, -122.59 45.51, -122.60 45.51, -122.60 45.50)))",multi-polygon
the_geom,"MULTIPOLYGON (((-104.99 39.74, -104.98 39.74, -104.98 39.75, -104.99 39.75, -104.99 39.74)), ((-105.05 39.70, -105.04 39.70, -105.04 39.71, -105.05 39.71, -105.05 39.70))), MULTIPOLYGON (((-112.07 33.45, -112.06 33.45, -112.06 33.46, -112.07 33.46, -112.07 33.45)), ((-112.00 33.50, -111.99 33.50, -111.99 33.51, -112.00 33.51, -112.00 33.50))), MULTIPOLYGON (((-111.89 40.76, -111.88 40.76, -111.88 40.77, -111.89 40.77, -111.89 40.76)), ((-111.95 40.70, -111.94 40.70, -111.94 40.71, -111.95 40.71, -111.95 40.70)))",multi-polygon
geom,"MULTIPOLYGON (((-74.00 40.70, -73.99 40.70, -73.99 40.71, -74.00 40.71, -74.00 40.70)), ((-74.02 40.72, -74.01 40.72, -74.01 40.73, -74.02 40.73, -74.02 40.72))), MULTIPOLYGON (((-73.90 40.80, -73.89 40.80, -73.89 40.81, -73.90 40.81, -73.90 40.80)), ((-73.92 40.82, -73.91 40.82, -73.91 40.83, -73.92 40.83, -73.92 40.82))), MULTIPOLYGON (((-73.80 40.60, -73.79 40.60, -73.79 40.61, -73.80 40.61, -73.80 40.60)), ((-73.82 40.62, -73.81 40.62, -73.81 40.63, -73.82 40.63, -73.82 40.62)))",multi-polygon
wkt_geometry,"MULTIPOLYGON (((-122.40 37.70, -122.39 37.70, -122.39 37.71, -122.405 37.715, -122.40 37.71, -122.40 37.70)), ((-122.42 37.72, -122.41 37.72, -122.41 37.73, -122.415 37.735, -122.42 37.73, -122.42 37.72))), MULTIPOLYGON (((-122.10 37.60, -122.09 37.60, -122.09 37.61, -122.10 37.61, -122.10 37.60)), ((-122.12 37.62, -122.11 37.62, -122.11 37.63, -122.115 37.635, -122.12 37.63, -122.12 37.62))), MULTIPOLYGON (((-122.20 37.80, -122.19 37.80, -122.19 37.81, -122.20 37.81, -122.20 37.80)), ((-122.22 37.82, -122.21 37.82, -122.21 37.83, -122.22 37.83, -122.22 37.82)))",multi-polygon
boundary_shape,"MULTIPOLYGON (((-87.70 41.80, -87.60 41.80, -87.60 41.90, -87.70 41.90, -87.70 41.80)), ((-87.65 41.85, -87.64 41.85, -87.64 41.86, -87.65 41.86, -87.65 41.85))), MULTIPOLYGON (((-87.75 41.90, -87.74 41.90, -87.745 41.91, -87.75 41.90)), ((-87.78 41.92, -87.77 41.92, -87.775 41.93, -87.78 41.92))), MULTIPOLYGON (((-87.80 41.70, -87.70 41.70, -87.70 41.75, -87.80 41.75, -87.80 41.70)), ((-87.80 41.95, -87.70 41.95, -87.70 42.00, -87.80 42.00, -87.80 41.95)))",multi-polygon
SHAPE,"MULTIPOLYGON (((-97.5 29.5, -97.4 29.5, -97.45 29.6, -97.5 29.5)), ((-97.6 29.7, -97.5 29.7, -97.55 29.8, -97.6 29.7))), MULTIPOLYGON (((-97.2 30.1, -97.1 30.1, -97.1 30.2, -97.2 30.2, -97.2 30.1)), ((-97.4 30.3, -97.3 30.3, -97.3 30.4, -97.4 30.4, -97.4 30.3))), MULTIPOLYGON (((-97.8 29.2, -97.7 29.2, -97.7 29.3, -97.8 29.3, -97.8 29.2)), ((-97.9 29.4, -97.8 29.4, -97.8 29.5, -97.85 29.55, -97.9 29.5, -97.9 29.4)))",multi-polygon
parcel_mpoly,"MULTIPOLYGON (((-122.30 47.60, -122.29 47.60, -122.29 47.61, -122.30 47.61, -122.30 47.60)), ((-122.32 47.62, -122.31 47.62, -122.31 47.63, -122.32 47.63, -122.32 47.62))), MULTIPOLYGON (((-122.40 47.50, -122.39 47.50, -122.39 47.51, -122.40 47.51, -122.40 47.50)), ((-122.40 47.52, -122.39 47.52, -122.39 47.53, -122.40 47.53, -122.40 47.52))), MULTIPOLYGON (((-122.10 47.20, -122.09 47.20, -122.09 47.205, -122.095 47.205, -122.095 47.21, -122.10 47.21, -122.10 47.20)), ((-122.12 47.22, -122.11 47.22, -122.11 47.225, -122.115 47.225, -122.115 47.23, -122.12 47.23, -122.12 47.22)))",multi-polygon
geom,"MULTIPOLYGON (((-122.401 37.782, -122.413 37.784, -122.415 37.771, -122.403 37.770, -122.401 37.782)), ((-122.380 37.801, -122.392 37.803, -122.394 37.791, -122.380 37.791, -122.380 37.801))), MULTIPOLYGON (((-81.55 28.51, -81.62 28.53, -81.61 28.42, -81.55 28.51)), ((-81.71 28.61, -81.82 28.63, -81.80 28.52, -81.71 28.61))), MULTIPOLYGON (((-69.01 45.02, -69.13 45.04, -69.15 44.91, -69.03 44.90, -69.01 45.02)), ((-69.21 45.22, -69.33 45.24, -69.35 45.11, -69.23 45.10, -69.21 45.22)))",multi-polygon
WKT_GEOMETRY,"MULTIPOLYGON (((-97.741 30.272, -97.753 30.274, -97.755 30.261, -97.743 30.260, -97.741 30.272)), ((-97.701 30.302, -97.713 30.304, -97.715 30.291, -97.703 30.290, -97.701 30.302))), MULTIPOLYGON (((-74.005 40.715, -74.012 40.718, -74.019 40.704, -74.008 40.701, -74.005 40.715)), ((-73.981 40.752, -73.993 40.754, -73.995 40.741, -73.983 40.740, -73.981 40.752))), MULTIPOLYGON (((-122.335 47.615, -122.342 47.618, -122.349 47.604, -122.338 47.601, -122.335 47.615)), ((-122.301 47.652, -122.313 47.654, -122.315 47.641, -122.303 47.640, -122.301 47.652)))",multi-polygon
shape,"MULTIPOLYGON (((-87.62 41.88, -87.63 41.89, -87.64 41.88, -87.63 41.87, -87.62 41.88)), ((-87.65 41.90, -87.66 41.91, -87.67 41.90, -87.66 41.89, -87.65 41.90))), MULTIPOLYGON (((-104.99 39.74, -105.00 39.75, -105.01 39.74, -105.00 39.73, -104.99 39.74)), ((-104.95 39.76, -104.96 39.77, -104.97 39.76, -104.96 39.75, -104.95 39.76))), MULTIPOLYGON (((-157.85 21.30, -158.25 21.50, -158.00 21.65, -157.70 21.40, -157.85 21.30)), ((-156.30 20.80, -156.60 20.95, -156.40 20.60, -156.15 20.75, -156.30 20.80)))",multi-polygon
boundary_multipolygon,"MULTIPOLYGON (((-170.1 52.1, -170.3 52.3, -170.5 52.1, -170.2 52.0, -170.1 52.1)), ((-169.5 52.5, -169.8 52.6, -169.9 52.4, -169.6 52.4, -169.5 52.5))), MULTIPOLYGON (((-81.78 24.55, -81.80 24.57, -81.77 24.58, -81.76 24.56, -81.78 24.55)), ((-81.70 24.60, -81.72 24.62, -81.69 24.63, -81.68 24.61, -81.70 24.60))), MULTIPOLYGON (((-71.0589 42.3601, -71.0592 42.3603, -71.0588 42.3605, -71.0585 42.3603, -71.0589 42.3601)), ((-71.0600 42.3610, -71.0603 42.3612, -71.0599 42.3614, -71.0596 42.3612, -71.0600 42.3610)), ((-71.0620 42.3620, -71.0623 42.3622, -71.0619 42.3624, -71.0616 42.3622, -71.0620 42.3620)))",multi-polygon
the_geom,"MULTIPOLYGON (((-112.074 33.448, -112.072 33.451, -112.076 33.453, -112.079 33.450, -112.074 33.448)), ((-112.101 33.501, -112.103 33.504, -112.105 33.502, -112.101 33.501))), MULTIPOLYGON (((-84.388 33.748, -84.391 33.752, -84.394 33.749, -84.388 33.748)), ((-84.418 33.768, -84.421 33.772, -84.424 33.769, -84.418 33.768))), MULTIPOLYGON (((-90.071 29.952, -90.075 29.958, -90.079 29.954, -90.071 29.952)), ((-90.101 29.982, -90.105 29.988, -90.109 29.984, -90.101 29.982)), ((-90.121 29.992, -90.125 29.998, -90.129 29.994, -90.121 29.992)))",multi-polygon
geometry,"MULTIPOLYGON (((-97.741 30.266, -97.742 30.266, -97.742 30.267, -97.741 30.267, -97.741 30.266)), ((-97.743 30.268, -97.744 30.268, -97.744 30.269, -97.743 30.269, -97.743 30.268))), MULTIPOLYGON (((-118.243 34.052, -118.244 34.052, -118.244 34.053, -118.243 34.053, -118.243 34.052)), ((-118.245 34.054, -118.246 34.054, -118.246 34.055, -118.245 34.055, -118.245 34.054))), MULTIPOLYGON (((-87.629 41.878, -87.630 41.878, -87.630 41.879, -87.629 41.879, -87.629 41.878)), ((-87.631 41.880, -87.632 41.880, -87.632 41.881, -87.631 41.881, -87.631 41.880)))",multi-polygon
the_geom,"MULTIPOLYGON (((-73.985 40.748, -73.986 40.748, -73.986 40.749, -73.985 40.749, -73.985 40.748)), ((-73.987 40.750, -73.988 40.750, -73.988 40.751, -73.987 40.751, -73.987 40.750))), MULTIPOLYGON (((-122.419 37.774, -122.420 37.774, -122.420 37.775, -122.419 37.775, -122.419 37.774)), ((-122.421 37.776, -122.422 37.776, -122.422 37.777, -122.421 37.777, -122.421 37.776))), MULTIPOLYGON (((-71.058 42.360, -71.059 42.360, -71.059 42.361, -71.058 42.361, -71.058 42.360)), ((-71.060 42.362, -71.061 42.362, -71.061 42.363, -71.060 42.363, -71.060 42.362)))",multi-polygon
wkt_multipolygon,"MULTIPOLYGON (((-95.363 29.760, -95.364 29.760, -95.364 29.761, -95.363 29.761, -95.363 29.760)), ((-95.365 29.762, -95.366 29.762, -95.366 29.763, -95.365 29.763, -95.365 29.762))), MULTIPOLYGON (((-112.074 33.448, -112.075 33.448, -112.075 33.449, -112.074 33.449, -112.074 33.448)), ((-112.076 33.450, -112.077 33.450, -112.077 33.451, -112.076 33.451, -112.076 33.450))), MULTIPOLYGON (((-84.388 33.748, -84.389 33.748, -84.389 33.749, -84.388 33.749, -84.388 33.748)), ((-84.390 33.750, -84.391 33.750, -84.391 33.751, -84.390 33.751, -84.390 33.750)))",multi-polygon
parcel_boundary,"MULTIPOLYGON (((-80.191 25.761, -80.192 25.761, -80.192 25.762, -80.191 25.762, -80.191 25.761)), ((-80.193 25.763, -80.194 25.763, -80.194 25.764, -80.193 25.764, -80.193 25.763))), MULTIPOLYGON (((-75.165 39.952, -75.166 39.952, -75.166 39.953, -75.165 39.953, -75.165 39.952)), ((-75.167 39.954, -75.168 39.954, -75.168 39.955, -75.167 39.955, -75.167 39.954))), MULTIPOLYGON (((-122.332 47.606, -122.333 47.606, -122.333 47.607, -122.332 47.607, -122.332 47.606)), ((-122.334 47.608, -122.335 47.608, -122.335 47.609, -122.334 47.609, -122.334 47.608)))",multi-polygon
SHAPE,"MULTIPOLYGON (((-104.990 39.739, -104.991 39.739, -104.991 39.740, -104.990 39.740, -104.990 39.739)), ((-104.992 39.741, -104.993 39.741, -104.993 39.742, -104.992 39.742, -104.992 39.741))), MULTIPOLYGON (((-90.071 29.951, -90.072 29.951, -90.072 29.952, -90.071 29.952, -90.071 29.951)), ((-90.073 29.953, -90.074 29.953, -90.074 29.954, -90.073 29.954, -90.073 29.953))), MULTIPOLYGON (((-117.161 32.715, -117.162 32.715, -117.162 32.716, -117.161 32.716, -117.161 32.715)), ((-117.163 32.717, -117.164 32.717, -117.164 32.718, -117.163 32.718, -117.163 32.717)))",multi-polygon
the_geom,"MULTIPOLYGON (((-74.01 40.71, -73.99 40.71, -73.99 40.73, -74.01 40.73, -74.01 40.71)), ((-74.05 40.68, -74.03 40.68, -74.03 40.70, -74.05 40.70, -74.05 40.68))), MULTIPOLYGON (((-122.42 37.77, -122.40 37.77, -122.40 37.79, -122.42 37.79, -122.42 37.77)), ((-122.45 37.75, -122.43 37.75, -122.43 37.76, -122.45 37.76, -122.45 37.75))), MULTIPOLYGON (((-87.65 41.88, -87.63 41.88, -87.63 41.90, -87.65 41.90, -87.65 41.88)), ((-87.68 41.85, -87.66 41.85, -87.66 41.87, -87.68 41.87, -87.68 41.85)))",multi-polygon
geom,"MULTIPOLYGON (((-97.75 30.26, -97.73 30.26, -97.73 30.28, -97.75 30.28, -97.75 30.26)), ((-97.78 30.24, -97.76 30.24, -97.76 30.25, -97.78 30.25, -97.78 30.24))), MULTIPOLYGON (((-81.67 28.54, -81.65 28.54, -81.65 28.56, -81.67 28.56, -81.67 28.54)), ((-81.70 28.52, -81.68 28.52, -81.68 28.53, -81.70 28.53, -81.70 28.52))), MULTIPOLYGON (((-122.33 47.61, -122.31 47.61, -122.31 47.63, -122.33 47.63, -122.33 47.61)), ((-122.36 47.59, -122.34 47.59, -122.34 47.60, -122.36 47.60, -122.36 47.59)))",multi-polygon
wkt_multipolygon,"MULTIPOLYGON (((-104.99 39.74, -104.97 39.74, -104.97 39.76, -104.99 39.76, -104.99 39.74)), ((-105.02 39.72, -105.00 39.72, -105.00 39.73, -105.02 39.73, -105.02 39.72))), MULTIPOLYGON (((-112.09 33.45, -112.07 33.45, -112.07 33.47, -112.09 33.47, -112.09 33.45)), ((-112.12 33.43, -112.10 33.43, -112.10 33.44, -112.12 33.44, -112.12 33.43))), MULTIPOLYGON (((-84.40 33.76, -84.38 33.76, -84.38 33.78, -84.40 33.78, -84.40 33.76)), ((-84.43 33.74, -84.41 33.74, -84.41 33.75, -84.43 33.75, -84.43 33.74)))",multi-polygon
SHAPE,"MULTIPOLYGON (((-71.07 42.36, -71.05 42.36, -71.05 42.38, -71.07 42.38, -71.07 42.36)), ((-71.10 42.34, -71.08 42.34, -71.08 42.35, -71.10 42.35, -71.10 42.34))), MULTIPOLYGON (((-75.18 39.95, -75.16 39.95, -75.16 39.97, -75.18 39.97, -75.18 39.95)), ((-75.21 39.93, -75.19 39.93, -75.19 39.94, -75.21 39.94, -75.21 39.93))), MULTIPOLYGON (((-83.06 42.33, -83.04 42.33, -83.04 42.35, -83.06 42.35, -83.06 42.33)), ((-83.09 42.31, -83.07 42.31, -83.07 42.32, -83.09 42.32, -83.09 42.31)))",multi-polygon
geometry_wkt,"MULTIPOLYGON (((-93.28 44.98, -93.26 44.98, -93.26 45.00, -93.28 45.00, -93.28 44.98)), ((-93.31 44.96, -93.29 44.96, -93.29 44.97, -93.31 44.97, -93.31 44.96))), MULTIPOLYGON (((-122.68 45.52, -122.66 45.52, -122.66 45.54, -122.68 45.54, -122.68 45.52)), ((-122.71 45.50, -122.69 45.50, -122.69 45.51, -122.71 45.51, -122.71 45.50))), MULTIPOLYGON (((-94.59 39.10, -94.57 39.10, -94.57 39.12, -94.59 39.12, -94.59 39.10)), ((-94.62 39.08, -94.60 39.08, -94.60 39.09, -94.62 39.09, -94.62 39.08)))",multi-polygon
geom,"MULTIPOLYGON (((-87.60, 41.80), (-87.61, 41.80), (-87.61, 41.81), (-87.60, 41.81), (-87.60, 41.80))), ((-87.62, 41.82), (-87.63, 41.82), (-87.63, 41.83), (-87.62, 41.83), (-87.62, 41.82))), MULTIPOLYGON (((-80.20, 25.70), (-80.21, 25.70), (-80.205, 25.71), (-80.20, 25.70))), ((-80.22, 25.72), (-80.23, 25.72), (-80.225, 25.73), (-80.22, 25.72))), MULTIPOLYGON (((-118.20, 34.00), (-118.21, 34.00), (-118.21, 34.01), (-118.20, 34.01), (-118.20, 34.00))), ((-118.22, 34.02), (-118.23, 34.02), (-118.23, 34.03), (-118.22, 34.03), (-118.22, 34.02)))",multi-polygon
Shape,"MULTIPOLYGON (((-122.30, 47.60), (-122.31, 47.60), (-122.31, 47.61), (-122.30, 47.61), (-122.30, 47.60))), ((-122.32, 47.62), (-122.33, 47.62), (-122.33, 47.63), (-122.32, 47.63), (-122.32, 47.62))), MULTIPOLYGON (((-104.90, 39.70), (-104.91, 39.70), (-104.905, 39.71), (-104.90, 39.70))), ((-104.92, 39.72), (-104.93, 39.72), (-104.925, 39.73), (-104.92, 39.72))), ((-104.94, 39.74), (-104.95, 39.75), (-104.94, 39.75), (-104.94, 39.74))), MULTIPOLYGON (((-71.05, 42.35), (-71.06, 42.35), (-71.06, 42.36), (-71.05, 42.36), (-71.05, 42.35))), ((-71.07, 42.37), (-71.08, 42.37), (-71.08, 42.38), (-71.07, 42.38), (-71.07, 42.37)))",multi-polygon
wkt_multipolygon,"MULTIPOLYGON (((-97.7431, 30.2672), (-97.7435, 30.2672), (-97.7435, 30.2676), (-97.7431, 30.2676), (-97.7431, 30.2672))), ((-97.7440, 30.2680), (-97.7444, 30.2680), (-97.7444, 30.2684), (-97.7440, 30.2684), (-97.7440, 30.2680))), MULTIPOLYGON (((-112.0740, 33.4484), (-112.0745, 33.4484), (-112.0745, 33.4489), (-112.0740, 33.4489), (-112.0740, 33.4484))), ((-112.0750, 33.4494), (-112.0755, 33.4494), (-112.0755, 33.4499), (-112.0750, 33.4499), (-112.0750, 33.4494))), MULTIPOLYGON (((-75.1652, 39.9526), (-75.1657, 39.9526), (-75.1657, 39.9531), (-75.1652, 39.9531), (-75.1652, 39.9526))), ((-75.1662, 39.9536), (-75.1667, 39.9536), (-75.1667, 39.9541), (-75.1662, 39.9541), (-75.1662, 39.9536)))",multi-polygon
footprint,"MULTIPOLYGON (((-74.00, 40.70), (-74.01, 40.70), (-74.01, 40.72), (-73.99, 40.72), (-73.99, 40.71), (-74.00, 40.71), (-74.00, 40.70))), ((-73.98, 40.73), (-73.99, 40.73), (-73.99, 40.75), (-73.97, 40.75), (-73.97, 40.74), (-73.98, 40.74), (-73.98, 40.73))), MULTIPOLYGON (((-122.41, 37.77), (-122.42, 37.77), (-122.42, 37.78), (-122.41, 37.78), (-122.41, 37.77))), ((-122.43, 37.79), (-122.44, 37.78), (-122.45, 37.79), (-122.44, 37.80), (-122.43, 37.79))), MULTIPOLYGON (((-84.38, 33.74), (-84.40, 33.74), (-84.40, 33.76), (-84.38, 33.76), (-84.38, 33.74))), ((-84.370, 33.770), (-84.375, 33.770), (-84.375, 33.775), (-84.370, 33.775), (-84.370, 33.770)))",multi-polygon
the_geom_multipolygon,"MULTIPOLYGON(((-157.8, 21.3),(-157.9, 21.3),(-157.85, 21.4),(-157.8, 21.3))), ((-157.7, 21.2),(-157.75, 21.2),(-157.72, 21.25),(-157.7, 21.2))), MULTIPOLYGON (((-108.0, 43.0), (-108.5, 43.0), (-108.5, 43.5), (-108.0, 43.5), (-108.0, 43.0))), ((-109.0, 44.0), (-109.5, 44.0), (-109.5, 44.5), (-109.0, 44.5), (-109.0, 44.0))), MULTIPOLYGON ( ((-93.0, 45.0),(-93.1, 45.0),(-93.1, 45.1),(-93.0, 45.1),(-93.0, 45.0))), ((-93.2, 45.2),(-93.3, 45.2),(-93.3, 45.3),(-93.2, 45.3),(-93.2, 45.2)) )",multi-polygon
wkt_geometry,"MULTIPOLYGON (((-122.4 37.7, -122.3 37.7, -122.3 37.8, -122.4 37.8, -122.4 37.7)), ((-122.2 37.6, -122.1 37.6, -122.1 37.7, -122.2 37.7, -122.2 37.6))), MULTIPOLYGON (((-97.7 30.2, -97.6 30.2, -97.6 30.3, -97.7 30.3, -97.7 30.2)), ((-97.5 30.1, -97.4 30.1, -97.4 30.2, -97.5 30.2, -97.5 30.1))), MULTIPOLYGON (((-81.6 28.5, -81.5 28.5, -81.5 28.6, -81.6 28.6, -81.6 28.5)), ((-81.4 28.4, -81.3 28.4, -81.3 28.5, -81.4 28.5, -81.4 28.4)))",multi-polygon
shape,"MULTIPOLYGON (((-105.0 39.7, -104.9 39.7, -105.0 39.8, -105.0 39.7)), ((-104.8 39.6, -104.7 39.6, -104.8 39.7, -104.8 39.6))), MULTIPOLYGON (((-74.0 40.7, -73.9 40.7, -73.9 40.8, -74.0 40.8, -74.0 40.7)), ((-73.8 40.6, -73.7 40.6, -73.7 40.7, -73.8 40.7, -73.8 40.6))), MULTIPOLYGON (((-122.3 47.6, -122.2 47.6, -122.25 47.7, -122.3 47.6)), ((-122.1 47.5, -122.0 47.5, -122.0 47.6, -122.1 47.6, -122.1 47.5)), ((-122.0 47.4, -121.9 47.4, -121.9 47.5, -122.0 47.4)))",multi-polygon
the_geom,"MULTIPOLYGON (((-87.6502 41.8781, -87.6402 41.8781, -87.6402 41.8881, -87.6502 41.8881, -87.6502 41.8781)), ((-87.6300 41.8500, -87.6200 41.8500, -87.6200 41.8600, -87.6300 41.8600, -87.6300 41.8500))), MULTIPOLYGON (((-112.0740 33.4484, -112.0640 33.4484, -112.0640 33.4584, -112.0740 33.4584, -112.0740 33.4484)), ((-112.0500 33.4300, -112.0400 33.4300, -112.0400 33.4400, -112.0500 33.4400, -112.0500 33.4300))), MULTIPOLYGON (((-75.1652 39.9526, -75.1552 39.9526, -75.1552 39.9626, -75.1652 39.9626, -75.1652 39.9526)), ((-75.1452 39.9426, -75.1352 39.9426, -75.1352 39.9526, -75.1452 39.9526, -75.1452 39.9426)))",multi-polygon
GEOM_WKT,"MULTIPOLYGON (((-122.6765 45.5231, -122.6665 45.5231, -122.6615 45.5281, -122.6715 45.5331, -122.6815 45.5281, -122.6765 45.5231)), ((-122.6500 45.5100, -122.6400 45.5100, -122.6350 45.5150, -122.6450 45.5200, -122.6550 45.5150, -122.6500 45.5100))), MULTIPOLYGON (((-84.3880 33.7490, -84.3780 33.7490, -84.3730 33.7540, -84.3780 33.7590, -84.3880 33.7590, -84.3930 33.7540, -84.3880 33.7490)), ((-84.3600 33.7300, -84.3500 33.7300, -84.3450 33.7350, -84.3500 33.7400, -84.3600 33.7400, -84.3650 33.7350, -84.3600 33.7300))), MULTIPOLYGON (((-71.0589 42.3601, -71.0489 42.3651, -71.0539 42.3701, -71.0639 42.3621, -71.0589 42.3601)), ((-71.0800 42.3400, -71.0700 42.3450, -71.0750 42.3500, -71.0850 42.3420, -71.0800 42.3400)))",multi-polygon
boundary,"MULTIPOLYGON (((-83.0458 42.3314, -83.0358 42.3314, -83.0358 42.3414, -83.0458 42.3414, -83.0458 42.3314)), ((-83.0658 42.3114, -83.0558 42.3114, -83.0558 42.3214, -83.0658 42.3214, -83.0658 42.3114))), MULTIPOLYGON (((-80.8431 35.2271, -80.8331 35.2271, -80.8331 35.2371, -80.8431 35.2371, -80.8431 35.2271)), ((-80.8231 35.2171, -80.8131 35.2171, -80.8131 35.2271, -80.8231 35.2271, -80.8231 35.2171)), ((-80.8631 35.2471, -80.8531 35.2471, -80.8531 35.2571, -80.8631 35.2571, -80.8631 35.2471))), MULTIPOLYGON (((-111.8910 40.7608, -111.8810 40.7608, -111.8860 40.7708, -111.8910 40.7608)), ((-111.9110 40.7408, -111.9010 40.7408, -111.9060 40.7508, -111.9110 40.7408)))",multi-polygon
geom,"MULTIPOLYGON (((-122.40 37.70, -122.41 37.70, -122.41 37.71, -122.40 37.71, -122.40 37.70)), ((-122.30 37.80, -122.31 37.80, -122.31 37.81, -122.30 37.81, -122.30 37.80))), MULTIPOLYGON (((-97.7 30.2, -97.8 30.2, -97.75 30.3, -97.7 30.2)), ((-95.3 29.7, -95.4 29.7, -95.35 29.8, -95.3 29.7))), MULTIPOLYGON (((-80.2 25.8, -80.3 25.8, -80.3 25.9, -80.2 25.9, -80.2 25.8)), ((-81.3 28.5, -81.4 28.5, -81.4 28.6, -81.3 28.6, -81.3 28.5)))",multi-polygon
wkt_geometry,"MULTIPOLYGON (((-74.00 40.70, -74.01 40.70, -74.01 40.71, -74.00 40.71, -74.00 40.70)), ((-73.90 40.80, -73.91 40.80, -73.91 40.81, -73.90 40.81, -73.90 40.80))), MULTIPOLYGON (((-87.6 41.8, -87.7 41.8, -87.7 41.9, -87.6 41.9, -87.6 41.8)), ((-87.73 41.93, -87.83 41.93, -87.83 42.03, -87.73 42.03, -87.73 41.93))), MULTIPOLYGON (((-122.3 47.6, -122.3 47.5, -122.2 47.5, -122.2 47.6, -122.3 47.6)), ((-122.1 47.4, -122.1 47.3, -122.0 47.3, -122.0 47.4, -122.1 47.4)))",multi-polygon
boundary_shape,"MULTIPOLYGON (((-104.9 39.7, -105.0 39.7, -105.0 39.8, -104.9 39.8, -104.9 39.7)), ((-105.2 40.0, -105.3 40.0, -105.3 40.1, -105.2 40.1, -105.2 40.0))), MULTIPOLYGON (((-112.0 33.4, -112.1 33.4, -112.05 33.5, -112.0 33.4)), ((-110.9 32.2, -111.0 32.2, -110.95 32.3, -110.9 32.2))), MULTIPOLYGON (((-122.67 45.52, -122.77 45.52, -122.77 45.62, -122.67 45.62, -122.67 45.52)), ((-123.03 44.94, -123.13 44.94, -123.13 45.04, -123.03 45.04, -123.03 44.94)))",multi-polygon
MPOLY_GEOM,"MULTIPOLYGON (((-84.38 33.74, -84.48 33.74, -84.48 33.84, -84.38 33.84, -84.38 33.74)), ((-81.09 32.08, -81.19 32.08, -81.19 32.18, -81.09 32.18, -81.09 32.08))), MULTIPOLYGON (((-75.16 39.95, -75.26 39.95, -75.26 40.00, -75.16 40.00, -75.16 39.95)), ((-80.00 40.44, -80.10 40.44, -80.10 40.54, -80.00 40.54, -80.00 40.44))), MULTIPOLYGON (((-83.04 42.33, -83.14 42.33, -83.14 42.43, -83.04 42.43, -83.04 42.33)), ((-85.66 42.96, -85.76 42.96, -85.76 43.06, -85.66 43.06, -85.66 42.96)))",multi-polygon
the_geom_multipolygon,"MULTIPOLYGON (((-80.84 35.22, -80.94 35.22, -80.94 35.32, -80.84 35.32, -80.84 35.22)), ((-78.63 35.77, -78.73 35.77, -78.73 35.87, -78.63 35.87, -78.63 35.77))), MULTIPOLYGON (((-77.43 37.54, -77.53 37.54, -77.53 37.64, -77.43 37.64, -77.43 37.54)), ((-76.01 36.85, -76.11 36.85, -76.11 36.95, -76.01 36.95, -76.01 36.85))), MULTIPOLYGON (((-71.05 42.36, -71.15 42.36, -71.15 42.46, -71.05 42.46, -71.05 42.36)), ((-71.80 42.26, -71.90 42.26, -71.90 42.36, -71.80 42.36, -71.80 42.26)))",multi-polygon
geom,"MULTIPOLYGON (((-74.01 40.71, -73.99 40.71, -73.99 40.73, -74.01 40.73, -74.01 40.71)), ((-74.05 40.75, -74.03 40.75, -74.03 40.77, -74.05 40.77, -74.05 40.75))), MULTIPOLYGON (((-118.25 34.05, -118.23 34.05, -118.23 34.07, -118.25 34.07, -118.25 34.05)), ((-118.30 34.00, -118.28 34.00, -118.28 34.02, -118.30 34.02, -118.30 34.00))), MULTIPOLYGON (((-87.63 41.88, -87.61 41.88, -87.61 41.90, -87.63 41.90, -87.63 41.88)), ((-87.68 41.85, -87.66 41.85, -87.66 41.87, -87.68 41.87, -87.68 41.85)))",multi-polygon
WKT_GEOMETRY,"MULTIPOLYGON (((-95.37 29.76, -95.35 29.76, -95.35 29.78, -95.37 29.78, -95.37 29.76)), ((-95.40 29.73, -95.38 29.73, -95.38 29.75, -95.40 29.75, -95.40 29.73))), MULTIPOLYGON (((-80.20 25.78, -80.18 25.78, -80.18 25.80, -80.20 25.80, -80.20 25.78)), ((-80.25 25.75, -80.23 25.75, -80.23 25.77, -80.25 25.77, -80.25 25.75))), MULTIPOLYGON (((-122.33 47.61, -122.31 47.61, -122.31 47.63, -122.33 47.63, -122.33 47.61)), ((-122.35 47.58, -122.33 47.58, -122.33 47.60, -122.35 47.60, -122.35 47.58)), ((-122.40 47.65, -122.38 47.65, -122.38 47.67, -122.40 47.67, -122.40 47.65)))",multi-polygon
boundary_multipolygon,"MULTIPOLYGON (((-71.06 42.36, -71.04 42.36, -71.04 42.38, -71.06 42.38, -71.06 42.36)), ((-71.10 42.33, -71.08 42.33, -71.08 42.35, -71.10 42.35, -71.10 42.33))), MULTIPOLYGON (((-77.04 38.91, -77.02 38.91, -77.02 38.93, -77.04 38.93, -77.04 38.91)), ((-77.07 38.88, -77.05 38.88, -77.05 38.90, -77.07 38.90, -77.07 38.88))), MULTIPOLYGON (((-90.08 29.95, -90.06 29.95, -90.06 29.97, -90.08 29.97, -90.08 29.95)), ((-90.11 29.92, -90.09 29.92, -90.09 29.94, -90.11 29.94, -90.11 29.92)))",multi-polygon
mpoly_shape,"MULTIPOLYGON(((-104.99 39.74, -104.98 39.74, -104.98 39.75, -104.99 39.75, -104.99 39.74)),((-105.01 39.72, -105.00 39.72, -105.00 39.73, -105.01 39.73, -105.01 39.72))), MULTIPOLYGON(((-112.07 33.45, -112.06 33.45, -112.06 33.46, -112.07 33.46, -112.07 33.45)),((-112.09 33.43, -112.08 33.43, -112.08 33.44, -112.09 33.44, -112.09 33.43))), MULTIPOLYGON(((-117.16 32.72, -117.15 32.72, -117.15 32.73, -117.16 32.73, -117.16 32.72)),((-117.18 32.70, -117.17 32.70, -117.17 32.71, -117.18 32.71, -117.18 32.70)))",multi-polygon
SHAPE,"MULTIPOLYGON (((-84.39 33.75, -84.37 33.75, -84.37 33.77, -84.39 33.77, -84.39 33.75)), ((-84.42 33.72, -84.40 33.72, -84.40 33.74, -84.42 33.74, -84.42 33.72))), MULTIPOLYGON (((-97.74 30.27, -97.72 30.27, -97.72 30.29, -97.74 30.29, -97.74 30.27)), ((-97.77 30.24, -97.75 30.24, -97.75 30.26, -97.77 30.26, -97.77 30.24))), MULTIPOLYGON (((-121.49 38.58, -121.47 38.58, -121.47 38.60, -121.49 38.60, -121.49 38.58)), ((-121.52 38.55, -121.50 38.55, -121.50 38.57, -121.52 38.57, -121.52 38.55)))",multi-polygon
WKT_GEOMETRY,"MULTIPOLYGON (((-118.3 34.0, -118.2 34.0, -118.2 34.1, -118.3 34.1, -118.3 34.0)), ((-118.5 34.2, -118.4 34.2, -118.4 34.3, -118.5 34.3, -118.5 34.2))), MULTIPOLYGON (((-97.7 30.2, -97.6 30.2, -97.6 30.3, -97.7 30.3, -97.7 30.2)), ((-97.9 30.4, -97.8 30.4, -97.8 30.5, -97.9 30.5, -97.9 30.4))), MULTIPOLYGON (((-80.2 25.7, -80.1 25.7, -80.1 25.8, -80.2 25.8, -80.2 25.7)), ((-80.4 25.9, -80.3 25.9, -80.3 26.0, -80.4 26.0, -80.4 25.9)))",multi-polygon
shape,"MULTIPOLYGON (((-73.99 40.75, -73.98 40.75, -73.98 40.76, -73.99 40.76, -73.99 40.75)), ((-73.97 40.74, -73.96 40.74, -73.96 40.75, -73.97 40.75, -73.97 40.74))), MULTIPOLYGON (((-87.63 41.88, -87.62 41.88, -87.62 41.89, -87.63 41.89, -87.63 41.88)), ((-87.65 41.87, -87.64 41.87, -87.64 41.88, -87.65 41.88, -87.65 41.87))), MULTIPOLYGON (((-122.33 47.61, -122.32 47.61, -122.32 47.62, -122.33 47.62, -122.33 47.61)), ((-122.35 47.60, -122.34 47.60, -122.34 47.61, -122.35 47.61, -122.35 47.60)))",multi-polygon
boundary_multipolygon,"MULTIPOLYGON (((-112.07 33.45, -112.06 33.45, -112.06 33.46, -112.07 33.46, -112.07 33.45)), ((-112.09 33.44, -112.08 33.44, -112.08 33.45, -112.09 33.45, -112.09 33.44))), MULTIPOLYGON (((-93.27 44.98, -93.26 44.98, -93.26 44.99, -93.27 44.99, -93.27 44.98)), ((-93.29 44.97, -93.28 44.97, -93.28 44.98, -93.29 44.98, -93.29 44.97))), MULTIPOLYGON (((-104.99 39.74, -104.98 39.74, -104.98 39.75, -104.99 39.75, -104.99 39.74)), ((-105.01 39.73, -105.00 39.73, -105.00 39.74, -105.01 39.74, -105.01 39.73)))",multi-polygon
geom,"MULTIPOLYGON (((-75.17 39.95, -75.16 39.95, -75.16 39.96, -75.17 39.96, -75.17 39.95)), ((-75.19 39.94, -75.18 39.94, -75.18 39.95, -75.19 39.95, -75.19 39.94))), MULTIPOLYGON (((-70.26 43.66, -70.25 43.66, -70.25 43.67, -70.26 43.67, -70.26 43.66)), ((-70.28 43.65, -70.27 43.65, -70.27 43.66, -70.28 43.66, -70.28 43.65))), MULTIPOLYGON (((-122.68 45.52, -122.67 45.52, -122.67 45.53, -122.68 45.53, -122.68 45.52)), ((-122.70 45.51, -122.69 45.51, -122.69 45.52, -122.70 45.52, -122.70 45.51)))",multi-polygon
land_parcels_wkt,"MULTIPOLYGON (((-84.39 33.75, -84.38 33.75, -84.38 33.76, -84.39 33.76, -84.39 33.75)), ((-84.41 33.74, -84.40 33.74, -84.40 33.75, -84.41 33.75, -84.41 33.74))), MULTIPOLYGON (((-91.53 41.66, -91.52 41.66, -91.52 41.67, -91.53 41.67, -91.53 41.66)), ((-91.55 41.65, -91.54 41.65, -91.54 41.66, -91.55 41.66, -91.55 41.65))), MULTIPOLYGON (((-81.69 41.49, -81.68 41.49, -81.68 41.50, -81.69 41.50, -81.69 41.49)), ((-81.71 41.48, -81.70 41.48, -81.70 41.49, -81.71 41.49, -81.71 41.48)))",multi-polygon
wkt_geom,"MULTIPOLYGON (((-120.1 37.1, -120.2 37.1, -120.2 37.2, -120.1 37.2, -120.1 37.1)), ((-120.3 37.3, -120.4 37.3, -120.4 37.4, -120.3 37.4, -120.3 37.3))), MULTIPOLYGON (((-98.5 30.2, -98.6 30.2, -98.6 30.3, -98.5 30.3, -98.5 30.2)), ((-98.7 30.4, -98.8 30.4, -98.8 30.5, -98.7 30.5, -98.7 30.4))), MULTIPOLYGON (((-81.5 28.5, -81.6 28.5, -81.55 28.6, -81.5 28.5)), ((-81.7 28.7, -81.8 28.7, -81.75 28.8, -81.7 28.7)))",multi-polygon
shape,"MULTIPOLYGON (((-74.01 40.71, -74.02 40.71, -74.02 40.72, -74.01 40.72, -74.01 40.71)), ((-74.03 40.73, -74.04 40.73, -74.04 40.74, -74.03 40.74, -74.03 40.73))), MULTIPOLYGON (((-87.62 41.87, -87.63 41.87, -87.63 41.88, -87.62 41.88, -87.62 41.87)), ((-87.64 41.89, -87.65 41.89, -87.65 41.90, -87.64 41.90, -87.64 41.89))), MULTIPOLYGON (((-122.33 47.60, -122.34 47.60, -122.34 47.61, -122.33 47.61, -122.33 47.60)), ((-122.35 47.62, -122.36 47.62, -122.36 47.63, -122.35 47.63, -122.35 47.62)))",multi-polygon
geometry_multipolygon,"MULTIPOLYGON (((-112.07 33.45, -112.08 33.45, -112.08 33.46, -112.07 33.46, -112.07 33.45)), ((-112.09 33.47, -112.10 33.47, -112.10 33.48, -112.09 33.48, -112.09 33.47))), MULTIPOLYGON (((-104.99 39.74, -105.00 39.74, -105.00 39.75, -104.99 39.75, -104.99 39.74)), ((-105.01 39.76, -105.02 39.76, -105.02 39.77, -105.01 39.77, -105.01 39.76))), MULTIPOLYGON (((-84.38 33.74, -84.39 33.74, -84.39 33.75, -84.38 33.75, -84.38 33.74)), ((-84.40 33.76, -84.41 33.76, -84.41 33.77, -84.40 33.77, -84.40 33.76)))",multi-polygon
multipolygon_WKT,"MULTIPOLYGON (((-77.86 39.82, -77.87 39.82, -77.87 39.83, -77.86 39.83, -77.86 39.82)), ((-77.88 39.84, -77.89 39.84, -77.89 39.85, -77.88 39.85, -77.88 39.84))), MULTIPOLYGON (((-82.99 39.96, -83.00 39.96, -83.00 39.97, -82.99 39.97, -82.99 39.96)), ((-83.01 39.98, -83.02 39.98, -83.02 39.99, -83.01 39.99, -83.01 39.98))), MULTIPOLYGON (((-80.84 35.22, -80.85 35.22, -80.85 35.23, -80.84 35.23, -80.84 35.22)), ((-80.86 35.24, -80.87 35.24, -80.87 35.25, -80.86 35.25, -80.86 35.24)))",multi-polygon
geom,"MULTIPOLYGON (((-122.67 45.52, -122.68 45.52, -122.68 45.53, -122.67 45.53, -122.67 45.52)), ((-122.69 45.54, -122.70 45.54, -122.70 45.55, -122.69 45.55, -122.69 45.54))), MULTIPOLYGON (((-115.17 36.16, -115.18 36.16, -115.18 36.17, -115.17 36.17, -115.17 36.16)), ((-115.19 36.18, -115.20 36.18, -115.20 36.19, -115.19 36.19, -115.19 36.18))), MULTIPOLYGON (((-111.89 40.76, -111.90 40.76, -111.90 40.77, -111.89 40.77, -111.89 40.76)), ((-111.91 40.78, -111.92 40.78, -111.92 40.79, -111.91 40.79, -111.91 40.78)))",multi-polygon
geom,"MULTIPOLYGON (((-122.40 37.78, -122.41 37.78, -122.41 37.79, -122.40 37.79, -122.40 37.78)), ((-122.38 37.76, -122.39 37.76, -122.39 37.77, -122.38 37.77, -122.38 37.76))), MULTIPOLYGON (((-95.36 29.76, -95.37 29.76, -95.37 29.77, -95.36 29.77, -95.36 29.76)), ((-95.40 29.80, -95.41 29.80, -95.41 29.81, -95.40 29.81, -95.40 29.80))), MULTIPOLYGON (((-80.19 25.77, -80.20 25.77, -80.20 25.78, -80.19 25.77)), ((-80.22 25.80, -80.23 25.80, -80.23 25.81, -80.22 25.80)))",multi-polygon
wkt_multipolygon,"MULTIPOLYGON (((-87.65 41.88, -87.66 41.88, -87.66 41.89, -87.65 41.89, -87.65 41.88)), ((-87.651 41.881, -87.652 41.881, -87.652 41.882, -87.651 41.882, -87.651 41.881))), MULTIPOLYGON (((-122.33 47.61, -122.34 47.61, -122.34 47.62, -122.33 47.62, -122.33 47.61)), ((-122.35 47.63, -122.36 47.63, -122.36 47.64, -122.35 47.64, -122.35 47.63))), MULTIPOLYGON (((-104.99 39.74, -105.00 39.74, -105.00 39.75, -104.99 39.75, -104.99 39.74)), ((-104.98 39.74, -104.97 39.74, -104.97 39.75, -104.98 39.75, -104.98 39.74)))",multi-polygon
shape,"MULTIPOLYGON (((-93.20 45.00, -93.21 45.00, -93.21 45.01, -93.20 45.01, -93.20 45.00)), ((-93.22 45.02, -93.23 45.02, -93.23 45.03, -93.22 45.03, -93.22 45.02))), MULTIPOLYGON (((-111.9 33.4, -112.0 33.4, -112.0 33.5, -111.9 33.5, -111.9 33.4)), ((-111.8 33.6, -111.7 33.6, -111.7 33.7, -111.8 33.7, -111.8 33.6))), MULTIPOLYGON (((-71.09 42.36, -71.10 42.36, -71.10 42.37, -71.09 42.37, -71.09 42.36)), ((-71.11 42.38, -71.12 42.38, -71.12 42.39, -71.11 42.39, -71.11 42.38)))",multi-polygon
GEOMETRY_WKT,"MULTIPOLYGON (((-73.97 40.78, -73.96 40.78, -73.96 40.79, -73.97 40.79, -73.97 40.78), (-73.965 40.782, -73.966 40.782, -73.966 40.783, -73.965 40.783, -73.965 40.782))), MULTIPOLYGON (((-90.25 38.63, -90.28 38.63, -90.28 38.65, -90.25 38.65, -90.25 38.63), (-90.26 38.635, -90.27 38.635, -90.27 38.645, -90.26 38.645, -90.26 38.635)), ((-90.30 38.60, -90.31 38.60, -90.31 38.61, -90.30 38.61, -90.30 38.60))), MULTIPOLYGON (((-77.03 38.90, -77.04 38.90, -77.04 38.91, -77.03 38.91, -77.03 38.90)), ((-77.05 38.92, -77.06 38.92, -77.06 38.93, -77.05 38.93, -77.05 38.92)), ((-77.01 38.88, -77.02 38.88, -77.02 38.89, -77.01 38.89, -77.01 38.88)))",multi-polygon
boundary_multipolygon,"MULTIPOLYGON (((-122.67 45.52, -122.68 45.52, -122.68 45.53, -122.675 45.53, -122.675 45.525, -122.67 45.525, -122.67 45.52)), ((-122.65 45.50, -122.66 45.50, -122.66 45.51, -122.655 45.51, -122.655 45.505, -122.65 45.505, -122.65 45.50))), MULTIPOLYGON (((-75.16 39.95, -75.17 39.95, -75.175 39.955, -75.17 39.96, -75.16 39.96, -75.16 39.95)), ((-75.20 40.00, -75.21 40.00, -75.21 40.01, -75.205 40.015, -75.20 40.01, -75.20 40.00))), MULTIPOLYGON (((-84.39 33.75, -84.40 33.75, -84.40 33.76, -84.395 33.755, -84.39 33.75)), ((-84.38 33.74, -84.37 33.74, -84.37 33.73, -84.375 33.735, -84.38 33.74)))",multi-polygon
geometry,"MULTIPOLYGON (((-74.01 40.71, -74.02 40.71, -74.02 40.72, -74.01 40.72, -74.01 40.71)), ((-73.99 40.73, -73.98 40.73, -73.98 40.74, -73.99 40.74, -73.99 40.73))), MULTIPOLYGON (((-118.25 34.05, -118.26 34.05, -118.26 34.06, -118.25 34.06, -118.25 34.05)), ((-118.23 34.07, -118.22 34.07, -118.22 34.08, -118.23 34.08, -118.23 34.07))), MULTIPOLYGON (((-87.63 41.88, -87.64 41.88, -87.64 41.89, -87.63 41.89, -87.63 41.88)), ((-87.61 41.86, -87.60 41.86, -87.60 41.87, -87.61 41.87, -87.61 41.86)))",multi-polygon
wkt_shape,"MULTIPOLYGON (((-97.74 30.26, -97.75 30.27, -97.73 30.28, -97.74 30.26)), ((-97.76 30.29, -97.77 30.30, -97.75 30.31, -97.76 30.29))), MULTIPOLYGON (((-80.19 25.76, -80.20 25.77, -80.18 25.78, -80.19 25.76)), ((-80.21 25.79, -80.22 25.80, -80.20 25.81, -80.21 25.79))), MULTIPOLYGON (((-122.33 47.60, -122.34 47.61, -122.32 47.62, -122.33 47.60)), ((-122.35 47.63, -122.36 47.64, -122.34 47.65, -122.35 47.63)))",multi-polygon
the_geom,"MULTIPOLYGON (((-71.06 42.36, -71.07 42.36, -71.07 42.37, -71.06 42.37, -71.06 42.36)), ((-71.08 42.35, -71.09 42.35, -71.09 42.36, -71.08 42.36, -71.08 42.35))), MULTIPOLYGON (((-84.39 33.75, -84.40 33.75, -84.40 33.76, -84.39 33.76, -84.39 33.75)), ((-84.41 33.77, -84.42 33.77, -84.42 33.78, -84.41 33.78, -84.41 33.77))), MULTIPOLYGON (((-95.36 29.76, -95.37 29.76, -95.37 29.77, -95.36 29.77, -95.36 29.76)), ((-95.38 29.78, -95.39 29.78, -95.39 29.79, -95.38 29.79, -95.38 29.78)))",multi-polygon
multipolygon_wkt,"MULTIPOLYGON (((-122.419 37.775, -122.429 37.775, -122.429 37.785, -122.419 37.785, -122.419 37.775)), ((-122.409 37.765, -122.399 37.765, -122.399 37.775, -122.409 37.775, -122.409 37.765))), MULTIPOLYGON (((-104.99 39.74, -105.00 39.74, -105.00 39.75, -104.99 39.75, -104.99 39.74)), ((-104.98 39.73, -104.97 39.73, -104.97 39.74, -104.98 39.74, -104.98 39.73))), MULTIPOLYGON (((-90.07 29.95, -90.08 29.95, -90.08 29.96, -90.07 29.96, -90.07 29.95)), ((-90.09 29.97, -90.10 29.97, -90.10 29.98, -90.09 29.98, -90.09 29.97)))",multi-polygon
shape,"MULTIPOLYGON (((-75.1652 39.9526, -75.1662 39.9526, -75.1662 39.9536, -75.1652 39.9536, -75.1652 39.9526)), ((-75.1672 39.9546, -75.1682 39.9546, -75.1682 39.9556, -75.1672 39.9556, -75.1672 39.9546))), MULTIPOLYGON (((-86.7816 36.1627, -86.7826 36.1627, -86.7826 36.1637, -86.7816 36.1637, -86.7816 36.1627)), ((-86.7836 36.1647, -86.7846 36.1647, -86.7846 36.1657, -86.7836 36.1657, -86.7836 36.1647))), MULTIPOLYGON (((-112.0740 33.4484, -112.0750 33.4484, -112.0750 33.4494, -112.0740 33.4494, -112.0740 33.4484)), ((-112.0760 33.4504, -112.0770 33.4504, -112.0770 33.4514, -112.0760 33.4514, -112.0760 33.4504)))",multi-polygon
geom,"MULTIPOLYGON (((-87.65 41.88, -87.64 41.88, -87.64 41.89, -87.65 41.89, -87.65 41.88)), ((-87.63 41.87, -87.62 41.88, -87.62 41.86, -87.63 41.87))), MULTIPOLYGON (((-74.01 40.71, -74.00 40.71, -74.00 40.72, -74.01 40.72, -74.01 40.71)), ((-73.99 40.73, -73.98 40.73, -73.98 40.74, -73.99 40.74, -73.99 40.73))), MULTIPOLYGON (((-118.25 34.05, -118.24 34.05, -118.24 34.06, -118.25 34.06, -118.25 34.05)), ((-118.23 34.04, -118.22 34.04, -118.22 34.05, -118.23 34.05, -118.23 34.04)))",multi-polygon
WKT,"MULTIPOLYGON (((-80.20 25.77, -80.19 25.77, -80.19 25.78, -80.20 25.78, -80.20 25.77)), ((-80.22 25.79, -80.21 25.80, -80.21 25.78, -80.22 25.79))), MULTIPOLYGON (((-95.37 29.76, -95.36 29.76, -95.36 29.77, -95.37 29.77, -95.37 29.76)), ((-95.35 29.75, -95.34 29.75, -95.34 29.76, -95.35 29.76, -95.35 29.75))), MULTIPOLYGON (((-122.33 47.61, -122.32 47.61, -122.32 47.62, -122.33 47.62, -122.33 47.61)), ((-122.31 47.60, -122.30 47.60, -122.30 47.61, -122.31 47.61, -122.31 47.60)))",multi-polygon
shape,"MULTIPOLYGON (((-73.988 40.758, -73.984 40.759, -73.985 40.763, -73.989 40.762, -73.988 40.758)), ((-73.980 40.755, -73.979 40.756, -73.978 40.754, -73.979 40.753, -73.980 40.755))), MULTIPOLYGON (((-87.629 41.878, -87.627 41.878, -87.627 41.880, -87.629 41.880, -87.629 41.878)), ((-87.625 41.876, -87.623 41.876, -87.623 41.878, -87.625 41.878, -87.625 41.876))), MULTIPOLYGON (((-122.419 37.774, -122.417 37.774, -122.417 37.776, -122.419 37.776, -122.419 37.774)), ((-122.415 37.772, -122.413 37.772, -122.413 37.774, -122.415 37.774, -122.415 37.772)))",multi-polygon
building_footprints,"MULTIPOLYGON (((-71.0589 42.3601, -71.0585 42.3601, -71.0585 42.3603, -71.0589 42.3603, -71.0589 42.3601)), ((-71.0592 42.3605, -71.0588 42.3605, -71.0588 42.3607, -71.0592 42.3607, -71.0592 42.3605))), MULTIPOLYGON (((-75.1652 39.9526, -75.1648 39.9526, -75.1648 39.9528, -75.1652 39.9528, -75.1652 39.9526)), ((-75.1645 39.9520, -75.1641 39.9520, -75.1641 39.9522, -75.1645 39.9522, -75.1645 39.9520))), MULTIPOLYGON (((-84.3880 33.7490, -84.3876 33.7490, -84.3876 33.7492, -84.3880 33.7492, -84.3880 33.7490)), ((-84.3873 33.7485, -84.3869 33.7485, -84.3869 33.7487, -84.3873 33.7487, -84.3873 33.7485)))",multi-polygon
spatial_object,"MULTIPOLYGON (((-104.9903 39.7392, -104.989 39.7392, -104.989 39.74, -104.9903 39.74, -104.9903 39.7392)), ((-104.988 39.738, -104.987 39.738, -104.987 39.739, -104.988 39.739, -104.988 39.738))), MULTIPOLYGON (((-112.07404 33.44838, -112.073 33.44838, -112.073 33.449, -112.07404 33.449, -112.07404 33.44838)), ((-112.072 33.447, -112.071 33.447, -112.071 33.448, -112.072 33.448, -112.072 33.447))), MULTIPOLYGON (((-157.8583 21.3069, -157.857 21.3069, -157.857 21.308, -157.8583 21.308, -157.8583 21.3069)), ((-157.855 21.305, -157.854 21.305, -157.854 21.306, -157.855 21.306, -157.855 21.305)), ((-157.852 21.303, -157.851 21.303, -157.851 21.304, -157.852 21.304, -157.852 21.303)))",multi-polygon
geom,"MULTIPOLYGON (((-122.41 37.76, -122.41 37.78, -122.43 37.78, -122.43 37.76, -122.41 37.76)), ((-122.39 37.80, -122.39 37.81, -122.40 37.81, -122.40 37.80, -122.39 37.80))), MULTIPOLYGON (((-118.25 34.05, -118.25 34.07, -118.27 34.07, -118.27 34.05, -118.25 34.05)), ((-118.29 34.09, -118.29 34.10, -118.30 34.10, -118.30 34.09, -118.29 34.09))), MULTIPOLYGON (((-74.00 40.71, -74.00 40.73, -74.02 40.73, -74.02 40.71, -74.00 40.71)), ((-73.98 40.75, -73.98 40.76, -73.99 40.76, -73.99 40.75, -73.98 40.75)))",multi-polygon
wkt_multipolygon,"MULTIPOLYGON (((-81.54 28.52, -81.54 28.53, -81.55 28.53, -81.55 28.52, -81.54 28.52)), ((-81.57 28.55, -81.57 28.56, -81.58 28.56, -81.58 28.55, -81.57 28.55))), MULTIPOLYGON (((-97.74 30.26, -97.74 30.27, -97.75 30.27, -97.75 30.26, -97.74 30.26)), ((-97.77 30.29, -97.77 30.30, -97.78 30.30, -97.78 30.29, -97.77 30.29)), ((-97.80 30.32, -97.80 30.33, -97.81 30.33, -97.81 30.32, -97.80 30.32))), MULTIPOLYGON (((-122.33 47.60, -122.33 47.61, -122.34 47.61, -122.34 47.60, -122.33 47.60)), ((-122.36 47.63, -122.36 47.64, -122.37 47.64, -122.37 47.63, -122.36 47.63)))",multi-polygon
SHAPE,"MULTIPOLYGON (((-104.9902 39.7392, -104.9902 39.7547, -105.0002 39.7547, -105.0002 39.7392, -104.9902 39.7392)), ((-104.98 39.72, -104.98 39.73, -104.99 39.73, -104.99 39.72, -104.98 39.72))), MULTIPOLYGON (((-112.074036 33.448376, -112.074036 33.458376, -112.084036 33.458376, -112.084036 33.448376, -112.074036 33.448376)), ((-112.06 33.43, -112.06 33.44, -112.07 33.44, -112.07 33.43, -112.06 33.43))), MULTIPOLYGON (((-87.62 41.87, -87.62 41.88, -87.63 41.88, -87.63 41.87, -87.62 41.87)), ((-87.65 41.90, -87.65 41.91, -87.66 41.91, -87.66 41.90, -87.65 41.90)))",multi-polygon
boundaries,"MULTIPOLYGON (((-71.0589 42.3601, -71.0589 42.3611, -71.0600 42.3611, -71.0600 42.3601, -71.0589 42.3601)), ((-71.0620 42.3630, -71.0620 42.3640, -71.0630 42.3640, -71.0630 42.3630, -71.0620 42.3630))), MULTIPOLYGON (((-90.0715 29.9511, -90.0715 29.9521, -90.0725 29.9521, -90.0725 29.9511, -90.0715 29.9511)), ((-90.0745 29.9541, -90.0745 29.9551, -90.0755 29.9551, -90.0755 29.9541, -90.0745 29.9541))), MULTIPOLYGON (((-77.0369 38.9072, -77.0369 38.9082, -77.0379 38.9082, -77.0379 38.9072, -77.0369 38.9072)), ((-77.0400 38.9100, -77.0400 38.9110, -77.0410 38.9110, -77.0410 38.9100, -77.0400 38.9100)))",multi-polygon
footprint_wkt,"MULTIPOLYGON (((-95.3633 29.7604, -95.3633 29.7704, -95.3733 29.7704, -95.3733 29.7604, -95.3633 29.7604),(-95.3653 29.7624, -95.3713 29.7624, -95.3713 29.7684, -95.3653 29.7684, -95.3653 29.7624)), ((-95.38 29.78, -95.38 29.79, -95.39 29.79, -95.39 29.78, -95.38 29.78))), MULTIPOLYGON (((-84.3880 33.7490, -84.3880 33.7590, -84.3980 33.7590, -84.3980 33.7490, -84.3880 33.7490)), ((-84.40 33.76, -84.40 33.77, -84.41 33.77, -84.41 33.76, -84.40 33.76))), MULTIPOLYGON (((-73.935242 40.730610, -73.935242 40.740610, -73.945242 40.740610, -73.945242 40.730610, -73.935242 40.730610)), ((-73.95 40.75, -73.95 40.76, -73.96 40.76, -73.96 40.75, -73.95 40.75)))",multi-polygon
geom,"MULTIPOLYGON (((-90.1 40.1, -90.2 40.1, -90.2 40.2, -90.1 40.2, -90.1 40.1)), ((-91.1 41.1, -91.2 41.1, -91.2 41.2, -91.1 41.2, -91.1 41.1))), MULTIPOLYGON (((-87.6 41.8, -87.7 41.8, -87.65 41.9, -87.6 41.8)), ((-87.5 41.7, -87.6 41.7, -87.55 41.8, -87.5 41.7))), MULTIPOLYGON (((-118.2 34.0, -118.3 34.0, -118.4 34.1, -118.3 34.2, -118.2 34.1, -118.2 34.0)), ((-118.5 34.3, -118.6 34.3, -118.7 34.4, -118.6 34.5, -118.5 34.4, -118.5 34.3)))",multi-polygon
footprintWKT,"MULTIPOLYGON (((-81.5 28.1, -81.6 28.1, -81.6 28.2, -81.5 28.2, -81.5 28.1)), ((-81.7 28.3, -81.8 28.3, -81.8 28.4, -81.7 28.4, -81.7 28.3))), MULTIPOLYGON (((-97.7 30.2, -97.8 30.2, -97.8 30.3, -97.7 30.3, -97.7 30.2)), ((-97.9 30.4, -98.0 30.4, -98.0 30.5, -97.9 30.5, -97.9 30.4))), MULTIPOLYGON (((-122.3 47.6, -122.4 47.6, -122.4 47.7, -122.3 47.7, -122.3 47.6)), ((-122.1 47.5, -122.2 47.5, -122.2 47.4, -122.1 47.4, -122.1 47.5)))",multi-polygon
SHAPE,"MULTIPOLYGON (((-74.01 40.71, -74.02 40.71, -74.015 40.72, -74.01 40.71)), ((-73.99 40.73, -74.00 40.73, -73.995 40.74, -73.99 40.73)), ((-73.97 40.75, -73.98 40.75, -73.975 40.76, -73.97 40.75))), MULTIPOLYGON (((-105.0 39.7, -105.1 39.7, -105.1 39.8, -105.0 39.8, -105.0 39.7)), ((-104.9 39.6, -104.8 39.6, -104.8 39.5, -104.9 39.5, -104.9 39.6))), MULTIPOLYGON (((-71.05 42.35, -71.06 42.35, -71.06 42.36, -71.05 42.36, -71.05 42.35)), ((-71.08 42.33, -71.09 42.33, -71.09 42.34, -71.08 42.34, -71.08 42.33)))",multi-polygon
multipolygon_wkt,"MULTIPOLYGON (((-68.5 44.2, -68.6 44.1, -68.4 44.0, -68.5 44.2)), ((-68.8 44.4, -68.9 44.3, -68.7 44.2, -68.8 44.4))), MULTIPOLYGON (((-112.0 33.4, -112.1 33.4, -112.1 33.5, -112.0 33.5, -112.0 33.4)), ((-112.2 33.6, -112.3 33.6, -112.3 33.7, -112.2 33.7, -112.2 33.6))), MULTIPOLYGON (((-84.38 33.78, -84.39 33.78, -84.39 33.79, -84.38 33.79, -84.38 33.78)), ((-84.40 33.80, -84.41 33.80, -84.41 33.81, -84.40 33.81, -84.40 33.80)))",multi-polygon
geom_mpoly,"MULTIPOLYGON (((-98.5 38.5, -98.6 38.5, -98.6 38.6, -98.5 38.6, -98.5 38.5)), ((-98.7 38.7, -98.8 38.7, -98.8 38.8, -98.7 38.8, -98.7 38.7))), MULTIPOLYGON (((-93.2 45.0, -93.3 45.0, -93.3 45.1, -93.2 45.1, -93.2 45.0)), ((-93.4 45.2, -93.5 45.2, -93.5 45.3, -93.4 45.3, -93.4 45.2))), MULTIPOLYGON (((-111.8 40.7, -111.9 40.7, -111.9 40.8, -111.8 40.8, -111.8 40.7)), ((-111.7 40.6, -111.6 40.6, -111.6 40.5, -111.7 40.5, -111.7 40.6)))",multi-polygon
shape,"MULTIPOLYGON (((-122.4 37.7, -122.4 37.71, -122.41 37.71, -122.41 37.7, -122.4 37.7)), ((-122.3 37.8, -122.3 37.81, -122.31 37.81, -122.31 37.8, -122.3 37.8))), MULTIPOLYGON (((-74.01 40.71, -74.01 40.72, -74.02 40.72, -74.02 40.71, -74.01 40.71)), ((-73.98 40.75, -73.98 40.76, -73.99 40.76, -73.99 40.75, -73.98 40.75))), MULTIPOLYGON (((-81.5 28.5, -81.5 28.51, -81.51 28.51, -81.51 28.5, -81.5 28.5)), ((-81.6 28.6, -81.6 28.61, -81.61 28.61, -81.61 28.6, -81.6 28.6)))",multi-polygon
the_geom,"MULTIPOLYGON (((-123.01 48.52, -122.91 48.57, -123.11 48.62, -123.01 48.52)), ((-122.93 48.43, -122.83 48.48, -122.98 48.48, -122.93 48.43))), MULTIPOLYGON (((-97.7 30.2, -97.71 30.2, -97.71 30.21, -97.7 30.21, -97.7 30.2)), ((-97.75 30.25, -97.76 30.25, -97.76 30.26, -97.75 30.26, -97.75 30.25))), MULTIPOLYGON (((-105.0 39.7, -105.0 39.71, -105.01 39.71, -105.0 39.7)), ((-105.1 39.8, -105.1 39.81, -105.11 39.81, -105.11 39.8, -105.1 39.8)))",multi-polygon
WKT_GEOMETRY,"MULTIPOLYGON (((-87.62 41.87, -87.62 41.88, -87.63 41.88, -87.64 41.875, -87.62 41.87)), ((-87.65 41.9, -87.65 41.91, -87.66 41.91, -87.67 41.905, -87.65 41.9))), MULTIPOLYGON (((-118.24 34.05, -118.24 34.06, -118.25 34.06, -118.26 34.055, -118.24 34.05)), ((-118.28 34.08, -118.28 34.09, -118.29 34.09, -118.3 34.085, -118.28 34.08))), MULTIPOLYGON (((-71.05 42.36, -71.05 42.37, -71.06 42.37, -71.07 42.365, -71.05 42.36)), ((-71.09 42.33, -71.09 42.34, -71.1 42.34, -71.11 42.335, -71.09 42.33)))",multi-polygon
boundary_multipolygon,"MULTIPOLYGON (((-112.0 33.4, -112.0 33.6, -112.2 33.6, -112.2 33.4, -112.0 33.4)), ((-112.5 33.8, -112.5 33.9, -112.6 33.9, -112.6 33.8, -112.5 33.8))), MULTIPOLYGON (((-75.1 40.0, -75.1 40.2, -75.3 40.2, -75.3 40.0, -75.1 40.0)), ((-75.5 40.3, -75.5 40.4, -75.6 40.4, -75.6 40.3, -75.5 40.3))), MULTIPOLYGON (((-122.6 45.5, -122.6 45.7, -122.8 45.7, -122.8 45.5, -122.6 45.5)), ((-122.9 45.8, -122.9 45.9, -123.0 45.9, -123.0 45.8, -122.9 45.8)))",multi-polygon
geospatial_footprint,"MULTIPOLYGON (((-95.0 39.0, -95.0 39.2, -95.2 39.2, -95.2 39.0, -95.0 39.0),(-95.05 39.05, -95.15 39.15, -95.05 39.15, -95.05 39.05)), ((-95.3 39.3, -95.3 39.4, -95.4 39.4, -95.4 39.3, -95.3 39.3))), MULTIPOLYGON (((-84.3 33.7, -84.3 33.9, -84.5 33.9, -84.5 33.7, -84.3 33.7),(-84.35 33.75, -84.45 33.85, -84.35 33.85, -84.35 33.75)), ((-84.6 34.0, -84.7 34.1, -84.8 34.0, -84.6 34.0))), MULTIPOLYGON (((-115.1 36.1, -115.1 36.3, -115.3 36.3, -115.3 36.1, -115.1 36.1),(-115.15 36.15, -115.25 36.25, -115.15 36.25, -115.15 36.15)), ((-115.4 36.4, -115.4 36.5, -115.5 36.55, -115.6 36.5, -115.4 36.4)))",multi-polygon
geom,"MULTIPOLYGON (((-74.01 40.71, -74.01 40.72, -74.02 40.72, -74.02 40.71, -74.01 40.71)), ((-73.98 40.75, -73.98 40.76, -73.99 40.76, -73.99 40.75, -73.98 40.75))), MULTIPOLYGON (((-122.41 37.77, -122.41 37.78, -122.42 37.78, -122.42 37.77, -122.41 37.77)), ((-122.43 37.76, -122.43 37.77, -122.44 37.77, -122.44 37.76, -122.43 37.76))), MULTIPOLYGON (((-87.62 41.87, -87.62 41.88, -87.63 41.88, -87.63 41.87, -87.62 41.87)), ((-87.65 41.85, -87.65 41.86, -87.66 41.86, -87.66 41.85, -87.65 41.85)))",multi-polygon
SHAPE,"MULTIPOLYGON (((-97.74 30.26, -97.74 30.27, -97.75 30.27, -97.75 30.26, -97.74 30.26)), ((-97.72 30.28, -97.72 30.29, -97.73 30.29, -97.73 30.28, -97.72 30.28))), MULTIPOLYGON (((-81.65 28.53, -81.65 28.54, -81.66 28.54, -81.66 28.53, -81.65 28.53)), ((-81.62 28.51, -81.62 28.52, -81.63 28.52, -81.63 28.51, -81.62 28.51))), MULTIPOLYGON (((-118.24 34.05, -118.24 34.06, -118.25 34.06, -118.25 34.05, -118.24 34.05)), ((-118.27 34.03, -118.27 34.04, -118.28 34.04, -118.28 34.03, -118.27 34.03)))",multi-polygon
park_boundaries,"MULTIPOLYGON (((-122.33 47.60, -122.33 47.61, -122.34 47.61, -122.34 47.60, -122.33 47.60)), ((-122.30 47.62, -122.30 47.63, -122.31 47.63, -122.31 47.62, -122.30 47.62))), MULTIPOLYGON (((-71.05 42.36, -71.05 42.37, -71.06 42.37, -71.06 42.36, -71.05 42.36)), ((-71.08 42.34, -71.08 42.35, -71.09 42.35, -71.09 42.34, -71.08 42.34))), MULTIPOLYGON (((-95.36 29.76, -95.36 29.77, -95.37 29.77, -95.37 29.76, -95.36 29.76)), ((-95.38 29.74, -95.38 29.75, -95.39 29.75, -95.39 29.74, -95.38 29.74)))",multi-polygon
Wkt_Geom,"MULTIPOLYGON (((-104.99 39.73, -104.99 39.74, -105.00 39.74, -105.00 39.73, -104.99 39.73)), ((-104.98 39.75, -104.98 39.76, -104.99 39.76, -104.99 39.75, -104.98 39.75))), MULTIPOLYGON (((-90.07 29.95, -90.07 29.96, -90.08 29.96, -90.08 29.95, -90.07 29.95)), ((-90.05 29.97, -90.05 29.98, -90.06 29.98, -90.06 29.97, -90.05 29.97))), MULTIPOLYGON (((-112.07 33.44, -112.07 33.45, -112.08 33.45, -112.08 33.44, -112.07 33.44)), ((-112.05 33.46, -112.05 33.47, -112.06 33.47, -112.06 33.46, -112.05 33.46)))",multi-polygon
the_geom_multipolygon,"MULTIPOLYGON (((-84.38 33.74, -84.38 33.75, -84.39 33.75, -84.39 33.74, -84.38 33.74)), ((-84.40 33.76, -84.40 33.77, -84.41 33.77, -84.41 33.76, -84.40 33.76))), MULTIPOLYGON (((-77.03 38.90, -77.03 38.91, -77.04 38.91, -77.04 38.90, -77.03 38.90)), ((-77.01 38.88, -77.01 38.89, -77.02 38.89, -77.02 38.88, -77.01 38.88))), MULTIPOLYGON (((-121.49 38.58, -121.49 38.59, -121.50 38.59, -121.50 38.58, -121.49 38.58)), ((-121.47 38.56, -121.47 38.57, -121.48 38.57, -121.48 38.56, -121.47 38.56)))",multi-polygon
geometry,"MULTIPOLYGON (((-87.65 41.88, -87.62 41.88, -87.62 41.90, -87.65 41.90, -87.65 41.88)), ((-87.68 41.85, -87.66 41.85, -87.66 41.87, -87.68 41.87, -87.68 41.85))), MULTIPOLYGON (((-118.25 34.05, -118.23 34.05, -118.23 34.07, -118.25 34.07, -118.25 34.05)), ((-118.28 34.02, -118.26 34.02, -118.26 34.04, -118.28 34.04, -118.28 34.02))), MULTIPOLYGON (((-74.00 40.71, -73.98 40.71, -73.98 40.73, -74.00 40.73, -74.00 40.71)), ((-73.97 40.74, -73.96 40.74, -73.96 40.75, -73.97 40.75, -73.97 40.74)))",multi-polygon
geom_wkt,"MULTIPOLYGON (((-95.36 29.76, -95.34 29.76, -95.34 29.78, -95.36 29.78, -95.36 29.76)), ((-95.39 29.73, -95.37 29.73, -95.37 29.75, -95.39 29.75, -95.39 29.73))), MULTIPOLYGON (((-122.33 47.61, -122.31 47.61, -122.31 47.63, -122.33 47.63, -122.33 47.61)), ((-122.35 47.58, -122.34 47.58, -122.34 47.59, -122.35 47.59, -122.35 47.58))), MULTIPOLYGON (((-80.19 25.77, -80.17 25.77, -80.17 25.79, -80.19 25.79, -80.19 25.77)), ((-80.22 25.74, -80.20 25.74, -80.20 25.76, -80.22 25.76, -80.22 25.74)))",multi-polygon
boundary_shape,"MULTIPOLYGON (((-71.06 42.36, -71.04 42.36, -71.04 42.38, -71.06 42.38, -71.06 42.36)), ((-71.09 42.33, -71.07 42.33, -71.07 42.35, -71.09 42.35, -71.09 42.33))), MULTIPOLYGON (((-112.07 33.45, -112.05 33.45, -112.05 33.47, -112.07 33.47, -112.07 33.45)), ((-112.10 33.42, -112.08 33.42, -112.08 33.44, -112.10 33.44, -112.10 33.42))), MULTIPOLYGON (((-90.07 29.95, -90.05 29.95, -90.05 29.97, -90.07 29.97, -90.07 29.95)), ((-90.10 29.92, -90.08 29.92, -90.08 29.94, -90.10 29.94, -90.10 29.92)))",multi-polygon
WKT_GEOM,"MULTIPOLYGON (((-77.04 38.89, -77.02 38.89, -77.02 38.91, -77.04 38.91, -77.04 38.89)), ((-77.07 38.86, -77.05 38.86, -77.05 38.88, -77.07 38.88, -77.07 38.86)), ((-77.01 38.92, -77.00 38.92, -77.00 38.93, -77.01 38.93, -77.01 38.92))), MULTIPOLYGON (((-96.80 32.78, -96.78 32.78, -96.78 32.80, -96.80 32.80, -96.80 32.78)), ((-96.83 32.75, -96.81 32.75, -96.81 32.77, -96.83 32.77, -96.83 32.75))), MULTIPOLYGON (((-122.42 37.77, -122.40 37.77, -122.40 37.79, -122.42 37.79, -122.42 37.77)), ((-122.45 37.74, -122.43 37.74, -122.43 37.76, -122.45 37.76, -122.45 37.74)))",multi-polygon
multipolygon_wkt,"MULTIPOLYGON (((-84.39 33.75, -84.37 33.75, -84.37 33.77, -84.39 33.77, -84.39 33.75)), ((-84.42 33.72, -84.40 33.72, -84.40 33.74, -84.42 33.74, -84.42 33.72))), MULTIPOLYGON (((-104.99 39.74, -104.97 39.74, -104.97 39.76, -104.99 39.76, -104.99 39.74)), ((-105.02 39.71, -105.00 39.71, -105.00 39.73, -105.02 39.73, -105.02 39.71))), MULTIPOLYGON (((-75.16 39.95, -75.14 39.95, -75.14 39.97, -75.16 39.97, -75.16 39.95)), ((-75.19 39.92, -75.17 39.92, -75.17 39.94, -75.19 39.94, -75.19 39.92)))",multi-polygon
geometry,"MULTIPOLYGON (((-122.40 37.70, -122.40 37.80, -122.30 37.80, -122.30 37.70, -122.40 37.70)), ((-122.20 37.60, -122.20 37.70, -122.10 37.70, -122.10 37.60, -122.20 37.60))), MULTIPOLYGON (((-96.80 32.80, -96.80 32.90, -96.70 32.90, -96.70 32.80, -96.80 32.80)), ((-95.40 29.70, -95.40 29.80, -95.30 29.80, -95.30 29.70, -95.40 29.70))), MULTIPOLYGON (((-80.20 25.80, -80.20 25.90, -80.10 25.90, -80.10 25.80, -80.20 25.80)), ((-81.50 28.50, -81.50 28.60, -81.40 28.60, -81.40 28.50, -81.50 28.50)))",multi-polygon
geom_multipoly,"MULTIPOLYGON (((-74.00 40.70, -74.00 40.71, -73.99 40.71, -73.99 40.70, -74.00 40.70)), ((-73.95 40.75, -73.95 40.76, -73.94 40.76, -73.94 40.75, -73.95 40.75))), MULTIPOLYGON (((-87.65 41.88, -87.65 41.89, -87.64 41.89, -87.64 41.88, -87.65 41.88)), ((-87.70 41.85, -87.70 41.86, -87.69 41.86, -87.69 41.85, -87.70 41.85))), MULTIPOLYGON (((-105.00 39.70, -105.00 39.71, -104.99 39.71, -104.99 39.70, -105.00 39.70)), ((-105.10 39.80, -105.10 39.81, -105.09 39.81, -105.09 39.80, -105.10 39.80)))",multi-polygon
WKT_GEOSPATIAL_BOUNDARY,"MULTIPOLYGON (((-90.1 29.9, -90.1 30.0, -90.0 30.0, -90.0 29.9, -90.1 29.9)), ((-91.2 30.5, -91.2 30.6, -91.1 30.6, -91.1 30.5, -91.2 30.5))), MULTIPOLYGON (((-122.7 45.5, -122.7 45.6, -122.6 45.6, -122.6 45.5, -122.7 45.5)), ((-123.0 44.9, -123.0 45.0, -122.9 45.0, -122.9 44.9, -123.0 44.9))), MULTIPOLYGON (((-122.9 48.5, -122.9 48.6, -122.8 48.6, -122.8 48.5, -122.9 48.5)), ((-123.1 48.4, -123.1 48.5, -123.0 48.5, -123.0 48.4, -123.1 48.4)))",multi-polygon
shape,"MULTIPOLYGON((( -71.06 42.36, -71.05 42.36, -71.05 42.37, -71.06 42.37, -71.06 42.36)),(( -71.10 42.35, -71.09 42.35, -71.09 42.34, -71.10 42.34, -71.10 42.35))), MULTIPOLYGON((( -95.37 29.76, -95.36 29.76, -95.36 29.77, -95.37 29.77, -95.37 29.76)),(( -95.40 29.75, -95.39 29.75, -95.39 29.74, -95.40 29.74, -95.40 29.75))), MULTIPOLYGON((( -75.16 39.95, -75.15 39.95, -75.15 39.96, -75.16 39.96, -75.16 39.95)),(( -75.20 39.94, -75.19 39.94, -75.19 39.93, -75.20 39.93, -75.20 39.94)))",multi-polygon
multipolygon_footprint,"MULTIPOLYGON (((-93.6 41.6, -93.6 41.7, -93.5 41.7, -93.5 41.6, -93.6 41.6)), ((-93.8 41.5, -93.8 41.6, -93.7 41.6, -93.7 41.5, -93.8 41.5))), MULTIPOLYGON (((-115.2 36.1, -115.2 36.2, -115.1 36.2, -115.1 36.1, -115.2 36.1)), ((-117.0 39.5, -117.0 39.6, -116.9 39.6, -116.9 39.5, -117.0 39.5))), MULTIPOLYGON (((-93.2 44.9, -93.2 45.0, -93.1 45.0, -93.1 44.9, -93.2 44.9)), ((-94.6 46.8, -94.6 46.9, -94.5 46.9, -94.5 46.8, -94.6 46.8)))",multi-polygon
wkt_geom,"MULTIPOLYGON (((-87.65 41.88, -87.64 41.88, -87.64 41.87, -87.65 41.87, -87.65 41.88)), ((-87.63 41.86, -87.62 41.86, -87.62 41.85, -87.63 41.85, -87.63 41.86))), MULTIPOLYGON (((-74.01 40.71, -74.00 40.72, -73.99 40.71, -74.00 40.70, -74.01 40.71)), ((-73.98 40.75, -73.97 40.76, -73.98 40.76, -73.98 40.75))), MULTIPOLYGON (((-122.4 37.7, -122.3 37.8, -122.4 37.8, -122.4 37.7)), ((-122.2 37.6, -122.1 37.7, -122.2 37.7, -122.2 37.6)))",multi-polygon
GEOMETRY,"MULTIPOLYGON (((-71.05 42.36, -71.04 42.36, -71.04 42.35, -71.05 42.35, -71.05 42.36)), ((-71.03 42.34, -71.02 42.34, -71.02 42.33, -71.03 42.33, -71.03 42.34))), MULTIPOLYGON (((-95.36 29.76, -95.35 29.76, -95.35 29.75, -95.36 29.75, -95.36 29.76)), ((-95.34 29.76, -95.33 29.76, -95.33 29.75, -95.34 29.75, -95.34 29.76))), MULTIPOLYGON (((-118.25 34.05, -118.24 34.05, -118.24 34.04, -118.25 34.04, -118.25 34.05)), ((-118.25 34.03, -118.24 34.03, -118.24 34.02, -118.25 34.02, -118.25 34.03)))",multi-polygon
shape,"MULTIPOLYGON (((-122.33 47.61, -122.32 47.61, -122.32 47.60, -122.33 47.60, -122.33 47.61)), ((-122.31 47.62, -122.30 47.62, -122.30 47.61, -122.31 47.61, -122.31 47.62))), MULTIPOLYGON (((-104.99 39.74, -104.98 39.74, -104.98 39.73, -104.99 39.73, -104.99 39.74)), ((-104.97 39.75, -104.96 39.75, -104.96 39.74, -104.97 39.74, -104.97 39.75))), MULTIPOLYGON (((-80.20 25.77, -80.19 25.77, -80.19 25.76, -80.20 25.76, -80.20 25.77)), ((-80.18 25.78, -80.17 25.78, -80.17 25.77, -80.18 25.77, -80.18 25.78)))",multi-polygon
multipolygon_wkt,"MULTIPOLYGON (((-76.6 39.3, -76.5 39.3, -76.5 39.2, -76.6 39.2, -76.6 39.3)), ((-76.4 39.1, -76.3 39.1, -76.3 39.0, -76.4 39.0, -76.4 39.1))), MULTIPOLYGON (((-84.4 33.7, -84.3 33.8, -84.4 33.8, -84.4 33.7)), ((-84.2 33.6, -84.1 33.7, -84.1 33.6, -84.2 33.6))), MULTIPOLYGON (((-97.75 30.26, -97.74 30.26, -97.74 30.25, -97.75 30.25, -97.75 30.26)), ((-97.73 30.28, -97.72 30.28, -97.72 30.27, -97.73 30.27, -97.73 30.28)))",multi-polygon
the_geom,"MULTIPOLYGON (((-73.99 40.75, -73.98 40.76, -73.97 40.75, -73.98 40.74, -73.99 40.75)), ((-73.96 40.77, -73.95 40.78, -73.94 40.77, -73.95 40.76, -73.96 40.77))), MULTIPOLYGON (((-122.42 37.78, -122.41 37.79, -122.40 37.78, -122.41 37.77, -122.42 37.78)), ((-122.45 37.76, -122.44 37.77, -122.43 37.76, -122.44 37.75, -122.45 37.76))), MULTIPOLYGON (((-87.63 41.89, -87.62 41.90, -87.61 41.89, -87.62 41.88, -87.63 41.89)), ((-87.66 41.87, -87.65 41.88, -87.64 41.87, -87.65 41.86, -87.66 41.87)))",multi-polygon
geom,"MULTIPOLYGON (((-97.75 30.25, -97.74 30.25, -97.74 30.26, -97.75 30.26, -97.75 30.25)), ((-97.72 30.28, -97.71 30.28, -97.71 30.29, -97.72 30.29, -97.72 30.28))), MULTIPOLYGON (((-118.25 34.05, -118.24 34.05, -118.24 34.06, -118.25 34.06, -118.25 34.05)), ((-118.20 34.01, -118.19 34.01, -118.19 34.02, -118.20 34.02, -118.20 34.01))), MULTIPOLYGON (((-87.63 41.88, -87.62 41.88, -87.62 41.89, -87.63 41.89, -87.63 41.88)), ((-87.65 41.85, -87.64 41.85, -87.64 41.86, -87.65 41.86, -87.65 41.85)), ((-87.68 41.90, -87.67 41.90, -87.67 41.91, -87.68 41.91, -87.68 41.90)))",multi-polygon
shape,"MULTIPOLYGON (((-73.98 40.75, -73.97 40.75, -73.97 40.76, -73.98 40.76, -73.98 40.75)), ((-73.96 40.74, -73.95 40.74, -73.95 40.75, -73.96 40.75, -73.96 40.74))), MULTIPOLYGON (((-122.42 37.77, -122.41 37.77, -122.41 37.78, -122.42 37.78, -122.42 37.77)), ((-122.45 37.80, -122.44 37.80, -122.44 37.81, -122.45 37.81, -122.45 37.80))), MULTIPOLYGON (((-84.39 33.75, -84.38 33.75, -84.38 33.76, -84.39 33.76, -84.39 33.75)), ((-84.42 33.78, -84.41 33.78, -84.41 33.79, -84.42 33.79, -84.42 33.78)))",multi-polygon
district_boundary,"MULTIPOLYGON (((-80.20 25.79, -80.19 25.78, -80.18 25.80, -80.20 25.79)), ((-80.22 25.76, -80.21 25.75, -80.20 25.77, -80.22 25.76))), MULTIPOLYGON (((-104.99 39.74, -104.98 39.73, -104.97 39.75, -104.99 39.74)), ((-105.02 39.76, -105.01 39.75, -105.00 39.77, -105.02 39.76))), MULTIPOLYGON (((-77.04 38.90, -77.03 38.89, -77.02 38.91, -77.04 38.90)), ((-77.06 38.92, -77.05 38.91, -77.04 38.93, -77.06 38.92)))",multi-polygon
parks_mpoly,"MULTIPOLYGON (((-122.68 45.52, -122.67 45.52, -122.67 45.53, -122.68 45.53, -122.68 45.52)), ((-122.66 45.51, -122.65 45.51, -122.65 45.52, -122.66 45.52, -122.66 45.51))), MULTIPOLYGON (((-93.28 44.97, -93.27 44.97, -93.27 44.98, -93.28 44.98, -93.28 44.97)), ((-93.25 44.95, -93.24 44.95, -93.24 44.96, -93.25 44.96, -93.25 44.95))), MULTIPOLYGON (((-71.06 42.36, -71.05 42.36, -71.05 42.37, -71.06 42.37, -71.06 42.36)), ((-71.09 42.35, -71.08 42.35, -71.08 42.36, -71.09 42.36, -71.09 42.35)))",multi-polygon
wkt_geom,"MULTIPOLYGON (((-117.16 32.71, -117.15 32.71, -117.15 32.72, -117.16 32.72, -117.16 32.71)), ((-117.20 32.75, -117.19 32.75, -117.19 32.76, -117.20 32.76, -117.20 32.75))), MULTIPOLYGON (((-95.37 29.76, -95.36 29.76, -95.36 29.77, -95.37 29.77, -95.37 29.76)), ((-95.39 29.74, -95.38 29.74, -95.38 29.75, -95.39 29.75, -95.39 29.74)), ((-95.42 29.78, -95.41 29.78, -95.41 29.79, -95.42 29.79, -95.42 29.78))), MULTIPOLYGON (((-122.33 47.61, -122.32 47.61, -122.32 47.62, -122.33 47.62, -122.33 47.61)), ((-122.35 47.60, -122.34 47.60, -122.34 47.61, -122.35 47.61, -122.35 47.60)))",multi-polygon
owner_name,"SMITH, JOHN, DOE, JANE, PUBLIC HOUSING AUTHORITY",non_spatial
status,"Completed, In Progress, Pending",non_spatial
record_id,"REC-001-A, REC-002-B, REC-003-C",non_spatial
last_mod_date,"2022-10-05, 2023-01-20, 2021-08-11",non_spatial
item_count,"15, 8, 231",non_spatial
owner_name,"SMITH, JOHN, CHEN, WEI, GARCIA, MARIA",non_spatial
permit_status,"ISSUED, PENDING, EXPIRED",non_spatial
REPORT_DATE,"2022-08-14, 2023-01-05, 2022-11-22",non_spatial
agency_id,"DOB, HPD, DEP",non_spatial
story_count,"12, 3, 5",non_spatial
VIOLATION_CODE,"V05, N12, V01",non_spatial
permit_issue_date,"2021-05-12, 2022-11-01, 2020-03-22",non_spatial
building_stories,"3, 12, 1",non_spatial
inspection_status,"PASSED, FAILED, PENDING",non_spatial
agency_name,"Department of Buildings, Department of Transportation, Department of Health and Mental Hygiene",non_spatial
permit_status,"ISSUED, EXPIRED, IN PROCESS",non_spatial
filing_date,"10/05/2022, 01/20/2023, 07/11/2021",non_spatial
complaint_id,"HPD-23-00456, DOB-22-09123, DEP-23-01789",non_spatial
is_active_flag,"true, false, true",non_spatial
action_code,"A, D, C",non_spatial
filing_date,"2022-08-01, 2023-01-15, 2021-11-30",non_spatial
complaint_category,"Noise - Residential, Rodent, Street Condition",non_spatial
case_id,"SR-22-001234, SR-23-005678, SR-21-009012",non_spatial
unit_count,"3, 15, 8",non_spatial
applicant_name,"SMITH, JOHN, CHEN, WEI, GARCIA, MARIA E",non_spatial
violation_status,"Resolved, Active, Pending Hearing",non_spatial
date_filed,"2023-01-15, 2022-11-30, 2023-05-02",non_spatial
license_num,"BI-109843, EL-234598, PL-098871",non_spatial
inspection_fee,"125.00, 75.50, 250.00",non_spatial
agency,"DEPARTMENT OF FINANCE, DEPT OF BUILDINGS, FIRE DEPARTMENT",non_spatial
complaint_type,"Noise - Residential, Illegal Parking, Blocked Driveway",non_spatial
created_date,"04/01/2022 12:00:00 AM, 2023-11-08, 01-MAR-24",non_spatial
owner_name,"SMITH, MARY, CHEN, DAVID, GARCIA, CARLOS",non_spatial
owner_name,"JONES, MARY, CHEN, LI, GARCIA, CARLOS",non_spatial
PERMIT_STATUS,"ACTIVE, EXPIRED, ISSUED",non_spatial
date_filed,"10/05/2022, 01/12/2023, 08/21/2021",non_spatial
record_id,"REC-8472-A, REC-9103-C, REC-7734-B",non_spatial
number_of_stories,"3, 12, 1",non_spatial
employee_id,"EMP-9482, EMP-3810, EMP-5567",non_spatial
last_updated,"2022-10-05T14:48:00Z, 2023-01-15T09:30:00Z, 2021-12-20T18:00:00Z",non_spatial
permit_status,"ISSUED, EXPIRED, PENDING_REVIEW",non_spatial
total_violations,"3, 0, 1",non_spatial
IsActive,"True, False, True",non_spatial
owner_name,"SMITH, JOHN, GARCIA, MARIA, CHEN, DAVID",non_spatial
INSPECTION_RESULT,"Pass, Fail, Incomplete",non_spatial
last_mod_date,"2023-10-26T10:00:00Z, 2023-10-27T14:30:00Z, 2023-11-01T09:15:00Z",non_spatial
Record_ID,"A-2022-0459, B-2023-1102, C-2021-9834",non_spatial
employee_count,"25, 150, 8",non_spatial
AGENCY,"DEPARTMENT OF BUILDINGS, DEPARTMENT OF TRANSPORTATION, FIRE DEPARTMENT",non_spatial
PermitStatus,"ISSUED, IN PROCESS, EXPIRED",non_spatial
inspection_date,"2022-08-01, 2023-01-15, 2021-11-30",non_spatial
complaint_id,"C-34812, C-98155, C-50023",non_spatial
number_of_units,"6, 24, 1",non_spatial
number_of_employees,"25, 150, 8",non_spatial
application_status,"APPROVED, PENDING, REJECTED",non_spatial
issue_date,"2022-03-15, 2021-11-01, 2023-01-20",non_spatial
agency_abbreviation,"DOB, DOHMH, DEP",non_spatial
case_id,"CZ-2023-1134, SR-2022-9087, WQ-2023-0544",non_spatial
applicant_name,"Javier Rodriguez, Eleanor Vance, Marcus Holloway",non_spatial
Inspection_Result,"Pass, Fail, Pass with Conditions",non_spatial
service_request_id,"SR-2023-00891, SR-2023-01452, SR-2022-19876",non_spatial
last_updated,"2022-08-15T10:30:00Z, 2023-01-05T14:00:00Z, 2021-11-20T09:45:00Z",non_spatial
employee_count,"12, 150, 4",non_spatial
owner_name,"SMITH, JOHN, GARCIA, MARIA, LEE, DAVID",non_spatial
PERMIT_STATUS,"ISSUED, EXPIRED, PENDING",non_spatial
issue_date,"2021-05-12, 2022-09-01, 2023-01-20",non_spatial
ViolationCount,"3, 0, 1",non_spatial
account_num,"ACC-98734, ACC-10385, ACC-58219",non_spatial
complaint_status,"Open, Closed, In Progress",non_spatial
INSPECTION_DATE,"10/05/2022, 11/12/2022, 01/03/2023",non_spatial
permit_id,"P-2023-4857A, P-2023-4912B, P-2023-5001C",non_spatial
total_fee,"75.50, 120.00, 50.25",non_spatial
agency,"Department of Buildings, Department of Health, Department of Transportation",non_spatial
number_of_employees,"15, 8, 42",non_spatial
last_updated_date,"2022-01-18, 2023-05-09, 2022-11-30",non_spatial
case_status,"Closed, Open, Pending",non_spatial
ACCOUNT_ID,"ACC-94820, ACC-10384, ACC-58291",non_spatial
is_delinquent,"False, True, False",non_spatial
owner_name,"SMITH, JOHN, CHEN, WEI, GARCIA LLC",non_spatial
application_status,"APPROVED, DENIED, IN REVIEW",non_spatial
last_updated_dt,"2022-03-15T14:30:00Z, 2023-01-05T09:00:00Z, 2021-11-20T18:45:00Z",non_spatial
case_id,"CZ-2023-0045, VIOL-2022-1892, INSP-2023-3451",non_spatial
number_of_employees,"12, 150, 4",non_spatial
owner_name_1,"SMITH, JOHN, GARCIA, MARIA, WILLIAMS, DAVID",non_spatial
application_status,"Complete, Incomplete, Pending Review",non_spatial
DATE_OF_FILING,"2022-10-05, 2023-01-15, 2021-08-22",non_spatial
case_reference_id,"A-102938, B-492011, A-209384",non_spatial
number_of_employees,"15, 120, 8",non_spatial
inspection_date,"10/05/2022, 01/12/2023, 07/21/2022",non_spatial
permit_type,"Electrical, Plumbing, Building",non_spatial
case_number,"CE2023-00451, CE2022-01987, CE2023-00213",non_spatial
violation_count,"2, 0, 5",non_spatial
current_status,"Active, Closed, Pending",non_spatial
inspection_date,"2023-05-10, 2023-05-11, 2023-05-12",non_spatial
permit_id,"P-2023-01123, P-2022-98765, P-2023-00456",non_spatial
agency,"Department of Buildings, Department of Transportation, Department of Parks and Recreation",non_spatial
complaint_count,"3, 1, 15",non_spatial
total_units,"5, 1, 23",non_spatial
INSP_STAT,"PENDING, APPROVED, REJECTED",non_spatial
DateOfFiling,"2022-03-15, 2021-11-01, 2023-01-20",non_spatial
applicantName,"Jane Doe, Michael Smith, Emily Johnson",non_spatial
record_id,"PERM-2023-001, CASE-2022-58B, TRN-2023-912",non_spatial
account_id,"ACC-48291, ACC-50112, ACC-53890",non_spatial
last_modified,"2023-08-11T14:30:00Z, 2023-08-11T15:00:00Z, 2023-08-12T09:22:00Z",non_spatial
PermitStatus,"Approved, Expired, Under Review",non_spatial
item_count,"14, 2, 35",non_spatial
reporter_name,"Jane Doe, John Smith, Emily Jones",non_spatial
total_employees,"12, 5, 48",non_spatial
inspectionDate,"2022-08-11, 2023-01-05, 2022-12-24",non_spatial
PERMIT_TYPE_CODE,"EQ, NB, PA",non_spatial
owner_name,"SMITH, JOHN, GARCIA, MARIA, CHEN, WEI",non_spatial
last_modified_date,"2022-10-05, 2023-01-15, 2021-07-22",non_spatial
case_id,"CASE-2023-0184, CASE-2022-9832, CASE-2023-4401",non_spatial
complaint_count,"3, 0, 1",non_spatial
last_modified_date,"2022-03-15T10:30:00Z, 2023-01-20T14:00:00Z, 2021-11-05T09:15:00Z",non_spatial
inspection_result,"Pass, Fail, Incomplete",non_spatial
agency,"Department of Buildings, Department of Transportation, Department of Health",non_spatial
Complaint Number,"CN-93840, CN-81234, CN-20987",non_spatial
owner_name,"James Peterson, Maria Rodriguez, David Chen",non_spatial
permit_status,"Active, Expired, Pending Review",non_spatial
last_updated,"2022-10-05T14:30:00Z, 2023-01-20T09:00:00Z, 2021-11-15T18:45:00Z",non_spatial
case_number,"CE-2023-0458, SR-2022-1982, DB-2023-0017",non_spatial
TOTAL_FEES,"150.75, 25.00, 500.00",non_spatial
case_status,"Closed, Open, In Progress",non_spatial
owner_name,"SMITH, JOHN, DOE, JANE E, PUBLIC UTILITY CO",non_spatial
issue_date,"2021-03-15, 2022-08-01, 2020-11-23",non_spatial
violation_count,"0, 2, 1",non_spatial
agency_id,"HPD, DOB, DEP",non_spatial
applicant_name,"SMITH, JOHN, PIONEER REALTY LLC, CHEN, WEI",non_spatial
job_status,"A-APPLICATION PROCESSED, P-PLAN EXAM, J-JOB FILED",non_spatial
issue_date,"2019-07-22, 2020-01-09, 2021-11-30",non_spatial
VIOLATION_CODE,"V05, V09, V12",non_spatial
total_construction_floor_area,"8400, 125000, 2150",non_spatial
agency_id,"DOB, HPD, DCA",non_spatial
application_status,"APPROVED, PENDING, DENIED",non_spatial
FilingDate,"2022-08-11, 2023-01-05, 2021-12-24",non_spatial
job_number,"JT4001892, JT1009845, JT3001234",non_spatial
inspection_count,"2, 0, 5",non_spatial
applicant_name,"JANE DOE, JOHN SMITH, CARLOS RUIZ",non_spatial
PERMIT_STATUS,"ISSUED, PENDING, EXPIRED",non_spatial
last_updated,"2022-08-15T10:30:00Z, 2023-01-20T14:00:00Z, 2021-11-05T09:45:00Z",non_spatial
violation_id,"V-98765, V-12345, V-54321",non_spatial
VIOLATION_CODE,"V01, V05, V11",non_spatial
permit_issuance_date,"2019-04-01T00:00:00.000, 2020-07-22T00:00:00.000, 2018-11-30T00:00:00.000",non_spatial
agency,"DEPARTMENT OF BUILDINGS, DEPARTMENT OF TRANSPORTATION, DEPARTMENT OF HEALTH",non_spatial
owner_name,"SMITH, JOHN, DOE, JANE C, PUBLIC PROPERTY LLC",non_spatial
complaint_count,"3, 1, 8",non_spatial
request_type,"Noise Complaint, Pothole Repair, Tree Maintenance",non_spatial
case_status_current,"Closed, Open, In Progress",non_spatial
incident_datetime,"2023-05-10T14:30:00, 2023-05-11T09:00:00, 2023-05-12T21:45:00",non_spatial
num_of_complaints,"1, 3, 1",non_spatial
agency_code,"DOT, DEP, DPR",non_spatial
owner_name,"James Williams, Patricia Brown, Robert Jones",non_spatial
case_status,"Closed, Open, Investigation Pending",non_spatial
last_updated,"2022-08-15T14:30:00Z, 2023-01-20T10:05:12Z, 2021-11-02T18:45:30Z",non_spatial
violation_code,"V03, M11, G01",non_spatial
num_of_employees,"15, 8, 120",non_spatial
Permit_Status,"ISSUED, EXPIRED, PENDING",non_spatial
owner_name,"SMITH, JOHN, CHEN, LI WEI, GARCIA, MARIA",non_spatial
FILING_DATE,"04/15/2022, 11/02/2023, 07/21/2021",non_spatial
work_type,"Alteration, New Building, Demolition",non_spatial
agency,"DEPARTMENT OF BUILDINGS, DEPARTMENT OF TRANSPORTATION, DEPT OF HEALTH/MENTAL HYGIENE",non_spatial
permit_status,"ISSUED, IN PROCESS, EXPIRED",non_spatial
application_type,"New Building, Alteration, Demolition",non_spatial
issue_date,"2019-04-12, 2020-11-01, 2021-07-22",non_spatial
job_number,"121192752, 320922383, 440322978",non_spatial
application_status,"Pending, Complete, Under Review",non_spatial
owner_name,"Maria Rodriguez, David Chen, Emily White",non_spatial
INSPECTION_DATE,"2022-01-15, 2023-07-20, 2021-11-01",non_spatial
permit_id,"A34-982-C, B12-111-X, C99-543-F",non_spatial
NUM_UNITS,"3, 12, 1",non_spatial
permit_exp_date,"05/12/2024, 11/01/2025, 08/22/2023",non_spatial
VIOLATION_CATEGORY,"FAILURE TO MAINTAIN, ILLEGAL CONVERSION, WORK WITHOUT A PERMIT",non_spatial
inspection_id,"INS-458920-A, INS-459112-C, INS-460321-A",non_spatial
approved,"True, False, True",non_spatial
Total_Fees,"150.00, 75.50, 325.00",non_spatial
Permit_Status_Description,"ISSUED, IN REVIEW, EXPIRED",non_spatial
application_filing_date,"05/12/2022, 11/01/2023, 07/23/2021",non_spatial
owner_name_1,"SMITH, JOHN A, GARCIA, MARIA L, CHEN, DAVID W",non_spatial
Violation_ID,"V-2022-98712, V-2023-10034, V-2021-88345",non_spatial
Job_Cost,"12500, 75000, 23450",non_spatial
applicant_name,"John Doe, Jane Smith, MegaCorp Inc.",non_spatial
status,"ACTIVE, EXPIRED, PENDING",non_spatial
issue_date,"2021-06-15, 2022-01-20, 2020-11-01",non_spatial
license_id,"L102-3489-A, L105-9981-C, L101-0045-B",non_spatial
violation_count,"0, 3, 1",non_spatial
owner_name,"SMITH, JOHN, DOE, JANE A, PUBLIC, JOHN Q",non_spatial
inspection_status,"Passed, Failed, Pending",non_spatial
application_date,"2022-11-01, 2023-01-15, 2023-03-20",non_spatial
license_number,"LIC-884021, LIC-901334, LIC-895678",non_spatial
shape,"POINT(-74.0060 40.7128), POINT(-118.2437 34.0522), POINT(-87.6298 41.8781)",point
Location_Point,"POINT(-95.3698 29.7604), POINT(-97.7431 30.2672), POINT(-96.7970 32.7767)",point
wkt_geom,"POINT(-122.3321 47.6062), POINT(-122.6765 45.5231), POINT(-116.2023 43.6150)",point
the_geom,"POINT(-71.0589 42.3601), POINT(-75.1652 39.9526), POINT(-80.1918 25.7617)",point
GEOM,"POINT(-104.9903 39.7392), POINT(-111.8910 40.7608), POINT(-112.0740 33.4484)",point
SHAPE,"POINT (-118.2437 34.0522), POINT (-74.0060 40.7128), POINT (-87.6298 41.8781)",point
the_geom,"POINT (-95.3698 29.7604), POINT (-122.3321 47.6062), POINT (-97.7431 30.2672)",point
wkt_geometry,"POINT (-71.0589 42.3601), POINT (-80.1918 26.1224), POINT (-77.0369 38.9072)",point
Location,"POINT (-104.9903 39.7392), POINT (-111.8910 40.7608), POINT (-112.0740 33.4484)",point
centroid,"POINT (-84.3880 33.7490), POINT (-86.7816 36.1627), POINT (-90.0490 35.1495)",point
Location,"POINT (-74.0445 40.6892), POINT (-118.2437 34.0522), POINT (-87.6298 41.8781)",point
SHAPE,"POINT (-95.3698 29.7604), POINT (-71.0589 42.3601), POINT (-122.4194 37.7749)",point
the_geom,"POINT (-84.3880 33.7490), POINT (-77.0369 38.9072), POINT (-96.7970 32.7767)",point
wkt_geom,"POINT (-122.3321 47.6062), POINT (-111.8910 40.7608), POINT (-86.1581 39.7684)",point
centroid_point,"POINT (-80.1918 25.7617), POINT (-112.0740 33.4484), POINT (-97.7431 30.2672)",point
wkt_geometry,"POINT(-87.6298 41.8781), POINT(-118.2437 34.0522), POINT(-95.3698 29.7604)",point
geom,"POINT(-71.0589 42.3601), POINT(-79.9959 40.4406), POINT(-84.3880 33.7490)",point
Location_Point,"POINT(-122.3321 47.6062), POINT(-122.6784 45.5152), POINT(-111.8910 40.7608)",point
shape,"POINT(-96.7970 32.7767), POINT(-97.7431 30.2672), POINT(-98.4936 29.4241)",point
the_geom,"POINT(-75.1652 39.9526), POINT(-76.6122 39.2904), POINT(-77.0369 38.9072)",point
GEOMETRY,"POINT(-87.6298 41.8781), POINT(-118.2437 34.0522), POINT(-95.3698 29.7604)",point
wkt_geom,"POINT(-80.191790 25.761681), POINT(-122.3321 47.6062), POINT(-104.9903 39.7392)",point
Location_as_WKT,"POINT(-71.0589 42.3601), POINT(-75.165222 39.952583), POINT(-74.0060 40.7128)",point
shape,"POINT(-93.2650 44.9778), POINT(-90.1994 38.6270), POINT(-83.0458 42.3314)",point
the_geom_wkt,"POINT(-122.4194 37.7749), POINT(-122.6765 45.5231), POINT(-117.1611 32.7157)",point
the_geom,"POINT(-73.985655 40.748433), POINT(-118.243685 34.052234), POINT(-87.629798 41.878114)",point
geometry,"POINT(-95.369803 29.760427), POINT(-77.036871 38.907192), POINT(-122.332071 47.606209)",point
SHAPE,"POINT(-84.387982 33.748995), POINT(-71.05888 42.360082), POINT(-104.990251 39.739236)",point
centroid_location,"POINT(-90.071532 29.951066), POINT(-112.074037 33.448377), POINT(-80.19179 25.76168)",point
wkt_geom,"POINT(-122.676482 45.523062), POINT(-97.743061 30.267153), POINT(-86.781602 36.162664)",point
Location,"POINT (-118.2437 34.0522), POINT (-97.7431 32.7767), POINT (-81.5158 28.4158)",point
the_geom,"POINT (-74.0060 40.7128), POINT (-87.6298 41.8781), POINT (-122.3321 47.6062)",point
WKT_GEOMETRY,"POINT (-104.9903 39.7392), POINT (-112.0740 33.4484), POINT (-84.3880 33.7490)",point
SHAPE,"POINT (-75.1652 39.9526), POINT (-71.0589 42.3601), POINT (-78.6382 35.7796)",point
facility_centroid,"POINT (-122.6750 45.5051), POINT (-93.2650 44.9778), POINT (-90.0715 29.9511)",point
Location,"POINT (-118.243683 34.052235), POINT (-87.629799 41.878113), POINT (-95.369804 29.760427)",point
wkt_geom,"POINT (-71.0589 42.3601), POINT (-122.3321 47.6062), POINT (-75.1652 39.9526)",point
FACILITY_CENTROID,"POINT (-104.9903 39.7392), POINT (-111.8910 40.7608), POINT (-112.0740 33.4484)",point
SHAPE,"POINT (-84.3880 33.7490), POINT (-86.1581 39.7684), POINT (-90.0715 29.9511)",point
site_point,"POINT (-77.0369 38.9072), POINT (-81.6944 41.4993), POINT (-83.0458 42.3314)",point
geometry,"POINT (-74.0445 40.7178), POINT (-122.4194 37.7749), POINT (-87.6298 41.8781)",point
shape,"POINT (-95.3698 29.7604), POINT (-118.2437 34.0522), POINT (-71.0589 42.3601)",point
wkt_geom,"POINT (-84.3880 33.7490), POINT (-77.0369 38.9072), POINT (-122.3321 47.6062)",point
location_point,"POINT (-112.0740 33.4484), POINT (-90.0715 29.9511), POINT (-86.1581 39.7684)",point
centroid,"POINT (-97.7431 30.2672), POINT (-104.9903 39.7392), POINT (-81.6944 41.4993)",point
geometry,"POINT (-74.0059 40.7128), POINT (-118.2437 34.0522), POINT (-87.6298 41.8781)",point
shape,"POINT (-95.3698 29.7604), POINT (-97.7431 30.2672), POINT (-96.7970 32.7767)",point
wkt_geom,"POINT (-122.3321 47.6062), POINT (-122.6762 45.5231), POINT (-123.0868 44.0521)",point
Location,"POINT (-84.3880 33.7490), POINT (-80.1918 25.7617), POINT (-82.4572 27.9506)",point
site_point_geometry,"POINT (-71.0589 42.3601), POINT (-72.6900 41.7658), POINT (-73.7562 42.6526)",point
GEOMETRY,"POINT (-118.2426 34.0522), POINT (-87.6298 41.8781), POINT (-95.3698 29.7604)",point
wkt_shape,"POINT (-71.0589 42.3601), POINT (-75.1652 39.9526), POINT (-77.0369 38.9072)",point
Centroid,"POINT (-122.4194 37.7749), POINT (-122.3321 47.6062), POINT (-111.8910 40.7608)",point
the_geom,"POINT (-74.0060 40.7128), POINT (-73.9851 40.7580), POINT (-73.9654 40.7829)",point
pickup_point,"POINT (-86.7777 36.1744), POINT (-90.0715 29.9511), POINT (-84.3880 33.7490)",point
wkt_geom,"POINT(-74.0445 40.7178), POINT(-122.4194 37.7749), POINT(-87.6298 41.8781)",point
SHAPE,"POINT(-95.3698 29.7604), POINT(-71.0589 42.3601), POINT(-118.2437 34.0522)",point
site_point_geometry,"POINT(-84.3880 33.7490), POINT(-79.9959 40.4406), POINT(-122.3321 47.6062)",point
the_geom,"POINT(-104.9903 39.7392), POINT(-90.0715 29.9511), POINT(-77.0369 38.9072)",point
centroid,"POINT(-111.8910 40.7608), POINT(-97.7431 30.2672), POINT(-117.1611 32.7157)",point
geometry,"POINT (-74.0445 40.6892), POINT (-118.2437 34.0522), POINT (-87.6298 41.8781)",point
shape,"POINT(-95.3698 29.7604), POINT(-71.0589 42.3601), POINT(-122.3321 47.6062)",point
WKT,"POINT (-77.0369 38.9072), POINT (-122.6784 45.5152), POINT (-97.7431 30.2672)",point
location_point,"POINT (-84.3880 33.7490), POINT (-104.9903 39.7392), POINT (-86.1581 39.7684)",point
geom_wkt,"POINT(-112.0740 33.4484), POINT(-75.1652 39.9526), POINT(-117.1611 32.7157)",point
wkt_geometry,"POINT(-74.0059 40.7128), POINT(-118.2437 34.0522), POINT(-87.6298 41.8781)",point
shape,"POINT(-80.1918 25.7617), POINT(-122.3321 47.6062), POINT(-104.9903 39.7392)",point
the_geom,"POINT(-95.3698 29.7604), POINT(-112.0740 33.4484), POINT(-75.1652 39.9526)",point
point_location,"POINT(-117.1611 32.7157), POINT(-96.7970 32.7767), POINT(-121.8863 37.3382)",point
GEOMETRY,"POINT(-97.7431 30.2672), POINT(-81.6557 30.3322), POINT(-122.4194 37.7749)",point
GEOM,"POINT(-74.0059 40.7128), POINT(-118.2437 34.0522), POINT(-87.6298 41.8781)",point
wkt_geometry,"POINT(-95.3698 29.7604), POINT(-112.0740 33.4484), POINT(-75.1652 39.9526)",point
shape,"POINT(-98.4936 29.4241), POINT(-117.1611 32.7157), POINT(-96.7970 32.7767)",point
LocationPoint,"POINT(-121.8863 37.3382), POINT(-97.7431 30.2672), POINT(-81.6557 30.3322)",point
the_geom,"POINT(-97.3308 32.7555), POINT(-82.9988 39.9612), POINT(-80.8431 35.2271)",point
geom,"POINT(-74.0060 40.7128), POINT(-118.2437 34.0522), POINT(-87.6298 41.8781)",point
SHAPE,"POINT(-95.3698 29.7604), POINT(-71.0589 42.3601), POINT(-122.3321 47.6062)",point
wkt_geometry,"POINT(-84.3880 33.7490), POINT(-104.9903 39.7392), POINT(-90.0715 29.9511)",point
the_geom,"POINT(-77.0369 38.9072), POINT(-122.4194 37.7749), POINT(-97.7431 30.2672)",point
LocationPoint,"POINT(-112.0740 33.4484), POINT(-80.1918 25.7617), POINT(-86.1581 39.7684)",point
wkt_geom,"POINT (-74.0059 40.7128), POINT (-118.2437 34.0522), POINT (-87.6298 41.8781)",point
SHAPE,"POINT (-95.3698 29.7604), POINT (-71.0589 42.3601), POINT (-122.3321 47.6062)",point
Location_Point,"POINT (-77.0369 38.9072), POINT (-122.4194 37.7749), POINT (-86.7781 36.1627)",point
facility_centroid,"POINT (-84.3880 33.7490), POINT (-104.9903 39.7392), POINT (-97.7431 30.2672)",point
the_geom,"POINT (-117.1611 32.7157), POINT (-86.1581 39.7684), POINT (-90.0715 29.9511)",point
the_geom,"POINT(-73.9855 40.7580), POINT(-71.0603 42.3583), POINT(-122.4194 37.7749)",point
wkt_geom,"POINT(-96.7970 32.7767), POINT(-95.3698 29.7604), POINT(-97.7431 30.2672)",point
SHAPE,"POINT(-87.6298 41.8781), POINT(-84.3880 33.7490), POINT(-90.0715 29.9511)",point
location_point,"POINT(-118.2437 34.0522), POINT(-117.1611 32.7157), POINT(-122.3321 47.6062)",point
geom,"POINT(-80.1918 25.7617), POINT(-81.3792 28.5383), POINT(-82.4572 27.9506)",point
GEOMETRY,"POINT(-74.0059 40.7128), POINT(-122.4194 37.7749), POINT(-87.6298 41.8781)",point
the_geom,"POINT(-95.36980 29.76043), POINT(-118.24368 34.05223), POINT(-71.0589 42.3601)",point
SHAPE,"POINT(-84.387985 33.748997), POINT(-80.191791 25.761681), POINT(-86.80249 33.52066)",point
wkt_geometry,"POINT(-122.3321 47.6062), POINT(-122.6765 45.5231), POINT(-116.2146 43.6187)",point
LocationPoint,"POINT(-104.9903 39.7392), POINT(-111.8910 40.7608), POINT(-112.0740 33.4484)",point
geom,"POINT(-74.0059 40.7128), POINT(-122.4194 37.7749), POINT(-87.6298 41.8781)",point
shape,"POINT(-95.3698 29.7604), POINT(-118.2437 34.0522), POINT(-71.0589 42.3601)",point
WKT,"POINT(-84.3880 33.7490), POINT(-112.0740 33.4484), POINT(-77.0369 38.9072)",point
the_geom,"POINT(-97.7431 30.2672), POINT(-122.6750 45.5051), POINT(-122.3321 47.6062)",point
Location_as_WKT,"POINT(-80.1918 25.7617), POINT(-75.1652 39.9526), POINT(-90.0715 29.9511)",point
the_geom,"POINT(-74.0059 40.7128), POINT(-71.0589 42.3601), POINT(-76.1474 43.0481)",point
Location,"POINT(-118.2437 34.0522), POINT(-122.4194 37.7749), POINT(-117.1611 32.7157)",point
wkt_shape,"POINT(-87.6298 41.8781), POINT(-95.9928 36.1540), POINT(-90.1994 38.6270)",point
site_point_geom,"POINT(-84.3880 33.7490), POINT(-80.1918 25.7617), POINT(-81.6557 30.3322)",point
GEOMETRY_PT,"POINT(-122.3321 47.6062), POINT(-122.6765 45.5231), POINT(-111.8910 40.7608)",point
wkt_geometry,"POINT(-97.7431 30.2672), POINT(-84.3880 33.7490), POINT(-118.2437 34.0522)",point
site_geom,"POINT(-71.0589 42.3601), POINT(-73.9855 40.7580), POINT(-75.1652 39.9526)",point
the_geom,"POINT(-122.4194 37.7749), POINT(-122.3321 47.6062), POINT(-122.6765 45.5231)",point
CENTER_POINT,"POINT(-87.6298 41.8781), POINT(-90.1994 38.6270), POINT(-93.2650 44.9778)",point
Shape,"POINT(-104.9903 39.7392), POINT(-111.8910 40.7608), POINT(-112.0740 33.4484)",point
wkt_geom,"POINT (-118.2437 34.0522), POINT (-74.0060 40.7128), POINT (-87.6298 41.8781)",point
shape,"POINT (-95.3698 29.7604), POINT (-122.3321 47.6062), POINT (-71.0589 42.3601)",point
site_point_geometry,"POINT (-84.3880 33.7490), POINT (-75.1652 39.9526), POINT (-104.9903 39.7392)",point
GEOM,"POINT (-122.4194 37.7749), POINT (-90.0715 29.9511), POINT (-86.7816 36.1627)",point
the_geom,"POINT (-112.0740 33.4484), POINT (-80.1918 25.7617), POINT (-97.7431 30.2672)",point
geometry,"POINT (-74.0445 40.7178), POINT (-118.2437 34.0522), POINT (-87.6298 41.8781)",point
geom,"POINT (-95.3698 29.7604), POINT (-75.1652 39.9526), POINT (-122.3321 47.6062)",point
wkt_geometry,"POINT (-84.388 33.749), POINT (-112.074039 33.448376), POINT (-71.0589 42.3601)",point
SHAPE,"POINT (-90.0715 29.9511), POINT (-82.9988 39.9612), POINT (-104.9903 39.7392)",point
centroid_geom,"POINT (-96.7970 32.7767), POINT (-122.6750 45.5051), POINT (-77.0369 38.9072)",point
the_geom,"POINT (-118.243685 34.052234), POINT (-74.0060 40.7128), POINT (-87.6298 41.8781)",point
centroid_location,"POINT (-77.0369 38.9072), POINT (-122.4194 37.7749), POINT (-84.3880 33.7490)",point
Wkt_geom,"POINT (-97.7431 30.2672), POINT (-104.9903 39.7392), POINT (-112.0740 33.4484)",point
pickup_point,"POINT (-73.985130 40.758896), POINT (-73.993439 40.750580), POINT (-73.980011 40.743462)",point
GEOM,"POINT (-118.2437 34.0522), POINT (-87.6298 41.8781), POINT (-95.3698 29.7604)",point
wkt_geometry,"POINT (-71.0589 42.3601), POINT (-75.1652 39.9526), POINT (-77.0369 38.9072)",point
SHAPE,"POINT (-122.4194 37.7749), POINT (-122.3321 47.6062), POINT (-122.6784 45.5152)",point
the_geom,"POINT (-84.3880 33.7490), POINT (-86.1581 39.7684), POINT (-83.0458 42.3314)",point
Location_Point,"POINT (-104.9903 39.7392), POINT (-97.7431 30.2672), POINT (-111.8910 40.7608)",point
shape,"POINT(-74.0445 40.6892), POINT(-118.2437 34.0522), POINT(-87.6298 41.8781)",point
GEOM,"POINT(-95.3698 29.7604), POINT(-75.1652 39.9526), POINT(-112.0740 33.4484)",point
wkt_geometry,"POINT(-84.3880 33.7490), POINT(-71.0589 42.3601), POINT(-122.3321 47.6062)",point
incident_location,"POINT(-86.1581 39.7684), POINT(-97.7431 30.2672), POINT(-104.9903 39.7392)",point
the_geom,"POINT(-77.0369 38.9072), POINT(-83.0458 42.3314), POINT(-122.6765 45.5231)",point
wkt_geom,"POINT (-95.3698 29.7604), POINT (-75.1652 39.9526), POINT (-112.0740 33.4484)",point
the_geom,"POINT (-84.3880 33.7490), POINT (-71.0589 42.3601), POINT (-122.3321 47.6062)",point
building_centroid,"POINT (-90.0715 29.9511), POINT (-122.6750 45.5051), POINT (-96.7970 32.7767)",point
shape,"POINT (-77.0369 38.9072), POINT (-86.1581 39.7684), POINT (-104.9903 39.7392)",point
the_geom,"POINT (-122.4194 37.7749), POINT (-118.2437 34.0522), POINT (-71.0589 42.3601)",point
wkt_geometry,"POINT (-87.6298 41.8781), POINT (-95.3698 29.7604), POINT (-75.1652 39.9526)",point
Location_Point,"POINT (-122.3321 47.6062), POINT (-112.0740 33.4484), POINT (-96.7970 32.7767)",point
facility_geom,"POINT (-84.3880 33.7490), POINT (-86.1581 39.7684), POINT (-77.0369 38.9072)",point
SHAPE,"POINT (-104.9903 39.7392), POINT (-90.0715 29.9511), POINT (-80.1918 25.7617)",point
the_geom,"POINT (-118.2437 34.0522), POINT (-74.0060 40.7128), POINT (-87.6298 41.8781)",point
SHAPE,"POINT (-95.3698 29.7604), POINT (-112.0740 33.4484), POINT (-75.1652 39.9526)",point
wkt_geometry,"POINT (-122.4194 37.7749), POINT (-71.0589 42.3601), POINT (-84.3880 33.7490)",point
centroid_geom,"POINT (-122.3321 47.6062), POINT (-104.9903 39.7392), POINT (-97.7431 30.2672)",point
location_point,"POINT (-80.1918 25.7617), POINT (-81.6944 41.4993), POINT (-77.0369 38.9072)",point
wkt_geom,"POINT(-74.0445 40.6892), POINT(-118.2437 34.0522), POINT(-87.6298 41.8781)",point
SHAPE,"POINT(-95.3698 29.7604), POINT(-75.1652 39.9526), POINT(-112.0740 33.4484)",point
geometry,"POINT(-84.3880 33.7490), POINT(-71.0589 42.3601), POINT(-122.3321 47.6062)",point
the_geom,"POINT(-122.4194 37.7749), POINT(-97.7431 30.2672), POINT(-80.1918 25.7617)",point
well_location_wkt,"POINT(-104.9903 39.7392), POINT(-77.0369 38.9072), POINT(-117.1611 32.7157)",point
GEOMETRY,"POINT (-74.0059 40.7128), POINT (-118.2437 34.0522), POINT (-87.6298 41.8781)",point
site_location_point,"POINT (-95.3698 29.7604), POINT (-97.7431 30.2672), POINT (-81.6557 30.3322)",point
wkt_geom,"POINT (-122.3321 47.6062), POINT (-122.6750 45.5051), POINT (-71.0589 42.3601)",point
SHAPE,"POINT (-104.9903 39.7392), POINT (-112.0740 33.4484), POINT (-111.8910 40.7608)",point
centroid,"POINT (-77.0369 38.9072), POINT (-75.1652 39.9526), POINT (-84.3880 33.7490)",point
wkt_geom,"POINT(-74.0060 40.7128), POINT(-118.2437 34.0522), POINT(-87.6298 41.8781)",point
location_point,"POINT(-84.3880 33.7490), POINT(-80.1918 25.7617), POINT(-71.0589 42.3601)",point
GEOMETRY,"POINT(-96.7970 32.7767), POINT(-97.7431 30.2672), POINT(-104.9903 39.7392)",point
geometry,"POINT(-74.0060 40.7128), POINT(-118.2437 34.0522), POINT(-87.6298 41.8781)",point
Location_Point,"POINT(-122.3321 47.6062), POINT(-122.6765 45.5231), POINT(-116.2023 43.6150)",point
SHAPE,"POINT(-95.3698 29.7604), POINT(-97.7431 30.2672), POINT(-96.7970 32.7767)",point
wkt_geom,"POINT(-80.1918 25.7617), POINT(-81.3792 28.5383), POINT(-82.4572 27.9506)",point
centroid_wkt,"POINT(-104.9903 39.7392), POINT(-111.8910 40.7608), POINT(-112.0740 33.4484)",point
geometry,"POINT(-74.0445 40.6892), POINT(-118.2437 34.0522), POINT(-87.6298 41.8781)",point
wkt_geom,"POINT(-95.3698 29.7604), POINT(-75.1652 39.9526), POINT(-112.0740 33.4484)",point
SHAPE,"POINT(-84.3880 33.7490), POINT(-80.1918 25.7617), POINT(-97.7431 30.2672)",point
the_geom,"POINT(-122.4194 37.7749), POINT(-122.3321 47.6062), POINT(-71.0589 42.3601)",point
CENTROID,"POINT(-96.7970 32.7767), POINT(-117.1611 32.7157), POINT(-86.1581 39.7684)",point
location,"POINT(-74.0445 40.6892), POINT(-118.2437 34.0522), POINT(-87.6298 41.8781)",point
geom_pt,"POINT(-95.3698 29.7604), POINT(-71.0589 42.3601), POINT(-122.3321 47.6062)",point
SHAPE,"POINT(-75.1652 39.9526), POINT(-112.0740 33.4484), POINT(-97.7431 30.2672)",point
the_geom,"POINT(-84.3880 33.7490), POINT(-77.0369 38.9072), POINT(-122.6750 45.5051)",point
wkt_geometry,"POINT(-86.1581 39.7684), POINT(-104.9903 39.7392), POINT(-90.0715 29.9511)",point
shape,"POINT(-86.158068 39.768403), POINT(-122.332071 47.606209), POINT(-104.990251 39.739236)",point
GEOM,"POINT(-84.387982 33.748995), POINT(-71.058880 42.360082), POINT(-83.045754 42.331427)",point
location_point,"POINT(-90.071528 29.951066), POINT(-97.743061 30.267153), POINT(-122.676482 45.523062)",point
GEOMETRY,"POINT (-74.0445 40.6892), POINT (-118.2437 34.0522), POINT (-87.6298 41.8781)",point
shape,"POINT (-95.3698 29.7604), POINT (-75.1652 39.9526), POINT (-112.0740 33.4484)",point
wkt_geometry,"POINT (-84.3880 33.7490), POINT (-71.0589 42.3601), POINT (-122.3321 47.6062)",point
the_geom,"POINT (-122.4194 37.7749), POINT (-90.0715 29.9511), POINT (-96.7970 32.7767)",point
Location Point,"POINT (-77.0369 38.9072), POINT (-80.1918 25.7617), POINT (-104.9903 39.7392)",point
wkt_geometry,"POINT(-74.0060 40.7128), POINT(-118.2437 34.0522), POINT(-87.6298 41.8781)",point
geom,"POINT(-80.1918 25.7617), POINT(-95.3698 29.7604), POINT(-112.0740 33.4484)",point
SHAPE,"POINT(-122.3321 47.6062), POINT(-104.9903 39.7392), POINT(-75.1652 39.9526)",point
centroid_wkt,"POINT(-84.3880 33.7490), POINT(-71.0589 42.3601), POINT(-122.4194 37.7749)",point
the_geom,"POINT(-115.1398 36.1699), POINT(-90.0715 29.9511), POINT(-122.6784 45.5152)",point
SHAPE,"POINT (-118.2437 34.0522), POINT (-87.6298 41.8781), POINT (-95.3698 29.7604)",point
location_point,"POINT (-71.0589 42.3601), POINT (-75.1652 39.9526), POINT (-77.0369 38.9072)",point
wkt_geometry,"POINT (-122.3321 47.6062), POINT (-122.6750 45.5051), POINT (-121.4944 38.5816)",point
centroid,"POINT (-84.3880 33.7490), POINT (-81.6944 41.4993), POINT (-83.0458 42.3314)",point
incident_location,"POINT (-104.9903 39.7392), POINT (-111.8910 40.7608), POINT (-112.0740 33.4484)",point
geom,"POLYGON ((-118.41 34.05, -118.21 34.05, -118.21 34.15, -118.41 34.15, -118.41 34.05)), POLYGON ((-74.00 40.71, -73.98 40.71, -73.98 40.73, -74.00 40.73, -74.00 40.71)), POLYGON ((-87.63 41.88, -87.61 41.88, -87.61 41.90, -87.63 41.90, -87.63 41.88))",polygon
boundary_wkt,"POLYGON ((-95.36 29.76, -95.34 29.76, -95.34 29.78, -95.36 29.78, -95.36 29.76)), POLYGON ((-80.19 25.76, -80.17 25.76, -80.17 25.78, -80.19 25.78, -80.19 25.76)), POLYGON ((-122.33 47.61, -122.31 47.61, -122.31 47.63, -122.33 47.63, -122.33 47.61))",polygon
SHAPE,"POLYGON ((-71.06 42.36, -71.04 42.36, -71.04 42.38, -71.06 42.38, -71.06 42.36)), POLYGON ((-90.07 29.95, -90.05 29.95, -90.06 29.97, -90.07 29.95)), POLYGON ((-117.16 32.72, -117.14 32.72, -117.14 32.74, -117.15 32.75, -117.16 32.74, -117.16 32.72))",polygon
the_geom,"POLYGON ((-104.99 39.74, -104.97 39.74, -104.97 39.76, -104.99 39.76, -104.99 39.74)), POLYGON ((-77.04 38.91, -77.02 38.91, -77.02 38.93, -77.04 38.93, -77.04 38.91)), POLYGON ((-84.39 33.75, -84.37 33.75, -84.37 33.77, -84.39 33.77, -84.39 33.75))",polygon
polygon_shape,"POLYGON ((-97.74 30.27, -97.72 30.27, -97.72 30.29, -97.74 30.29, -97.74 30.27)), POLYGON ((-121.49 38.58, -121.47 38.58, -121.47 38.60, -121.49 38.60, -121.49 38.58)), POLYGON ((-112.07 33.45, -112.05 33.45, -112.05 33.47, -112.07 33.47, -112.07 33.45))",polygon
geometry,"POLYGON((-120.1 38.5, -120.2 38.5, -120.2 38.6, -120.1 38.6, -120.1 38.5)), POLYGON((-98.45 30.22, -98.46 30.22, -98.46 30.23, -98.45 30.23, -98.45 30.22)), POLYGON((-81.3 28.5, -81.4 28.5, -81.4 28.6, -81.3 28.6, -81.3 28.5))",polygon
parcel_boundary,"POLYGON((-71.05 42.36, -71.04 42.36, -71.04 42.37, -71.05 42.37, -71.05 42.36)), POLYGON((-122.33 47.61, -122.32 47.61, -122.32 47.62, -122.33 47.62, -122.33 47.61)), POLYGON((-87.62 41.88, -87.61 41.88, -87.61 41.89, -87.62 41.89, -87.62 41.88))",polygon
poly_geom,"POLYGON((-118.24 34.05, -118.25 34.04, -118.23 34.03, -118.24 34.05)), POLYGON((-77.03 38.90, -77.04 38.89, -77.02 38.88, -77.03 38.90)), POLYGON((-90.07 29.95, -90.08 29.94, -90.06 29.93, -90.07 29.95))",polygon
bldg_footpring_wkt,"POLYGON((-74.0012 40.7145, -74.0008 40.7145, -74.0008 40.7149, -74.0012 40.7149, -74.0012 40.7145)), POLYGON((-73.98753 40.75891, -73.98711 40.75891, -73.98711 40.75922, -73.98753 40.75922, -73.98753 40.75891)), POLYGON((-73.9550 40.8071, -73.9545 40.8071, -73.9545 40.8075, -73.9550 40.8075, -73.9550 40.8071))",polygon
zoning_district_poly,"POLYGON((-95.36 29.76, -95.35 29.75, -95.34 29.76, -95.35 29.77, -95.37 29.77, -95.36 29.76)), POLYGON((-121.89 37.33, -121.88 37.32, -121.87 37.33, -121.88 37.34, -121.90 37.34, -121.89 37.33)), POLYGON((-104.99 39.74, -104.98 39.73, -104.97 39.74, -104.98 39.75, -105.00 39.75, -104.99 39.74))",polygon
shape,"POLYGON ((-122.4194 37.7749, -122.4150 37.7749, -122.4150 37.7780, -122.4194 37.7780, -122.4194 37.7749)), POLYGON ((-96.8067 32.7767, -96.8000 32.7767, -96.8000 32.7800, -96.8067 32.7800, -96.8067 32.7767)), POLYGON ((-87.6298 41.8781, -87.6250 41.8781, -87.6250 41.8800, -87.6298 41.8800, -87.6298 41.8781))",polygon
the_geom,"POLYGON ((-71.0589 42.3601, -71.0550 42.3580, -71.0570 42.3560, -71.0600 42.3590, -71.0589 42.3601)), POLYGON ((-118.2437 34.0522, -118.2400 34.0500, -118.2420 34.0480, -118.2450 34.0510, -118.2437 34.0522)), POLYGON ((-84.3880 33.7490, -84.3850 33.7470, -84.3870 33.7450, -84.3900 33.7480, -84.3880 33.7490))",polygon
WKT_GEOMETRY,"POLYGON ((-122.3321 47.6062, -122.3300 47.6062, -122.3300 47.6080, -122.3321 47.6080, -122.3321 47.6062)), POLYGON ((-104.9903 39.7392, -104.9880 39.7392, -104.9880 39.7410, -104.9903 39.7410, -104.9903 39.7392)), POLYGON ((-80.1918 25.7617, -80.1890 25.7617, -80.1890 25.7640, -80.1918 25.7640, -80.1918 25.7617))",polygon
boundary_polygon,"POLYGON ((-73.9818 40.7680, -73.9576 40.8006, -73.9493 40.7968, -73.9730 40.7643, -73.9818 40.7680)), POLYGON ((-122.5104 37.7684, -122.4540 37.7734, -122.4539 37.7665, -122.5093 37.7615, -122.5104 37.7684)), POLYGON ((-87.6398 41.9400, -87.6302 41.9213, -87.6343 41.9129, -87.6441 41.9298, -87.6398 41.9400))",polygon
geom_wkt,"POLYGON ((-75.1652 39.9526, -75.1600 39.9520, -75.1610 39.9490, -75.1660 39.9485, -75.1670 39.9515, -75.1652 39.9526)), POLYGON ((-95.3698 29.7604, -95.3650 29.7600, -95.3640 29.7550, -95.3700 29.7540, -95.3710 29.7580, -95.3698 29.7604)), POLYGON ((-112.0740 33.4484, -112.0700 33.4480, -112.0710 33.4450, -112.0750 33.4445, -112.0760 33.4475, -112.0740 33.4484))",polygon
geom,"POLYGON ((-118.24 34.05, -118.25 34.05, -118.25 34.04, -118.24 34.04, -118.24 34.05)), POLYGON ((-87.62 41.87, -87.63 41.87, -87.63 41.86, -87.62 41.86, -87.62 41.87)), POLYGON ((-73.98 40.75, -73.99 40.75, -73.99 40.74, -73.98 40.74, -73.98 40.75))",polygon
SHAPE,"POLYGON ((-97.74 30.26, -97.75 30.27, -97.76 30.26, -97.74 30.26)), POLYGON ((-122.33 47.60, -122.34 47.61, -122.35 47.60, -122.33 47.60)), POLYGON ((-84.38 33.74, -84.39 33.75, -84.40 33.74, -84.38 33.74))",polygon
parcel_polygon,"POLYGON ((-112.07 33.44, -112.08 33.44, -112.08 33.43, -112.07 33.43, -112.07 33.44)), POLYGON ((-80.19 25.76, -80.20 25.76, -80.20 25.75, -80.19 25.75, -80.19 25.76)), POLYGON ((-104.99 39.73, -105.00 39.73, -105.00 39.72, -104.99 39.72, -104.99 39.73))",polygon
wkt_geom,"POLYGON ((-95.36 29.76, -95.37 29.76, -95.37 29.75, -95.38 29.75, -95.36 29.76)), POLYGON ((-71.05 42.36, -71.06 42.36, -71.06 42.35, -71.07 42.35, -71.05 42.36)), POLYGON ((-77.03 38.90, -77.04 38.90, -77.04 38.89, -77.05 38.89, -77.03 38.90))",polygon
boundary,"POLYGON ((-90.07 29.95, -90.08 29.96, -90.09 29.95, -90.07 29.95)), POLYGON ((-117.16 32.71, -117.17 32.72, -117.18 32.71, -117.16 32.71)), POLYGON ((-122.67 45.52, -122.68 45.53, -122.69 45.52, -122.67 45.52))",polygon
the_geom,"POLYGON ((-74.001 40.714, -74.000 40.714, -74.000 40.715, -74.001 40.715, -74.001 40.714)), POLYGON ((-118.25 34.05, -118.24 34.05, -118.24 34.06, -118.25 34.06, -118.25 34.05)), POLYGON ((-87.63 41.88, -87.62 41.88, -87.62 41.89, -87.63 41.89, -87.63 41.88))",polygon
lot_boundary,"POLYGON ((-97.7431 30.2672, -97.7421 30.2672, -97.7421 30.2682, -97.7431 30.2682, -97.7431 30.2672)), POLYGON ((-122.3321 47.6062, -122.3311 47.6062, -122.3311 47.6072, -122.3321 47.6072, -122.3321 47.6062)), POLYGON ((-84.3880 33.7490, -84.3870 33.7490, -84.3870 33.7500, -84.3880 33.7500, -84.3880 33.7490))",polygon
WKT_SHAPE,"POLYGON ((-104.9903 39.7392, -104.9893 39.7392, -104.9893 39.7402, -104.9903 39.7402, -104.9903 39.7392)), POLYGON ((-80.1918 25.7617, -80.1908 25.7617, -80.1908 25.7627, -80.1918 25.7627, -80.1918 25.7617)), POLYGON ((-112.0740 33.4484, -112.0730 33.4484, -112.0730 33.4494, -112.0740 33.4494, -112.0740 33.4484))",polygon
geometry,"POLYGON ((-71.0589 42.3601, -71.0579 42.3601, -71.0579 42.3611, -71.0589 42.3611, -71.0589 42.3601)), POLYGON ((-117.1611 32.7157, -117.1601 32.7157, -117.1601 32.7167, -117.1611 32.7167, -117.1611 32.7157)), POLYGON ((-90.0715 29.9511, -90.0705 29.9511, -90.0705 29.9521, -90.0715 29.9521, -90.0715 29.9511))",polygon
parcel_polygon,"POLYGON ((-75.165222 39.952580, -75.165000 39.952580, -75.165000 39.952800, -75.165222 39.952800, -75.165222 39.952580)), POLYGON ((-86.1581 39.7684, -86.1571 39.7684, -86.1571 39.7694, -86.1581 39.7694, -86.1581 39.7684)), POLYGON ((-95.3698 29.7604, -95.3688 29.7604, -95.3688 29.7614, -95.3698 29.7614, -95.3698 29.7604))",polygon
boundary,"POLYGON ((-97.74 30.26, -97.73 30.26, -97.73 30.27, -97.74 30.27, -97.74 30.26)), POLYGON ((-84.38 33.74, -84.37 33.74, -84.37 33.75, -84.38 33.75, -84.38 33.74)), POLYGON ((-118.24 34.05, -118.23 34.05, -118.23 34.06, -118.24 34.06, -118.24 34.05))",polygon
geom_wkt,"POLYGON ((-71.05 42.36, -71.04 42.35, -71.05 42.34, -71.06 42.35, -71.05 42.36)), POLYGON ((-122.33 47.60, -122.32 47.59, -122.33 47.58, -122.34 47.59, -122.33 47.60)), POLYGON ((-87.62 41.87, -87.61 41.86, -87.62 41.85, -87.63 41.86, -87.62 41.87))",polygon
footprint,"POLYGON ((-74.00 40.71, -73.99 40.71, -73.99 40.72, -74.00 40.72, -74.00 40.71)), POLYGON ((-122.41 37.77, -122.40 37.77, -122.40 37.78, -122.41 37.78, -122.41 37.77)), POLYGON ((-104.99 39.73, -104.98 39.73, -104.98 39.74, -104.99 39.74, -104.99 39.73))",polygon
SHAPE,"POLYGON((-80.20 25.77, -80.19 25.77, -80.19 25.78, -80.20 25.78, -80.20 25.77)), POLYGON((-95.36 29.76, -95.35 29.76, -95.35 29.77, -95.36 29.77, -95.36 29.76)), POLYGON((-112.07 33.44, -112.06 33.44, -112.06 33.45, -112.07 33.45, -112.07 33.44))",polygon
district_poly,"POLYGON ((-77.03 38.90, -77.02 38.89, -77.01 38.90, -77.02 38.91, -77.03 38.90)), POLYGON ((-93.26 44.97, -93.25 44.96, -93.24 44.97, -93.25 44.98, -93.26 44.97)), POLYGON ((-90.19 38.62, -90.18 38.61, -90.17 38.62, -90.18 38.63, -90.19 38.62))",polygon
geometry,"POLYGON ((-97.74 30.26, -97.73 30.26, -97.73 30.27, -97.74 30.27, -97.74 30.26)), POLYGON ((-84.38 33.74, -84.37 33.74, -84.37 33.75, -84.38 33.75, -84.38 33.74)), POLYGON ((-118.25 34.05, -118.24 34.05, -118.24 34.06, -118.25 34.06, -118.25 34.05))",polygon
wkt_geom_poly,"POLYGON ((-71.060 42.360, -71.050 42.360, -71.050 42.365, -71.055 42.370, -71.060 42.365, -71.060 42.360)), POLYGON ((-122.33 47.60, -122.32 47.60, -122.32 47.61, -122.33 47.61, -122.33 47.60)), POLYGON ((-87.63 41.88, -87.62 41.88, -87.625 41.885, -87.63 41.88))",polygon
boundary,"POLYGON ((-109.045 36.999, -102.041 36.993, -102.052 41.002, -109.060 41.004, -109.045 36.999)), POLYGON ((-111.047 40.998, -104.053 40.998, -104.053 45.000, -111.052 45.000, -111.047 40.998)), POLYGON ((-73.99 40.71, -73.98 40.71, -73.98 40.72, -73.99 40.72, -73.99 40.71))",polygon
SHAPE,"POLYGON((-80.20 25.77, -80.19 25.77, -80.19 25.78, -80.20 25.78, -80.20 25.77)), POLYGON((-95.37 29.76, -95.36 29.76, -95.36 29.77, -95.37 29.77, -95.37 29.76)), POLYGON((-117.16 32.71, -117.15 32.71, -117.15 32.72, -117.16 32.72, -117.16 32.71))",polygon
polygon_wkt,"POLYGON ((-75.165 39.952, -75.164 39.952, -75.164 39.953, -75.165 39.953, -75.165 39.952)), POLYGON ((-90.071 29.951, -90.070 29.951, -90.070 29.952, -90.071 29.952, -90.071 29.951)), POLYGON ((-122.419 37.774, -122.418 37.774, -122.418 37.775, -122.419 37.775, -122.419 37.774))",polygon
geom,"POLYGON ((-122.40 37.70, -122.30 37.70, -122.30 37.80, -122.40 37.80, -122.40 37.70)), POLYGON ((-97.74 30.26, -97.73 30.26, -97.73 30.27, -97.74 30.27, -97.74 30.26)), POLYGON ((-81.53 28.53, -81.52 28.53, -81.52 28.54, -81.53 28.54, -81.53 28.53))",polygon
wkt_polygon,"POLYGON ((-74.00 40.71, -73.99 40.71, -73.99 40.72, -73.995 40.715, -74.00 40.71)), POLYGON ((-87.62 41.87, -87.61 41.87, -87.61 41.88, -87.62 41.88, -87.62 41.87)), POLYGON ((-122.33 47.60, -122.32 47.60, -122.325 47.61, -122.33 47.60))",polygon
boundary_shape,"POLYGON ((-104.99 39.73, -104.98 39.73, -104.98 39.74, -104.99 39.74, -104.99 39.73)), POLYGON ((-93.26 44.97, -93.25 44.97, -93.25 44.98, -93.255 44.975, -93.26 44.97)), POLYGON ((-71.05 42.36, -71.04 42.36, -71.04 42.37, -71.05 42.37, -71.05 42.36))",polygon
SHAPE,"POLYGON ((-112.07 33.44, -112.06 33.44, -112.06 33.45, -112.07 33.45, -112.07 33.44)), POLYGON ((-84.38 33.74, -84.37 33.74, -84.37 33.75, -84.38 33.75, -84.38 33.74)), POLYGON ((-122.67 45.52, -122.66 45.52, -122.66 45.53, -122.67 45.53, -122.67 45.52))",polygon
parcel_boundary_wkt,"POLYGON ((-75.1652 39.9525, -75.1650 39.9525, -75.1650 39.9527, -75.1652 39.9527, -75.1652 39.9525)), POLYGON ((-75.1654 39.9528, -75.1652 39.9528, -75.1652 39.9530, -75.1654 39.9530, -75.1654 39.9528)), POLYGON ((-75.1649 39.9521, -75.1647 39.9521, -75.1647 39.9523, -75.1649 39.9523, -75.1649 39.9521))",polygon
wkt_geom,"POLYGON((-118.25 34.05, -118.24 34.06, -118.23 34.05, -118.25 34.05)), POLYGON((-96.80 32.78, -96.80 32.79, -96.79 32.79, -96.79 32.78, -96.80 32.78)), POLYGON((-80.21 25.77, -80.20 25.78, -80.19 25.77, -80.21 25.77))",polygon
Shape,"POLYGON((-87.63 41.88, -87.62 41.89, -87.61 41.88, -87.62 41.87, -87.63 41.88)), POLYGON((-122.33 47.60, -122.33 47.61, -122.32 47.61, -122.32 47.60, -122.33 47.60)), POLYGON((-71.06 42.36, -71.05 42.36, -71.055 42.35, -71.06 42.36))",polygon
boundary_polygon,"POLYGON ((-73.97 40.77, -73.96 40.78, -73.95 40.77, -73.97 40.77)), POLYGON ((-77.04 38.90, -77.04 38.91, -77.03 38.91, -77.03 38.90, -77.04 38.90)), POLYGON ((-104.99 39.74, -104.99 39.75, -104.98 39.75, -104.98 39.74, -104.99 39.74))",polygon
GEOMETRY,"POLYGON((-98.5 38.5, -98.5 39.0, -98.0 39.0, -98.0 38.5, -98.5 38.5)), POLYGON((-111.9 33.4, -111.8 33.5, -111.7 33.4, -111.9 33.4)), POLYGON((-93.28 44.97, -93.27 44.98, -93.26 44.98, -93.27 44.97, -93.28 44.97))",polygon
the_geom,"POLYGON((-90.07 30.00, -90.07 30.01, -90.06 30.01, -90.06 30.00, -90.07 30.00)), POLYGON((-157.85 21.30, -157.84 21.31, -157.83 21.30, -157.84 21.29, -157.85 21.30)), POLYGON((-149.90 61.21, -149.90 61.22, -149.88 61.22, -149.88 61.21, -149.90 61.21))",polygon
shape,"POLYGON((-122.40 37.78, -122.39 37.78, -122.39 37.77, -122.40 37.77, -122.40 37.78)), POLYGON((-97.75 30.27, -97.74 30.28, -97.73 30.27, -97.74 30.26, -97.75 30.27)), POLYGON((-74.01 40.71, -73.99 40.71, -73.99 40.70, -74.01 40.70, -74.01 40.71))",polygon
GEOMETRY_WKT,"POLYGON((-87.63 41.88, -87.62 41.88, -87.62 41.87, -87.63 41.87, -87.63 41.88)), POLYGON((-80.14 26.12, -80.13 26.13, -80.12 26.12, -80.14 26.12)), POLYGON((-104.99 39.75, -104.98 39.75, -104.98 39.74, -104.99 39.74, -104.99 39.75))",polygon
wkb_geometry,"POLYGON ((-122.33 47.61, -122.32 47.61, -122.32 47.60, -122.33 47.60, -122.33 47.61)), POLYGON ((-84.40 33.75, -84.39 33.76, -84.38 33.75, -84.39 33.74, -84.40 33.75)), POLYGON ((-112.07 33.45, -112.06 33.45, -112.06 33.44, -112.07 33.44, -112.07 33.45))",polygon
lot_footprint,"POLYGON((-71.06 42.36, -71.05 42.36, -71.05 42.35, -71.06 42.35, -71.06 42.36)), POLYGON((-75.17 39.95, -75.16 39.95, -75.16 39.94, -75.17 39.94, -75.17 39.95)), POLYGON((-118.25 34.05, -118.24 34.055, -118.23 34.05, -118.24 34.045, -118.25 34.05))",polygon
boundary_poly,"POLYGON((-77.04 38.91, -77.03 38.91, -77.03 38.90, -77.04 38.90, -77.04 38.91)), POLYGON((-80.20 25.77, -80.19 25.77, -80.19 25.76, -80.20 25.76, -80.20 25.77)), POLYGON((-122.68 45.52, -122.67 45.52, -122.67 45.51, -122.68 45.51, -122.68 45.52))",polygon
parcel_boundary,"POLYGON ((-118.24 34.05, -118.24 34.06, -118.25 34.06, -118.25 34.05, -118.24 34.05)), POLYGON ((-71.06 42.36, -71.06 42.37, -71.07 42.37, -71.07 42.36, -71.06 42.36)), POLYGON ((-87.63 41.88, -87.63 41.89, -87.64 41.89, -87.64 41.88, -87.63 41.88))",polygon
geoshape,"POLYGON ((-95.36 29.76, -95.35 29.77, -95.35 29.75, -95.36 29.76)), POLYGON ((-122.33 47.61, -122.32 47.62, -122.32 47.60, -122.33 47.61)), POLYGON ((-75.17 39.95, -75.16 39.96, -75.16 39.94, -75.17 39.95))",polygon
wkt_geom,"POLYGON ((-104.99 39.74, -104.99 39.75, -105.00 39.75, -105.00 39.74, -104.99 39.74)), POLYGON ((-80.19 25.77, -80.19 25.78, -80.20 25.78, -80.20 25.77, -80.19 25.77)), POLYGON ((-90.07 29.95, -90.07 29.96, -90.08 29.96, -90.08 29.95, -90.07 29.95))",polygon
footprint_polygon,"POLYGON ((-121.89 37.34, -121.88 37.34, -121.88 37.33, -121.89 37.33, -121.89 37.34)), POLYGON ((-73.99 40.73, -73.98 40.73, -73.98 40.72, -73.99 40.72, -73.99 40.73)), POLYGON ((-84.39 33.75, -84.38 33.75, -84.38 33.74, -84.39 33.74, -84.39 33.75))",polygon
SHAPE,"POLYGON ((-122.67 45.52, -122.67 45.53, -122.68 45.53, -122.68 45.52, -122.67 45.52)), POLYGON ((-77.04 38.90, -77.03 38.91, -77.04 38.91, -77.05 38.90, -77.04 38.90)), POLYGON ((-117.16 32.72, -117.15 32.72, -117.15 32.71, -117.16 32.71, -117.16 32.72))",polygon
geom,"POLYGON ((-97.74 30.26, -97.73 30.26, -97.73 30.27, -97.74 30.27, -97.74 30.26)), POLYGON ((-84.39 33.75, -84.38 33.75, -84.38 33.76, -84.39 33.76, -84.39 33.75)), POLYGON ((-118.24 34.05, -118.23 34.05, -118.23 34.06, -118.24 34.06, -118.24 34.05))",polygon
wkt_geometry,"POLYGON ((-71.06 42.36, -71.05 42.36, -71.055 42.365, -71.06 42.36)), POLYGON ((-122.33 47.61, -122.32 47.61, -122.325 47.62, -122.33 47.61)), POLYGON ((-87.63 41.88, -87.62 41.88, -87.625 41.89, -87.63 41.88))",polygon
SHAPE,"POLYGON ((-75.16 39.95, -75.15 39.95, -75.15 39.96, -75.16 39.96, -75.16 39.95)), POLYGON ((-90.07 29.95, -90.06 29.95, -90.06 29.96, -90.07 29.96, -90.07 29.95)), POLYGON ((-104.99 39.74, -104.98 39.74, -104.98 39.75, -104.99 39.75, -104.99 39.74))",polygon
footprint_wkt,"POLYGON ((-122.42 37.77, -122.41 37.77, -122.415 37.78, -122.42 37.77)), POLYGON ((-80.84 35.23, -80.83 35.23, -80.835 35.24, -80.84 35.23)), POLYGON ((-95.36 29.76, -95.35 29.76, -95.355 29.77, -95.36 29.76))",polygon
boundary_polygon,"POLYGON ((-112.07 33.45, -112.06 33.45, -112.06 33.46, -112.07 33.46, -112.07 33.45)), POLYGON ((-77.03 38.90, -77.02 38.90, -77.02 38.91, -77.03 38.91, -77.03 38.90)), POLYGON ((-86.15 39.77, -86.14 39.77, -86.14 39.78, -86.15 39.78, -86.15 39.77))",polygon
geom,"POLYGON ((-97.3663 32.7555, -97.36 32.7555, -97.36 32.76, -97.3663 32.76, -97.3663 32.7555)), POLYGON ((-86.7816 36.1627, -86.77 36.16, -86.77 36.17, -86.78 36.17, -86.7816 36.1627)), POLYGON ((-117.1611 32.7157, -117.15 32.71, -117.15 32.72, -117.16 32.72, -117.1611 32.7157))",polygon
SHAPE,"POLYGON ((-122.4194 37.7749, -122.42 37.77, -122.42 37.78, -122.41 37.78, -122.4194 37.7749)), POLYGON ((-74.0060 40.7128, -74.01 40.71, -74.01 40.72, -74.00 40.72, -74.0060 40.7128)), POLYGON ((-87.6298 41.8781, -87.63 41.87, -87.63 41.88, -87.62 41.88, -87.6298 41.8781))",polygon
boundary_polygon,"POLYGON ((-80.1918 25.7617, -80.2 25.76, -80.2 25.77, -80.19 25.77, -80.1918 25.7617)), POLYGON ((-90.0715 29.9511, -90.08 29.95, -90.08 29.96, -90.07 29.96, -90.0715 29.9511)), POLYGON ((-118.2437 34.0522, -118.25 34.05, -118.25 34.06, -118.24 34.06, -118.2437 34.0522))",polygon
WKT,"POLYGON ((-95.369804 29.760427, -95.37 29.76, -95.37 29.77, -95.36 29.77, -95.369804 29.760427)), POLYGON ((-112.074036 33.448376, -112.08 33.44, -112.08 33.45, -112.07 33.45, -112.074036 33.448376)), POLYGON ((-77.036873 38.907192, -77.04 38.90, -77.04 38.91, -77.03 38.91, -77.036873 38.907192))",polygon
the_geom,"POLYGON ((-122.3321 47.6062, -122.34 47.60, -122.34 47.61, -122.33 47.61, -122.3321 47.6062)), POLYGON ((-104.9903 39.7392, -105.00 39.73, -105.00 39.74, -104.99 39.74, -104.9903 39.7392)), POLYGON ((-71.0589 42.3601, -71.06 42.36, -71.06 42.37, -71.05 42.37, -71.0589 42.3601))",polygon
geometry,"POLYGON((-98.49 29.42, -98.40 29.42, -98.40 29.35, -98.49 29.35, -98.49 29.42)), POLYGON((-118.24 34.05, -118.15 34.05, -118.15 33.98, -118.24 33.98, -118.24 34.05)), POLYGON((-87.62 41.87, -87.55 41.87, -87.55 41.81, -87.62 41.81, -87.62 41.87))",polygon
shape,"POLYGON((-71.06 42.36, -71.05 42.36, -71.05 42.35, -71.06 42.35, -71.06 42.36)), POLYGON((-122.33 47.60, -122.32 47.60, -122.32 47.59, -122.33 47.59, -122.33 47.60)), POLYGON((-77.03 38.90, -77.02 38.90, -77.02 38.89, -77.03 38.89, -77.03 38.90))",polygon
parcel_boundary,"POLYGON ((-84.39 33.75, -84.38 33.75, -84.38 33.74, -84.39 33.74, -84.39 33.75)), POLYGON ((-95.37 29.76, -95.36 29.76, -95.36 29.75, -95.37 29.75, -95.37 29.76)), POLYGON ((-112.07 33.45, -112.06 33.45, -112.06 33.44, -112.07 33.44, -112.07 33.45))",polygon
wkt_polygon,"POLYGON((-74.01 40.72, -73.99 40.73, -73.98 40.71, -74.00 40.70, -74.01 40.72)), POLYGON((-121.90 37.34, -121.88 37.35, -121.87 37.33, -121.89 37.32, -121.90 37.34)), POLYGON((-90.20 38.63, -90.18 38.64, -90.17 38.62, -90.19 38.61, -90.20 38.63))",polygon
zone_geom,"POLYGON((-80.20 25.79, -80.18 25.80, -80.17 25.78, -80.19 25.77, -80.20 25.79)), POLYGON((-104.99 39.74, -104.97 39.75, -104.96 39.73, -104.98 39.72, -104.99 39.74)), POLYGON((-75.17 39.96, -75.15 39.97, -75.14 39.95, -75.16 39.94, -75.17 39.96))",polygon
shape,"POLYGON((-118.41 34.05, -118.25 34.05, -118.25 34.15, -118.41 34.15, -118.41 34.05)), POLYGON((-97.74 30.26, -97.64 30.26, -97.64 30.36, -97.74 30.36, -97.74 30.26)), POLYGON((-80.19 25.76, -80.10 25.76, -80.10 25.86, -80.19 25.86, -80.19 25.76))",polygon
wkt_geometry,"POLYGON ((-74.00 40.71, -73.98 40.71, -73.98 40.73, -74.00 40.73, -74.00 40.71)), POLYGON ((-87.62 41.87, -87.60 41.87, -87.60 41.89, -87.62 41.89, -87.62 41.87)), POLYGON ((-122.33 47.60, -122.31 47.60, -122.31 47.62, -122.33 47.62, -122.33 47.60))",polygon
boundary_poly,"POLYGON((-104.99 39.73, -104.98 39.73, -104.98 39.74, -104.99 39.74, -104.99 39.73)), POLYGON((-93.28 44.97, -93.26 44.97, -93.26 44.98, -93.28 44.98, -93.28 44.97)), POLYGON((-77.03 38.90, -77.01 38.90, -77.01 38.91, -77.03 38.91, -77.03 38.90))",polygon
geom,"POLYGON ((-112.07 33.44, -112.05 33.44, -112.05 33.46, -112.07 33.46, -112.07 33.44)), POLYGON ((-122.67 45.52, -122.65 45.52, -122.65 45.54, -122.67 45.54, -122.67 45.52)), POLYGON ((-84.38 33.74, -84.36 33.74, -84.36 33.76, -84.38 33.76, -84.38 33.74))",polygon
footprint_wkt,"POLYGON((-71.05 42.36, -71.04 42.36, -71.04 42.37, -71.05 42.37, -71.05 42.36)), POLYGON((-75.16 39.95, -75.15 39.95, -75.15 39.96, -75.16 39.96, -75.16 39.95)), POLYGON((-122.41 37.77, -122.40 37.77, -122.40 37.78, -122.41 37.78, -122.41 37.77))",polygon
geom,"POLYGON ((-97.74 30.26, -97.73 30.26, -97.73 30.27, -97.74 30.27, -97.74 30.26)), POLYGON ((-84.38 33.74, -84.37 33.74, -84.37 33.75, -84.38 33.75, -84.38 33.74)), POLYGON ((-118.24 34.05, -118.23 34.05, -118.23 34.06, -118.24 34.06, -118.24 34.05))",polygon
wkt_geometry,"POLYGON ((-74.00 40.71, -73.99 40.71, -73.99 40.72, -74.00 40.72, -74.00 40.71)), POLYGON ((-122.41 37.77, -122.40 37.77, -122.40 37.78, -122.41 37.78, -122.41 37.77)), POLYGON ((-87.62 41.87, -87.61 41.87, -87.61 41.88, -87.62 41.88, -87.62 41.87))",polygon
SHAPE,"POLYGON ((-104.9903 39.7392, -104.9803 39.7392, -104.9853 39.7492, -104.9903 39.7392)), POLYGON ((-112.0740 33.4484, -112.0640 33.4484, -112.0690 33.4584, -112.0740 33.4484)), POLYGON ((-77.0369 38.9072, -77.0269 38.9072, -77.0319 38.9172, -77.0369 38.9072))",polygon
boundary,"POLYGON ((-95.3698 29.7604, -95.3598 29.7604, -95.3598 29.7704, -95.3698 29.7704, -95.3698 29.7604)), POLYGON ((-71.0589 42.3601, -71.0489 42.3601, -71.0489 42.3701, -71.0589 42.3701, -71.0589 42.3601)), POLYGON ((-90.0715 29.9511, -90.0615 29.9511, -90.0615 29.9611, -90.0715 29.9611, -90.0715 29.9511))",polygon
district_polygon,"POLYGON ((-122.3321 47.6062, -122.3301 47.6062, -122.3311 47.6082, -122.3321 47.6062)), POLYGON ((-86.1581 39.7684, -86.1561 39.7684, -86.1571 39.7704, -86.1581 39.7684)), POLYGON ((-80.1918 25.7617, -80.1898 25.7617, -80.1908 25.7637, -80.1918 25.7617))",polygon
geometry,"POLYGON((-97.74 30.26, -97.73 30.26, -97.73 30.27, -97.74 30.27, -97.74 30.26)), POLYGON((-87.62 41.87, -87.61 41.87, -87.61 41.88, -87.62 41.88, -87.62 41.87)), POLYGON((-118.24 34.05, -118.23 34.05, -118.23 34.06, -118.24 34.06, -118.24 34.05))",polygon
wkt_geom,"POLYGON((-74.00 40.71, -73.99 40.71, -73.99 40.72, -74.00 40.72, -74.00 40.71)), POLYGON((-122.41 37.77, -122.40 37.77, -122.40 37.78, -122.41 37.78, -122.41 37.77)), POLYGON((-71.06 42.36, -71.05 42.36, -71.05 42.37, -71.06 42.37, -71.06 42.36))",polygon
parcel_boundary,"POLYGON((-84.38 33.74, -84.37 33.75, -84.38 33.76, -84.39 33.75, -84.38 33.74)), POLYGON((-112.07 33.44, -112.06 33.45, -112.07 33.46, -112.08 33.45, -112.07 33.44)), POLYGON((-95.36 29.76, -95.35 29.77, -95.36 29.78, -95.37 29.77, -95.36 29.76))",polygon
SHAPE,"POLYGON ((-86.15 39.76, -86.14 39.76, -86.14 39.77, -86.15 39.77, -86.15 39.76)), POLYGON ((-77.04 38.90, -77.03 38.90, -77.03 38.91, -77.04 38.91, -77.04 38.90)), POLYGON ((-90.19 38.62, -90.18 38.62, -90.18 38.63, -90.19 38.63, -90.19 38.62))",polygon
the_geom,"POLYGON((-122.33 47.60, -122.32 47.60, -122.32 47.61, -122.33 47.61, -122.33 47.60)), POLYGON((-104.99 39.73, -104.98 39.73, -104.98 39.74, -104.99 39.74, -104.99 39.73)), POLYGON((-80.19 25.76, -80.18 25.76, -80.18 25.77, -80.19 25.77, -80.19 25.76))",polygon
geom,"POLYGON ((-74.0060 40.7128, -73.9990 40.7128, -73.9990 40.7188, -74.0060 40.7188, -74.0060 40.7128)), POLYGON ((-118.2437 34.0522, -118.2337 34.0522, -118.2337 34.0622, -118.2437 34.0622, -118.2437 34.0522)), POLYGON ((-87.6298 41.8781, -87.6198 41.8781, -87.6198 41.8881, -87.6298 41.8881, -87.6298 41.8781))",polygon
wkt_geometry,"POLYGON((-97.7431 30.2672, -97.7331 30.2672, -97.7381 30.2772, -97.7431 30.2672)), POLYGON((-80.1918 25.7617, -80.1818 25.7617, -80.1818 25.7717, -80.1918 25.7717, -80.1918 25.7617)), POLYGON((-122.3321 47.6062, -122.3221 47.6062, -122.3221 47.6162, -122.3321 47.6162, -122.3321 47.6062))",polygon
SHAPE,"POLYGON ((-71.0589 42.3601, -71.0489 42.3601, -71.0489 42.3701, -71.0589 42.3701, -71.0589 42.3601)), POLYGON ((-104.9903 39.7392, -104.9803 39.7392, -104.9803 39.7492, -104.9903 39.7492, -104.9903 39.7392)), POLYGON ((-112.0740 33.4484, -112.0640 33.4484, -112.0640 33.4584, -112.0740 33.4584, -112.0740 33.4484))",polygon
boundary_polygon,"POLYGON((-77.0369 38.9072, -77.0269 38.9072, -77.0319 38.9172, -77.0369 38.9072)), POLYGON((-84.3880 33.7490, -84.3780 33.7490, -84.3780 33.7590, -84.3880 33.7590, -84.3880 33.7490)), POLYGON ((-93.2650 44.9778, -93.2550 44.9778, -93.2550 44.9878, -93.2650 44.9878, -93.2650 44.9778))",polygon
the_geom,"POLYGON ((-122.4194 37.7749, -122.4094 37.7749, -122.4094 37.7849, -122.4194 37.7849, -122.4194 37.7749)), POLYGON ((-75.1652 39.9526, -75.1552 39.9526, -75.1552 39.9626, -75.1652 39.9626, -75.1652 39.9526)), POLYGON ((-95.3698 29.7604, -95.3598 29.7604, -95.3598 29.7704, -95.3698 29.7704, -95.3698 29.7604))",polygon
shape,"POLYGON ((-118.24 34.05, -118.23 34.05, -118.23 34.06, -118.24 34.06, -118.24 34.05)), POLYGON ((-87.62 41.87, -87.61 41.87, -87.61 41.88, -87.62 41.88, -87.62 41.87)), POLYGON ((-77.03 38.90, -77.02 38.90, -77.02 38.91, -77.03 38.91, -77.03 38.90))",polygon
boundary_geom,"POLYGON ((-95.363 29.763, -95.353 29.763, -95.353 29.773, -95.358 29.778, -95.363 29.773, -95.363 29.763)), POLYGON ((-112.07 33.44, -112.06 33.44, -112.06 33.45, -112.065 33.455, -112.07 33.45, -112.07 33.44)), POLYGON ((-84.38 33.75, -84.37 33.75, -84.37 33.76, -84.375 33.765, -84.38 33.76, -84.38 33.75))",polygon
WKT,"POLYGON ((-74.006 40.712, -73.996 40.712, -73.996 40.722, -74.006 40.722, -74.006 40.712)), POLYGON ((-122.419 37.774, -122.409 37.774, -122.409 37.784, -122.419 37.784, -122.419 37.774)), POLYGON ((-71.058 42.360, -71.048 42.360, -71.048 42.370, -71.058 42.370, -71.058 42.360))",polygon
zone_polygon,"POLYGON ((-104.99 39.74, -104.98 39.74, -104.985 39.75, -104.99 39.74)), POLYGON ((-122.33 47.60, -122.32 47.60, -122.325 47.61, -122.33 47.60)), POLYGON ((-80.00 40.44, -79.99 40.44, -79.995 40.45, -80.00 40.44))",polygon
GEOM_POLYGON,"POLYGON ((-90.0715 29.9511, -90.0615 29.9511, -90.0615 29.9611, -90.0715 29.9611, -90.0715 29.9511)), POLYGON ((-81.6558 30.3322, -81.6458 30.3322, -81.6458 30.3422, -81.6558 30.3422, -81.6558 30.3322)), POLYGON ((-97.7431 30.2672, -97.7331 30.2672, -97.7331 30.2772, -97.7431 30.2772, -97.7431 30.2672))",polygon
geometry,"POLYGON ((-74.01 40.71, -74.00 40.71, -74.00 40.72, -74.01 40.72, -74.01 40.71)), POLYGON ((-122.42 37.77, -122.40 37.77, -122.40 37.79, -122.42 37.79, -122.42 37.77)), POLYGON ((-81.54 28.53, -81.52 28.53, -81.52 28.55, -81.54 28.55, -81.54 28.53))",polygon
SHAPE,"POLYGON ((-96.80 32.78, -96.78 32.77, -96.79 32.79, -96.80 32.78)), POLYGON ((-87.65 41.88, -87.63 41.88, -87.63 41.90, -87.65 41.90, -87.65 41.88)), POLYGON ((-93.28 44.97, -93.26 44.97, -93.26 44.99, -93.28 44.99, -93.28 44.97))",polygon
wkt_geom,"POLYGON ((-112.07 33.45, -112.06 33.45, -112.06 33.46, -112.07 33.46, -112.07 33.45)), POLYGON ((-104.99 39.74, -104.98 39.73, -104.97 39.75, -104.99 39.74)), POLYGON ((-122.33 47.61, -122.32 47.61, -122.32 47.62, -122.33 47.62, -122.33 47.61))",polygon
boundary_polygon,"POLYGON ((-75.17 39.95, -75.16 39.95, -75.16 39.96, -75.17 39.96, -75.17 39.95)), POLYGON ((-90.08 29.95, -90.06 29.95, -90.06 29.97, -90.08 29.97, -90.08 29.95)), POLYGON ((-71.07 42.36, -71.05 42.35, -71.06 42.37, -71.07 42.36))",polygon
parcel_footprint,"POLYGON ((-117.16 32.71, -117.15 32.71, -117.15 32.72, -117.16 32.72, -117.16 32.71)), POLYGON ((-84.39 33.75, -84.38 33.75, -84.38 33.76, -84.39 33.76, -84.39 33.75)), POLYGON ((-122.68 45.52, -122.67 45.52, -122.67 45.53, -122.68 45.53, -122.68 45.52))",polygon
geom,"POLYGON ((-97.74 30.26, -97.73 30.26, -97.73 30.27, -97.74 30.27, -97.74 30.26)), POLYGON ((-122.33 47.61, -122.32 47.61, -122.32 47.62, -122.33 47.62, -122.33 47.61)), POLYGON ((-71.06 42.36, -71.05 42.36, -71.05 42.37, -71.06 42.37, -71.06 42.36))",polygon
boundary_shape,"POLYGON((-84.39 33.75, -84.38 33.75, -84.385 33.76, -84.39 33.75)), POLYGON((-118.24 34.05, -118.23 34.06, -118.24 34.07, -118.24 34.05)), POLYGON((-73.99 40.75, -73.98 40.75, -73.98 40.76, -73.99 40.76, -73.99 40.75))",polygon
Wkt_geom,"POLYGON ((-87.63 41.88, -87.62 41.88, -87.625 41.89, -87.63 41.88)), POLYGON ((-104.99 39.74, -104.98 39.74, -104.98 39.75, -104.99 39.75, -104.99 39.74)), POLYGON ((-90.07 29.95, -90.06 29.95, -90.065 29.96, -90.07 29.95))",polygon
SHAPE,"POLYGON ((-112.07 33.45, -112.06 33.45, -112.06 33.46, -112.07 33.46, -112.07 33.45)), POLYGON ((-75.16 39.95, -75.15 39.95, -75.15 39.96, -75.16 39.96, -75.16 39.95)), POLYGON ((-95.36 29.76, -95.35 29.76, -95.355 29.77, -95.36 29.76))",polygon
area_polygon,"POLYGON((-121.74 38.58, -121.73 38.58, -121.73 38.59, -121.74 38.59, -121.74 38.58)), POLYGON((-86.16 39.77, -86.15 39.77, -86.15 39.78, -86.16 39.78, -86.16 39.77)), POLYGON((-77.03 38.90, -77.02 38.90, -77.025 38.91, -77.03 38.90))",polygon
geom,"POLYGON((-87.62 41.88, -87.60 41.88, -87.60 41.90, -87.62 41.90, -87.62 41.88)), POLYGON((-95.37 29.76, -95.35 29.76, -95.35 29.78, -95.37 29.78, -95.37 29.76)), POLYGON((-80.19 25.79, -80.15 25.79, -80.15 25.82, -80.19 25.82, -80.19 25.79))",polygon
boundary_polygon,"POLYGON((-122.42 37.78, -122.40 37.78, -122.40 37.80, -122.42 37.80, -122.42 37.78)), POLYGON((-118.25 34.05, -118.23 34.05, -118.23 34.07, -118.25 34.07, -118.25 34.05)), POLYGON((-71.06 42.36, -71.04 42.36, -71.04 42.38, -71.06 42.38, -71.06 42.36))",polygon
WKT_GEOMETRY,"POLYGON((-90.20 38.63, -90.18 38.63, -90.18 38.65, -90.20 38.65, -90.20 38.63)), POLYGON((-77.04 38.90, -77.02 38.90, -77.02 38.92, -77.04 38.92, -77.04 38.90)), POLYGON((-122.67 45.52, -122.65 45.52, -122.65 45.54, -122.67 45.54, -122.67 45.52))",polygon
shape,"POLYGON((-97.74 30.27, -97.72 30.27, -97.72 30.29, -97.74 30.29, -97.74 30.27)), POLYGON((-106.65 35.08, -106.63 35.08, -106.63 35.10, -106.65 35.10, -106.65 35.08)), POLYGON((-122.33 47.61, -122.31 47.61, -122.31 47.63, -122.33 47.63, -122.33 47.61))",polygon
service_area,"POLYGON((-84.39 33.75, -84.37 33.75, -84.37 33.77, -84.39 33.77, -84.39 33.75)), POLYGON((-96.80 32.78, -96.78 32.78, -96.78 32.80, -96.80 32.80, -96.80 32.78)), POLYGON((-112.07 33.45, -112.05 33.45, -112.05 33.47, -112.07 33.47, -112.07 33.45))",polygon
GEOMETRY,"POLYGON ((-104.9903 39.7392, -105.0000 39.7392, -105.0000 39.7500, -104.9903 39.7500, -104.9903 39.7392)), POLYGON ((-84.3880 33.7480, -84.4000 33.7480, -84.4000 33.7600, -84.3880 33.7600, -84.3880 33.7480)), POLYGON ((-122.4194 37.7749, -122.4294 37.7749, -122.4294 37.7849, -122.4194 37.7849, -122.4194 37.7749))",polygon
wkt_polygon_shape,"POLYGON ((-71.0589 42.3601, -71.0689 42.3601, -71.0689 42.3701, -71.0589 42.3701, -71.0589 42.3601)), POLYGON ((-95.3698 29.7604, -95.3798 29.7604, -95.3798 29.7704, -95.3698 29.7704, -95.3698 29.7604)), POLYGON ((-87.6298 41.8781, -87.6398 41.8781, -87.6398 41.8881, -87.6298 41.8881, -87.6298 41.8781))",polygon
boundary,"POLYGON ((-118.2437 34.0522, -118.2537 34.0522, -118.2537 34.0622, -118.2437 34.0622, -118.2437 34.0522)), POLYGON ((-90.0715 29.9511, -90.0815 29.9511, -90.0815 29.9611, -90.0715 29.9611, -90.0715 29.9511)), POLYGON ((-81.6558 28.5383, -81.6658 28.5383, -81.6658 28.5483, -81.6558 28.5483, -81.6558 28.5383))",polygon
the_geom,"POLYGON ((-74.0060 40.7128, -74.0160 40.7128, -74.0160 40.7228, -74.0060 40.7228, -74.0060 40.7128)), POLYGON ((-122.3321 47.6062, -122.3421 47.6062, -122.3421 47.6162, -122.3321 47.6162, -122.3321 47.6062)), POLYGON ((-97.7431 30.2672, -97.7531 30.2672, -97.7531 30.2772, -97.7431 30.2772, -97.7431 30.2672))",polygon
SHAPE,"POLYGON ((-112.0740 33.4484, -112.0840 33.4484, -112.0840 33.4584, -112.0740 33.4584, -112.0740 33.4484)), POLYGON ((-75.1652 39.9526, -75.1752 39.9526, -75.1752 39.9626, -75.1652 39.9626, -75.1652 39.9526)), POLYGON ((-80.8431 35.2271, -80.8531 35.2271, -80.8531 35.2371, -80.8431 35.2371, -80.8431 35.2271))",polygon
geom,"POLYGON ((-74.01 40.71, -74.00 40.71, -74.00 40.72, -74.01 40.72, -74.01 40.71)), POLYGON ((-87.65 41.88, -87.64 41.88, -87.64 41.89, -87.65 41.89, -87.65 41.88)), POLYGON ((-118.25 34.05, -118.24 34.05, -118.24 34.06, -118.25 34.06, -118.25 34.05))",polygon
SHAPE,"POLYGON ((-97.74 30.26, -97.73 30.26, -97.73 30.27, -97.74 30.27, -97.74 30.26)), POLYGON ((-81.65 30.33, -81.64 30.33, -81.64 30.34, -81.65 30.34, -81.65 30.33)), POLYGON ((-122.68 45.52, -122.67 45.52, -122.67 45.53, -122.68 45.53, -122.68 45.52))",polygon
zoning_district_boundary,"POLYGON ((-71.06 42.36, -71.05 42.36, -71.05 42.35, -71.06 42.35, -71.06 42.36)), POLYGON ((-77.04 38.91, -77.03 38.91, -77.03 38.90, -77.04 38.90, -77.04 38.91)), POLYGON ((-122.33 47.61, -122.32 47.61, -122.32 47.60, -122.33 47.60, -122.33 47.61))",polygon
wkt_geometry,"POLYGON ((-95.363 29.760, -95.353 29.760, -95.353 29.770, -95.363 29.770, -95.363 29.760)), POLYGON ((-84.388 33.749, -84.378 33.749, -84.378 33.759, -84.388 33.759, -84.388 33.749)), POLYGON ((-112.074 33.448, -112.064 33.448, -112.064 33.458, -112.074 33.458, -112.074 33.448))",polygon
footprint,"POLYGON ((-73.9857 40.7484, -73.9854 40.7484, -73.9855 40.7480, -73.9858 40.7481, -73.9857 40.7484)), POLYGON ((-117.1625 32.715, -117.1615 32.715, -117.1615 32.716, -117.1625 32.716, -117.1625 32.715)), POLYGON ((-86.1581 39.7684, -86.1571 39.7684, -86.1571 39.7694, -86.1581 39.7694, -86.1581 39.7684))",polygon
geom,"POLYGON ((-87.627 41.884, -87.620 41.884, -87.620 41.889, -87.627 41.889, -87.627 41.884)), POLYGON ((-97.743 30.267, -97.733 30.267, -97.733 30.277, -97.743 30.277, -97.743 30.267)), POLYGON ((-122.419 37.775, -122.410 37.775, -122.410 37.785, -122.419 37.785, -122.419 37.775))",polygon
parcel_boundary,"POLYGON ((-118.25 34.05, -118.24 34.05, -118.24 34.06, -118.25 34.06, -118.25 34.05)), POLYGON ((-73.990 40.730, -73.985 40.732, -73.988 40.738, -73.993 40.735, -73.990 40.730)), POLYGON ((-84.39 33.75, -84.38 33.75, -84.38 33.76, -84.39 33.76, -84.39 33.75))",polygon
Shape,"POLYGON((-71.0603 42.3601, -71.0503 42.3601, -71.0503 42.3701, -71.0603 42.3701, -71.0603 42.3601)), POLYGON((-77.0369 38.9072, -77.0269 38.9072, -77.0269 38.9172, -77.0369 38.9172, -77.0369 38.9072)), POLYGON((-122.3321 47.6062, -122.3221 47.6062, -122.3221 47.6162, -122.3321 47.6162, -122.3321 47.6062))",polygon
wkt_geometry,"POLYGON ((-95.3698 29.7604, -95.3598 29.7604, -95.3598 29.7704, -95.3698 29.7704, -95.3698 29.7604)), POLYGON ((-80.1937 25.7617, -80.1837 25.7617, -80.1837 25.7717, -80.1937 25.7717, -80.1937 25.7617)), POLYGON ((-112.0740 33.4484, -112.0640 33.4484, -112.0640 33.4584, -112.0740 33.4584, -112.0740 33.4484))",polygon
zone_polygon,"POLYGON ((-74.0060 40.7128, -73.9960 40.7128, -73.9960 40.7228, -74.0060 40.7228, -74.0060 40.7128)), POLYGON ((-87.9073 43.0389, -87.8973 43.0389, -87.8973 43.0489, -87.9073 43.0489, -87.9073 43.0389)), POLYGON ((-104.9903 39.7392, -104.9803 39.7392, -104.9803 39.7492, -104.9903 39.7492, -104.9903 39.7392))",polygon
geom,"POLYGON((-118.25 34.05, -118.25 34.06, -118.24 34.06, -118.24 34.05, -118.25 34.05)), POLYGON((-87.63 41.88, -87.63 41.89, -87.62 41.89, -87.62 41.88, -87.63 41.88)), POLYGON((-80.19 25.76, -80.19 25.77, -80.18 25.77, -80.18 25.76, -80.19 25.76))",polygon
boundary_polygon_wkt,"POLYGON((-96.80 32.77, -96.79 32.79, -96.78 32.77, -96.80 32.77)), POLYGON((-122.33 47.60, -122.33 47.62, -122.32 47.63, -122.31 47.61, -122.31 47.60, -122.33 47.60)), POLYGON((-69.78 44.31, -69.78 44.32, -69.77 44.32, -69.77 44.31, -69.78 44.31))",polygon
wkt_geometry,"POLYGON((-74.00 40.71, -74.00 40.72, -73.99 40.72, -73.99 40.71, -74.00 40.71)), POLYGON((-122.42 37.77, -122.42 37.78, -122.41 37.78, -122.41 37.77, -122.42 37.77)), POLYGON((-104.99 39.74, -104.99 39.75, -104.98 39.75, -104.98 39.74, -104.99 39.74))",polygon
SHAPE,"POLYGON((-112.07 33.45, -112.07 33.46, -112.06 33.465, -112.05 33.46, -112.05 33.45, -112.07 33.45)), POLYGON((-81.38 28.54, -81.38 28.55, -81.375 28.55, -81.37 28.54, -81.38 28.54)), POLYGON((-122.67 45.52, -122.67 45.53, -122.66 45.53, -122.65 45.525, -122.66 45.52, -122.67 45.52))",polygon
area_footprint,"POLYGON((-84.39 33.75, -84.39 33.76, -84.38 33.76, -84.38 33.75, -84.39 33.75)), POLYGON((-95.68 39.04, -95.68 39.05, -95.67 39.05, -95.67 39.04, -95.68 39.04)), POLYGON((-75.16 39.95, -75.16 39.96, -75.15 39.96, -75.15 39.95, -75.16 39.95))",polygon
geom,"POLYGON ((-97.33 32.75, -97.32 32.75, -97.32 32.76, -97.33 32.76, -97.33 32.75)), POLYGON ((-118.25 34.05, -118.24 34.05, -118.24 34.06, -118.25 34.06, -118.25 34.05)), POLYGON ((-71.06 42.36, -71.05 42.36, -71.05 42.37, -71.06 42.37, -71.06 42.36))",polygon
wkt_geometry,"POLYGON ((-122.4194 37.7749, -122.4184 37.7749, -122.4184 37.7759, -122.4194 37.7759, -122.4194 37.7749)), POLYGON ((-87.6298 41.8781, -87.6288 41.8781, -87.6288 41.8791, -87.6298 41.8791, -87.6298 41.8781)), POLYGON ((-80.1918 25.7617, -80.1908 25.7617, -80.1908 25.7627, -80.1918 25.7627, -80.1918 25.7617))",polygon
boundary_polygon,"POLYGON ((-104.9903 39.7392, -104.9893 39.7392, -104.9893 39.7402, -104.9903 39.7402, -104.9903 39.7392)), POLYGON ((-75.1652 39.9526, -75.1642 39.9526, -75.1642 39.9536, -75.1652 39.9536, -75.1652 39.9526)), POLYGON ((-90.0715 29.9511, -90.0705 29.9511, -90.0705 29.9521, -90.0715 29.9521, -90.0715 29.9511))",polygon
SHAPE,"POLYGON ((-73.9855 40.7580, -73.9845 40.7580, -73.9845 40.7590, -73.9855 40.7590, -73.9855 40.7580)), POLYGON ((-112.0740 33.4484, -112.0730 33.4484, -112.0730 33.4494, -112.0740 33.4494, -112.0740 33.4484)), POLYGON ((-84.3880 33.7490, -84.3870 33.7490, -84.3870 33.7500, -84.3880 33.7500, -84.3880 33.7490))",polygon
zone_poly,"POLYGON ((-121.4944 38.5816, -121.4934 38.5816, -121.4934 38.5826, -121.4944 38.5826, -121.4944 38.5816)), POLYGON ((-95.3698 29.7604, -95.3688 29.7604, -95.3688 29.7614, -95.3698 29.7614, -95.3698 29.7604)), POLYGON ((-77.0369 38.9072, -77.0359 38.9072, -77.0359 38.9082, -77.0369 38.9082, -77.0369 38.9072))",polygon
shape,"POLYGON ((-118.25 34.05, -118.24 34.05, -118.24 34.04, -118.25 34.04, -118.25 34.05)), POLYGON ((-96.8 32.78, -96.79 32.79, -96.78 32.77, -96.8 32.78)), POLYGON ((-80.2 25.77, -80.19 25.78, -80.18 25.77, -80.19 25.76, -80.2 25.77))",polygon
geom_wkt,"POLYGON ((-87.63 41.88, -87.62 41.88, -87.62 41.87, -87.63 41.87, -87.63 41.88)), POLYGON ((-93.28 44.97, -93.27 44.98, -93.26 44.97, -93.27 44.96, -93.28 44.97)), POLYGON ((-74.001 40.713, -73.991 40.713, -73.991 40.703, -74.001 40.703, -74.001 40.713))",polygon
parcel_boundary,"POLYGON ((-112.07 33.45, -112.06 33.45, -112.06 33.44, -112.07 33.44, -112.07 33.45)), POLYGON ((-104.99 39.74, -104.98 39.75, -104.97 39.74, -104.98 39.73, -104.99 39.74)), POLYGON ((-122.68 45.52, -122.67 45.52, -122.67 45.51, -122.68 45.51, -122.68 45.52))",polygon
WKT,"POLYGON((-75.17 39.95, -75.16 39.95, -75.16 39.94, -75.17 39.94, -75.17 39.95)), POLYGON((-83.00 39.96, -82.99 39.97, -82.98 39.96, -82.99 39.95, -83.00 39.96)), POLYGON((-122.33 47.61, -122.32 47.61, -122.32 47.60, -122.33 47.60, -122.33 47.61))",polygon
footprint,"POLYGON ((-71.06 42.36, -71.05 42.36, -71.05 42.35, -71.06 42.35, -71.06 42.36)), POLYGON ((-84.39 33.75, -84.38 33.76, -84.37 33.75, -84.38 33.74, -84.39 33.75)), POLYGON ((-78.64 35.78, -78.63 35.78, -78.63 35.77, -78.64 35.77, -78.64 35.78))",polygon
geom,"POLYGON ((-95.36 29.76, -95.35 29.77, -95.35 29.75, -95.36 29.76)), POLYGON ((-87.65 41.89, -87.64 41.90, -87.63 41.89, -87.64 41.88, -87.65 41.89)), POLYGON ((-74.00 40.71, -73.99 40.72, -73.98 40.71, -73.99 40.70, -74.00 40.71))",polygon
parcel_boundary,"POLYGON ((-122.42 37.78, -122.41 37.78, -122.41 37.77, -122.42 37.77, -122.42 37.78)), POLYGON ((-122.45 37.76, -122.44 37.76, -122.44 37.75, -122.45 37.75, -122.45 37.76)), POLYGON ((-122.48 37.74, -122.47 37.74, -122.47 37.73, -122.48 37.73, -122.48 37.74))",polygon
SHAPE,"POLYGON ((-84.39 33.75, -84.38 33.76, -84.37 33.75, -84.38 33.74, -84.39 33.75)), POLYGON ((-84.42 33.80, -84.41 33.81, -84.40 33.80, -84.41 33.79, -84.42 33.80)), POLYGON ((-84.35 33.70, -84.34 33.71, -84.33 33.70, -84.34 33.69, -84.35 33.70))",polygon
wkt_geometry,"POLYGON ((-118.25 34.05, -118.24 34.06, -118.23 34.05, -118.24 34.04, -118.25 34.05)), POLYGON ((-118.41 34.07, -118.40 34.08, -118.39 34.07, -118.40 34.06, -118.41 34.07)), POLYGON ((-118.30 34.10, -118.29 34.11, -118.28 34.10, -118.29 34.09, -118.30 34.10))",polygon
the_geom,"POLYGON ((-97.74 30.27, -97.73 30.27, -97.73 30.26, -97.74 30.26, -97.74 30.27)), POLYGON ((-97.76 30.25, -97.75 30.25, -97.75 30.24, -97.76 30.24, -97.76 30.25)), POLYGON ((-97.72 30.30, -97.71 30.30, -97.71 30.29, -97.72 30.29, -97.72 30.30))",polygon
shape,"POLYGON ((-97.74 30.26, -97.73 30.26, -97.73 30.25, -97.74 30.25, -97.74 30.26)), POLYGON ((-118.25 34.05, -118.24 34.05, -118.24 34.04, -118.25 34.04, -118.25 34.05)), POLYGON ((-80.19 25.76, -80.18 25.77, -80.19 25.78, -80.20 25.77, -80.19 25.76))",polygon
wkt_geometry,"POLYGON ((-73.99 40.71, -73.98 40.71, -73.98 40.70, -73.99 40.70, -73.99 40.71)), POLYGON ((-87.63 41.88, -87.62 41.89, -87.61 41.88, -87.62 41.87, -87.63 41.88)), POLYGON ((-122.33 47.61, -122.32 47.61, -122.32 47.60, -122.33 47.60, -122.33 47.61))",polygon
parcel_boundary,"POLYGON ((-95.37 29.76, -95.36 29.76, -95.36 29.75, -95.37 29.75, -95.37 29.76)), POLYGON ((-104.99 39.74, -104.98 39.74, -104.98 39.73, -104.99 39.73, -104.99 39.74)), POLYGON ((-112.07 33.45, -112.06 33.45, -112.06 33.44, -112.07 33.44, -112.07 33.45))",polygon
geom_polygon,"POLYGON ((-77.04 38.90, -77.03 38.91, -77.02 38.90, -77.03 38.89, -77.04 38.90)), POLYGON ((-84.39 33.75, -84.38 33.75, -84.38 33.74, -84.39 33.74, -84.39 33.75)), POLYGON ((-71.06 42.36, -71.05 42.36, -71.05 42.35, -71.06 42.35, -71.06 42.36))",polygon
building_footprint_wkt,"POLYGON ((-74.00 40.71, -73.99 40.71, -73.99 40.70, -74.00 40.70, -74.00 40.71)), POLYGON ((-121.89 37.34, -121.88 37.34, -121.88 37.33, -121.89 37.33, -121.89 37.34)), POLYGON ((-86.16 39.77, -86.15 39.77, -86.15 39.76, -86.16 39.76, -86.16 39.77))",polygon
geometry,"POLYGON ((-97.74 30.26, -97.75 30.26, -97.75 30.27, -97.74 30.27, -97.74 30.26)), POLYGON ((-122.41 37.77, -122.42 37.77, -122.42 37.78, -122.41 37.78, -122.41 37.77)), POLYGON ((-71.05 42.36, -71.06 42.36, -71.06 42.37, -71.05 42.37, -71.05 42.36))",polygon
SHAPE,"POLYGON ((-87.62 41.87, -87.63 41.87, -87.63 41.88, -87.625 41.885, -87.62 41.88, -87.62 41.87)), POLYGON ((-118.24 34.05, -118.25 34.05, -118.25 34.06, -118.245 34.065, -118.24 34.06, -118.24 34.05)), POLYGON ((-84.38 33.74, -84.39 33.74, -84.39 33.75, -84.385 33.755, -84.38 33.75, -84.38 33.74))",polygon
polygon_wkt,"POLYGON ((-90.07 29.95, -90.08 29.94, -90.09 29.95, -90.08 29.96, -90.07 29.95)), POLYGON ((-122.67 45.52, -122.68 45.51, -122.69 45.52, -122.68 45.53, -122.67 45.52)), POLYGON ((-73.98 40.74, -73.99 40.73, -74.00 40.74, -73.99 40.75, -73.98 40.74))",polygon
boundary,"POLYGON ((-104.99 39.73, -105.00 39.73, -104.995 39.74, -104.99 39.73)), POLYGON ((-112.07 33.44, -112.08 33.44, -112.075 33.45, -112.07 33.44)), POLYGON ((-81.65 28.53, -81.66 28.53, -81.655 28.54, -81.65 28.53))",polygon
area_geom,"POLYGON ((-121.8863 37.3382, -121.8963 37.3382, -121.8963 37.3482, -121.8863 37.3482, -121.8863 37.3382)), POLYGON ((-80.1918 25.7617, -80.2018 25.7617, -80.2018 25.7717, -80.1918 25.7717, -80.1918 25.7617)), POLYGON ((-95.3698 29.7604, -95.3798 29.7604, -95.3798 29.7704, -95.3698 29.7704, -95.3698 29.7604))",polygon
geometry,"POLYGON ((-122.4 37.7, -122.3 37.7, -122.3 37.8, -122.4 37.8, -122.4 37.7)), POLYGON ((-74.0 40.7, -73.9 40.7, -73.9 40.8, -74.0 40.8, -74.0 40.7)), POLYGON ((-80.2 25.8, -80.1 25.8, -80.1 25.9, -80.2 25.9, -80.2 25.8))",polygon
wkt_polygon,"POLYGON ((-96.8 32.7, -96.7 32.7, -96.75 32.8, -96.8 32.7)), POLYGON ((-87.6 41.8, -87.5 41.8, -87.5 41.9, -87.55 41.95, -87.6 41.9, -87.6 41.8)), POLYGON ((-105.0 39.7, -104.9 39.7, -104.95 39.8, -105.0 39.7))",polygon
shape,"POLYGON ((-122.33 47.60, -122.30 47.60, -122.30 47.62, -122.33 47.62, -122.33 47.60)), POLYGON ((-112.07 33.45, -112.05 33.45, -112.05 33.47, -112.07 33.47, -112.07 33.45)), POLYGON ((-84.39 33.75, -84.37 33.75, -84.37 33.77, -84.39 33.77, -84.39 33.75))",polygon
boundary_geom,"POLYGON ((-87.629798 41.878114, -87.627798 41.878114, -87.627798 41.880114, -87.629798 41.880114, -87.629798 41.878114)), POLYGON ((-118.243685 34.052234, -118.241685 34.052234, -118.241685 34.054234, -118.243685 34.054234, -118.243685 34.052234)), POLYGON ((-95.369803 29.760427, -95.367803 29.760427, -95.367803 29.762427, -95.369803 29.762427, -95.369803 29.760427))",polygon
poly_wkt,"POLYGON ((-75.165222 39.952583, -75.163222 39.951583, -75.162222 39.953583, -75.164222 39.954583, -75.165222 39.952583)), POLYGON ((-117.161086 32.715738, -117.159086 32.715738, -117.159086 32.717738, -117.160086 32.718738, -117.161086 32.715738)), POLYGON ((-96.796988 32.776664, -96.794988 32.776664, -96.795988 32.778664, -96.797988 32.777664, -96.796988 32.776664))",polygon
geometry,"POLYGON((-74.05 40.75, -74.04 40.75, -74.04 40.76, -74.05 40.76, -74.05 40.75)), POLYGON((-118.25 34.05, -118.24 34.05, -118.24 34.06, -118.25 34.06, -118.25 34.05)), POLYGON((-87.63 41.88, -87.62 41.88, -87.62 41.89, -87.63 41.89, -87.63 41.88))",polygon
wkt_polygon,"POLYGON ((-95.36 29.76, -95.35 29.76, -95.35 29.77, -95.36 29.77, -95.36 29.76)), POLYGON ((-71.06 42.36, -71.05 42.36, -71.05 42.37, -71.06 42.37, -71.06 42.36)), POLYGON ((-122.33 47.61, -122.32 47.61, -122.32 47.62, -122.33 47.62, -122.33 47.61))",polygon
lot_geom,"POLYGON((-77.03 38.90, -77.02 38.90, -77.025 38.91, -77.03 38.90)), POLYGON((-97.74 30.27, -97.73 30.27, -97.73 30.28, -97.74 30.28, -97.74 30.27)), POLYGON((-84.39 33.75, -84.38 33.75, -84.38 33.76, -84.39 33.76, -84.39 33.75))",polygon
the_geom,"POLYGON ((-122.68 45.52, -122.67 45.52, -122.67 45.53, -122.68 45.53, -122.68 45.52)), POLYGON ((-80.19 25.77, -80.18 25.77, -80.18 25.78, -80.19 25.78, -80.19 25.77)), POLYGON ((-112.07 33.45, -112.06 33.45, -112.06 33.46, -112.07 33.46, -112.07 33.45))",polygon
SHAPE,"POLYGON((-104.99 39.74, -104.98 39.74, -104.98 39.75, -104.99 39.75, -104.99 39.74)), POLYGON((-73.96 40.78, -73.95 40.78, -73.95 40.79, -73.96 40.79, -73.96 40.78)), POLYGON((-90.07 29.95, -90.06 29.95, -90.06 29.96, -90.07 29.96, -90.07 29.95))",polygon
the_geom,"POLYGON ((-74.00 40.70, -73.98 40.70, -73.98 40.72, -74.00 40.72, -74.00 40.70)), POLYGON ((-118.25 34.05, -118.20 34.05, -118.20 34.10, -118.25 34.10, -118.25 34.05)), POLYGON ((-87.63 41.88, -87.60 41.88, -87.60 41.90, -87.63 41.90, -87.63 41.88))",polygon
parcel_boundary,"POLYGON ((-97.74 30.26, -97.73 30.26, -97.73 30.27, -97.74 30.27, -97.74 30.26)), POLYGON ((-84.39 33.75, -84.38 33.75, -84.38 33.76, -84.39 33.76, -84.39 33.75)), POLYGON ((-122.33 47.60, -122.32 47.60, -122.32 47.61, -122.33 47.61, -122.33 47.60))",polygon
WKT_GEOMETRY,"POLYGON ((-80.19 25.76, -80.18 25.76, -80.18 25.77, -80.19 25.77, -80.19 25.76)), POLYGON ((-112.07 33.44, -112.06 33.44, -112.06 33.45, -112.07 33.45, -112.07 33.44)), POLYGON ((-90.07 29.95, -90.06 29.95, -90.06 29.96, -90.07 29.96, -90.07 29.95))",polygon
district_poly,"POLYGON ((-71.06 42.36, -71.05 42.36, -71.05 42.37, -71.06 42.37, -71.06 42.36)), POLYGON ((-95.36 29.76, -95.35 29.76, -95.35 29.77, -95.36 29.77, -95.36 29.76)), POLYGON ((-75.16 39.95, -75.15 39.95, -75.15 39.96, -75.16 39.96, -75.16 39.95))",polygon
shape,"POLYGON ((-122.42 37.77, -122.40 37.77, -122.40 37.79, -122.42 37.79, -122.42 37.77)), POLYGON ((-104.99 39.73, -104.98 39.73, -104.98 39.74, -104.99 39.74, -104.99 39.73)), POLYGON ((-86.15 39.76, -86.14 39.76, -86.14 39.77, -86.15 39.77, -86.15 39.76))",polygon
shape_geom,"POLYGON ((-74.01 40.71, -73.99 40.71, -73.99 40.73, -74.01 40.73, -74.01 40.71)), POLYGON ((-87.63 41.88, -87.61 41.88, -87.62 41.90, -87.63 41.88)), POLYGON ((-118.25 34.05, -118.23 34.05, -118.23 34.07, -118.25 34.07, -118.25 34.05))",polygon
wkt_polygon,"POLYGON ((-81.50 28.54, -81.45 28.54, -81.45 28.59, -81.50 28.59, -81.50 28.54)), POLYGON ((-122.33 47.61, -122.32 47.61, -122.32 47.62, -122.33 47.62, -122.33 47.61)), POLYGON ((-96.80 32.78, -96.78 32.78, -96.79 32.81, -96.80 32.78))",polygon
boundary,"POLYGON ((-71.06 42.36, -71.05 42.36, -71.05 42.37, -71.065 42.375, -71.07 42.365, -71.06 42.36)), POLYGON ((-112.07 33.45, -112.05 33.45, -112.05 33.47, -112.07 33.47, -112.07 33.45)), POLYGON ((-104.99 39.74, -104.98 39.74, -104.98 39.75, -104.99 39.75, -104.99 39.74))",polygon
GEOMETRY,"POLYGON ((-93.27 44.98, -93.25 44.98, -93.26 45.00, -93.28 44.99, -93.27 44.98)), POLYGON ((-121.49 38.58, -121.47 38.58, -121.47 38.60, -121.49 38.60, -121.49 38.58)), POLYGON ((-84.39 33.75, -84.37 33.75, -84.37 33.77, -84.39 33.77, -84.39 33.75))",polygon
polygon_shape,"POLYGON ((-75.16 39.95, -75.15 39.95, -75.15 39.96, -75.16 39.96, -75.16 39.95)), POLYGON ((-98.48 38.82, -98.46 38.82, -98.46 38.84, -98.48 38.84, -98.48 38.82)), POLYGON ((-122.68 45.52, -122.66 45.52, -122.67 45.51, -122.68 45.52))",polygon
wkt_geometry,"POLYGON ((-74.001 40.711, -73.991 40.711, -73.991 40.721, -74.001 40.721, -74.001 40.711)), POLYGON ((-118.252 34.052, -118.242 34.052, -118.242 34.062, -118.252 34.062, -118.252 34.052)), POLYGON ((-87.633 41.883, -87.623 41.883, -87.623 41.893, -87.633 41.893, -87.633 41.883))",polygon
SHAPE,"POLYGON ((-80.20 25.77, -80.19 25.77, -80.19 25.78, -80.20 25.785, -80.205 25.78, -80.20 25.77)), POLYGON ((-96.80 32.78, -96.79 32.78, -96.79 32.79, -96.80 32.79, -96.80 32.78)), POLYGON ((-122.33 47.60, -122.32 47.60, -122.32 47.61, -122.33 47.61, -122.33 47.60))",polygon
geom,"POLYGON((-71.06 42.36, -71.05 42.36, -71.055 42.365, -71.06 42.36)), POLYGON((-104.99 39.74, -104.98 39.74, -104.98 39.75, -104.99 39.75, -104.99 39.74)), POLYGON((-122.419 37.774, -122.418 37.773, -122.417 37.775, -122.419 37.774))",polygon
parcel_boundary,"POLYGON ((-112.0740 33.4484, -112.0730 33.4484, -112.0730 33.4494, -112.0740 33.4494, -112.0740 33.4484)), POLYGON ((-75.1652 39.9526, -75.1642 39.9526, -75.1642 39.9536, -75.1652 39.9536, -75.1652 39.9526)), POLYGON ((-84.3880 33.7490, -84.3870 33.7490, -84.3870 33.7500, -84.3880 33.7500, -84.3880 33.7490))",polygon
the_geom,"POLYGON ((-83.0458 42.3314, -83.0448 42.3314, -83.0448 42.3324, -83.0458 42.3324, -83.0458 42.3314)), POLYGON ((-93.2650 44.9778, -93.2640 44.9778, -93.2645 44.9788, -93.2650 44.9778)), POLYGON ((-122.6765 45.5231, -122.6755 45.5231, -122.6755 45.5241, -122.6760 45.5246, -122.6765 45.5241, -122.6765 45.5231))",polygon
geometry,"POLYGON((-74.0060 40.7128, -74.0050 40.7128, -74.0050 40.7138, -74.0060 40.7138, -74.0060 40.7128)), POLYGON((-118.2437 34.0522, -118.2427 34.0522, -118.2432 34.0532, -118.2437 34.0522)), POLYGON((-87.6298 41.8781, -87.6288 41.8781, -87.6288 41.8791, -87.6298 41.8791, -87.6298 41.8781))",polygon
SHAPE,"POLYGON((-95.3698 29.7604, -95.3688 29.7604, -95.3688 29.7614, -95.3698 29.7614, -95.3698 29.7604)), POLYGON((-71.0589 42.3601, -71.0579 42.3601, -71.0579 42.3611, -71.0584 42.3616, -71.0589 42.3601)), POLYGON((-122.4194 37.7749, -122.4184 37.7749, -122.4184 37.7759, -122.4194 37.7759, -122.4194 37.7749))",polygon
wkt_polygon,"POLYGON ((-77.0369 38.9072, -77.0359 38.9072, -77.0359 38.9082, -77.0369 38.9082, -77.0369 38.9072)), POLYGON ((-97.7431 30.2672, -97.7421 30.2672, -97.7426 30.2682, -97.7431 30.2672)), POLYGON ((-122.6750 45.5051, -122.6740 45.5051, -122.6740 45.5061, -122.6750 45.5061, -122.6750 45.5051))",polygon
lot_footprint,"POLYGON((-84.3880 33.7490, -84.3870 33.7490, -84.3870 33.7500, -84.3880 33.7500, -84.3880 33.7490)), POLYGON((-112.0740 33.4484, -112.0730 33.4484, -112.0735 33.4494, -112.0740 33.4484)), POLYGON((-75.1652 39.9526, -75.1642 39.9526, -75.1642 39.9536, -75.1652 39.9536, -75.1652 39.9526))",polygon
geom,"POLYGON((-90.0715 29.9511, -90.0705 29.9511, -90.0705 29.9521, -90.0715 29.9521, -90.0715 29.9511)), POLYGON((-122.3321 47.6062, -122.3311 47.6062, -122.3311 47.6072, -122.3316 47.6077, -122.3321 47.6062)), POLYGON((-104.9903 39.7392, -104.9893 39.7392, -104.9898 39.7402, -104.9903 39.7392))",polygon
geometry,"POLYGON ((-74.0 40.7, -73.9 40.7, -73.9 40.8, -74.0 40.8, -74.0 40.7)), POLYGON ((-122.4 37.7, -122.3 37.7, -122.3 37.8, -122.4 37.8, -122.4 37.7)), POLYGON ((-80.2 26.1, -80.1 26.1, -80.1 26.2, -80.2 26.2, -80.2 26.1))",polygon
wkt_polygon,"POLYGON((-87.62 41.87, -87.61 41.87, -87.61 41.88, -87.62 41.88, -87.62 41.87)), POLYGON((-97.74 30.26, -97.73 30.26, -97.73 30.27, -97.74 30.27, -97.74 30.26)), POLYGON((-117.16 32.71, -117.15 32.71, -117.15 32.72, -117.16 32.72, -117.16 32.71))",polygon
shape,"POLYGON ((-104.99 39.73, -104.98 39.73, -104.985 39.74, -104.99 39.73)), POLYGON ((-71.05 42.36, -71.04 42.36, -71.045 42.37, -71.05 42.36)), POLYGON ((-112.07 33.44, -112.06 33.44, -112.065 33.45, -112.07 33.44))",polygon
parcel_boundary,"POLYGON((-90.07159 29.95107, -90.07000 29.95107, -90.07000 29.95200, -90.07159 29.95200, -90.07159 29.95107)), POLYGON((-118.24368 34.05223, -118.24200 34.05223, -118.24200 34.05300, -118.24368 34.05300, -118.24368 34.05223)), POLYGON((-77.03687 38.90719, -77.03500 38.90719, -77.03500 38.90800, -77.03687 38.90800, -77.03687 38.90719))",polygon
the_geom,"POLYGON((-95.3698 29.7604, -95.36 29.76, -95.36 29.77, -95.37 29.77, -95.3698 29.7604)), POLYGON((-84.3880 33.7490, -84.38 33.74, -84.38 33.75, -84.39 33.75, -84.3880 33.7490)), POLYGON((-75.1652 39.9526, -75.16 39.95, -75.16 39.96, -75.17 39.96, -75.1652 39.9526))",polygon
geometry,"POLYGON((-97.33 32.75, -97.34 32.75, -97.34 32.76, -97.33 32.76, -97.33 32.75)), POLYGON((-118.24 34.05, -118.25 34.05, -118.25 34.06, -118.24 34.06, -118.24 34.05)), POLYGON((-73.98 40.75, -73.99 40.75, -73.99 40.76, -73.98 40.76, -73.98 40.75))",polygon
shape,"POLYGON ((-84.39 33.75, -84.39 33.76, -84.38 33.76, -84.38 33.75, -84.39 33.75)), POLYGON ((-122.33 47.61, -122.33 47.62, -122.32 47.62, -122.32 47.61, -122.33 47.61)), POLYGON ((-71.06 42.36, -71.06 42.37, -71.05 42.37, -71.05 42.36, -71.06 42.36))",polygon
lot_boundary_wkt,"POLYGON((-90.07 29.95, -90.08 29.95, -90.08 29.96, -90.07 29.96, -90.07 29.95)), POLYGON((-95.36 29.76, -95.37 29.76, -95.37 29.77, -95.36 29.77, -95.36 29.76)), POLYGON((-81.65 30.33, -81.66 30.33, -81.66 30.34, -81.65 30.34, -81.65 30.33))",polygon
footprint,"POLYGON ((-87.62 41.88, -87.63 41.88, -87.63 41.89, -87.62 41.89, -87.62 41.88)), POLYGON ((-104.99 39.74, -105.00 39.74, -105.00 39.75, -104.99 39.75, -104.99 39.74)), POLYGON ((-112.07 33.45, -112.08 33.45, -112.08 33.46, -112.07 33.46, -112.07 33.45))",polygon
geom_polygon,"POLYGON ((-77.03 38.90, -77.04 38.90, -77.04 38.91, -77.03 38.91, -77.03 38.90)), POLYGON ((-75.16 39.95, -75.17 39.95, -75.17 39.96, -75.16 39.96, -75.16 39.95)), POLYGON ((-122.42 37.77, -122.43 37.77, -122.43 37.78, -122.42 37.78, -122.42 37.77))",polygon
geometry,"POLYGON ((-118.24 34.05, -118.23 34.05, -118.23 34.06, -118.24 34.06, -118.24 34.05)), POLYGON ((-87.65 41.88, -87.64 41.88, -87.64 41.89, -87.65 41.89, -87.65 41.88)), POLYGON ((-74.00 40.71, -73.99 40.71, -73.99 40.72, -74.00 40.72, -74.00 40.71))",polygon
bldg_footprint,"POLYGON ((-97.74 30.27, -97.73 30.27, -97.73 30.28, -97.74 30.28, -97.74 30.27)), POLYGON ((-122.33 47.61, -122.32 47.61, -122.32 47.62, -122.33 47.62, -122.33 47.61)), POLYGON ((-84.39 33.75, -84.38 33.75, -84.38 33.76, -84.39 33.76, -84.39 33.75))",polygon
WKT,"POLYGON ((-71.06 42.36, -71.05 42.35, -71.04 42.36, -71.05 42.37, -71.06 42.36)), POLYGON ((-112.07 33.45, -112.06 33.44, -112.05 33.45, -112.06 33.46, -112.07 33.45)), POLYGON ((-95.37 29.76, -95.36 29.75, -95.35 29.76, -95.36 29.77, -95.37 29.76))",polygon
zone_boundary,"POLYGON ((-80.19 25.76, -80.18 25.76, -80.18 25.77, -80.19 25.77, -80.19 25.76)), POLYGON ((-90.07 29.95, -90.06 29.95, -90.06 29.96, -90.07 29.96, -90.07 29.95)), POLYGON ((-121.89 37.34, -121.88 37.34, -121.88 37.35, -121.89 37.35, -121.89 37.34))",polygon
SHAPE,"POLYGON ((-104.99 39.74, -104.98 39.74, -104.98 39.75, -104.99 39.75, -104.99 39.74)), POLYGON ((-77.04 38.90, -77.03 38.90, -77.03 38.91, -77.04 38.91, -77.04 38.90)), POLYGON ((-81.66 28.54, -81.65 28.54, -81.65 28.55, -81.66 28.55, -81.66 28.54))",polygon
state_name,"Florida, Oregon, Illinois",state
STATE,"Georgia, Colorado, Massachusetts",state
property_state,"Ohio, Michigan, Wisconsin",state
ST_FULL,"Arizona, Utah, Nevada",state
jurisdiction_state,"Pennsylvania, New Jersey, Maryland",state
state_of_origin,"Ohio, Indiana, Illinois",state
OWNER_STATE,"Georgia, Florida, Alabama",state
site_st,"Washington, Oregon, Idaho",state
jurisdiction_state,"Pennsylvania, Maryland, Delaware",state
facilityState,"Colorado, Utah, Arizona",state
state_name,"Florida, Ohio, Oregon",state
PROPERTY_STATE,"Pennsylvania, Arizona, Wisconsin",state
jurisdiction_state,"Colorado, Virginia, Washington",state
st,"Illinois, Georgia, Massachusetts",state
Site_State,"North Carolina, Michigan, New Jersey",state
STATE,"California, Texas, New York",state
location_state,"Illinois, Pennsylvania, Ohio",state
primary_state_name,"Georgia, North Carolina, Florida",state
state.name,"Washington, Oregon, Arizona",state
addr_state,"Michigan, Wisconsin, Minnesota",state
state_name,"Alabama, Georgia, Mississippi",state
JurisdictionState,"Arizona, Utah, Nevada",state
ST_NME,"Minnesota, Wisconsin, Iowa",state
location_state,"Kentucky, Tennessee, Virginia",state
PRIMARY_STATE,"North Carolina, South Carolina, Maryland",state
state_name,"Alabama, Mississippi, Louisiana",state
STATE,"Ohio, Indiana, Kentucky",state
PROPERTY_STATE,"Arizona, New Mexico, Colorado",state
jurisdiction_state,"Virginia, Maryland, Delaware",state
st_full_name,"Minnesota, Wisconsin, Iowa",state
state_name,"Wisconsin, Ohio, Florida",state
PropertyState,"Arizona, Nevada, Utah",state
st_full,"Pennsylvania, Maryland, Virginia",state
STATE,"Oregon, Washington, Idaho",state
jurisdiction_state,"Minnesota, Iowa, Illinois",state
state_full_name,"New York, California, Texas",state
PrSt,"Florida, Georgia, Alabama",state
Vendor_State,"Illinois, Ohio, Michigan",state
jurisdiction_state,"Washington, Oregon, Idaho",state
STATE,"Arizona, Nevada, Utah",state
state_name,"California, Texas, New York",state
state_of_origin,"Ohio, Illinois, Michigan",state
location_state,"Arizona, Nevada, Utah",state
ST,"Georgia, North Carolina, Virginia",state
JURISDICTION_STATE,"Washington, Oregon, Idaho",state
STATE_NAME,"California, Texas, Illinois",state
jurisdiction_st,"Ohio, Michigan, Indiana",state
project_state,"Virginia, North Carolina, Georgia",state
Vendor_State,"Washington, Oregon, Idaho",state
state_name,"Florida, Georgia, Alabama",state
State,"Washington, Oregon, Idaho",state
JURISDICTION_STATE,"Illinois, Wisconsin, Minnesota",state
property_state,"Colorado, Utah, Wyoming",state
vendor_st,"Virginia, Maryland, Delaware",state
PROPERTY_STATE,"Illinois, Wisconsin, Minnesota",state
jurisdiction_st,"Virginia, North Carolina, South Carolina",state
VendorState,"Pennsylvania, New Jersey, Delaware",state
state_full,"Arizona, Nevada, Utah",state
state_name,"Ohio, Michigan, Indiana",state
jurisdiction_state,"Washington, Oregon, Nevada",state
Site_State,"Florida, Georgia, Alabama",state
State,"Pennsylvania, New Jersey, Maryland",state
property_state,"Colorado, Utah, Arizona",state
state_name,"Florida, Ohio, Washington",state
jurisdiction_state,"Pennsylvania, Arizona, Oregon",state
PropertyState,"Illinois, Georgia, Michigan",state
primary_state_of_residence,"Massachusetts, Connecticut, New Hampshire",state
PROJECT_STATE,"Virginia, Colorado, Minnesota",state
State_Name,"Florida, Washington, Ohio",state
st_name,"Illinois, Colorado, Georgia",state
PROJ_STATE,"Massachusetts, Pennsylvania, New Jersey",state
State,"Louisiana, Alabama, Mississippi",state
property_state,"Arizona, Oregon, Utah",state
state_name,"Florida, Oregon, Ohio",state
Jurisdiction_State,"Illinois, Georgia, Arizona",state
prop_state,"Pennsylvania, Michigan, Virginia",state
STATE,"North Carolina, Massachusetts, Washington",state
owner_state,"Colorado, Tennessee, Maryland",state
state_name,"California, Oregon, Washington",state
PROPERTY_STATE,"Texas, Oklahoma, New Mexico",state
st,"Pennsylvania, Ohio, West Virginia",state
jurisdiction_state_full,"North Carolina, South Carolina, Georgia",state
State,"Montana, Wyoming, Idaho",state
state_name,"California, Texas, Florida",state
state,"New York, Illinois, Pennsylvania",state
property_state,"Washington, Oregon, Arizona",state
JURISDICTION_STATE,"Ohio, Michigan, Indiana",state
st_full,"Virginia, North Carolina, Georgia",state
JURISDICTION_STATE,"Pennsylvania, Georgia, Michigan",state
st,"Virginia, Maryland, Delaware",state
State,"Arizona, New Mexico, Utah",state
property_state,"Washington, Idaho, Montana",state
state_name,"Virginia, Maryland, Delaware",state
State,"Wisconsin, Minnesota, Michigan",state
jurisdiction_state,"Utah, Nevada, Idaho",state
property_state,"Washington, Oregon, Montana",state
state_full,"North Carolina, South Carolina, Tennessee",state
JurisdictionState,"Washington, Oregon, Idaho",state
PROPERTY_STATE,"Pennsylvania, Ohio, West Virginia",state
client_state,"Arizona, Nevada, Utah",state
st_full,"Illinois, Wisconsin, Minnesota",state
state_name,"Illinois, Florida, Oregon",state
site_state,"Pennsylvania, New Jersey, Connecticut",state
st_full,"Georgia, Alabama, Mississippi",state
LocationState,"Washington, Arizona, Colorado",state
jurisdiction_state,"Ohio, Michigan, Wisconsin",state
state_full,"California, Texas, New York",state
STATE,"Pennsylvania, New Jersey, Maryland",state
st_name,"Washington, Oregon, Nevada",state
JurisdictionState,"Illinois, Wisconsin, Minnesota",state
us_state,"Georgia, Alabama, Mississippi",state
JURISDICTION_STATE,"Arizona, Illinois, Massachusetts",state
property_state,"Washington, Georgia, Colorado",state
STATE_FULL,"Pennsylvania, Michigan, Virginia",state
site_state,"North Carolina, New Jersey, Indiana",state
JURISDICTION_STATE,"Pennsylvania, Michigan, Georgia",state
st_full,"Arizona, Nevada, Utah",state
primary_state,"Massachusetts, Virginia, Maryland",state
propertyState,"Illinois, North Carolina, Colorado",state
state_name,"California, New York, Texas",state
STATE,"Illinois, Ohio, Michigan",state
property_state,"Arizona, Nevada, Utah",state
jurisdiction_st,"Virginia, Maryland, Delaware",state
st,"Washington, Oregon, Idaho",state
Jurisdiction_State,"Washington, Oregon, Nevada",state
property_state,"Arizona, New Mexico, Utah",state
PRIMARY_STATE,"North Carolina, South Carolina, Georgia",state
state_name,"Florida, Georgia, South Carolina",state
JURISDICTION_STATE,"Pennsylvania, Ohio, West Virginia",state
primary_state,"Minnesota, Wisconsin, Iowa",state
vendor_state,"Virginia, Maryland, Delaware",state
JURISDICTION_STATE,"Pennsylvania, Arizona, Washington",state
StateOfOrigin,"Massachusetts, Connecticut, New Hampshire",state
primary_state,"Colorado, Utah, Nevada",state
LOCATION_STATE_DESC,"Georgia, Ohio, Michigan",state
primary_state,"Florida, Oregon, Ohio",state
JURISDICTION_STATE,"Georgia, Arizona, Illinois",state
state_nm,"Pennsylvania, Washington, Massachusetts",state
PropertyState,"Michigan, Virginia, Colorado",state
mailing_state,"New Jersey, North Carolina, Tennessee",state
STATE_NAME,"California, New York, Texas",state
legal_state,"Illinois, Ohio, Michigan",state
StateFullName,"Washington, Oregon, Arizona",state
st,"Pennsylvania, New Jersey, Delaware",state
site_state,"North Carolina, South Carolina, Georgia",state
JURISDICTION_STATE,"Pennsylvania, Illinois, Ohio",state
PrimaryState,"Georgia, North Carolina, Michigan",state
addr:state,"Washington, Arizona, Massachusetts",state
property_state,"New Jersey, Virginia, Maryland",state
state_full_name,"California, Texas, Florida",state
State,"New York, Illinois, Pennsylvania",state
primary_state,"Ohio, Michigan, Indiana",state
ST_NAME,"Washington, Oregon, Arizona",state
jurisdiction_state,"Virginia, Maryland, North Carolina",state
STATE_NAME,"California, Texas, New York",state
jurisdiction_state,"Pennsylvania, Illinois, Ohio",state
State,"Georgia, Alabama, Mississippi",state
propertyState,"Washington, Oregon, Idaho",state
st_name,"Arizona, Nevada, Utah",state
Jurisdiction_State,"Ohio, Colorado, Massachusetts",state
State,"Minnesota, Arizona, Washington",state
property_state,"Pennsylvania, Virginia, North Carolina",state
jurisdiction_st,"Washington, Illinois, Georgia",state
PrimaryJurisdictionStateName,"Pennsylvania, Ohio, Michigan",state
Location.State,"Arizona, Massachusetts, Virginia",state
STATE,"North Carolina, New Jersey, Indiana",state
primary_state,"California, Arizona, Nevada",state
State,"New York, New Jersey, Pennsylvania",state
st_name,"Illinois, Ohio, Michigan",state
JURISDICTION_STATE,"Texas, Oklahoma, Louisiana",state
owner_state,"Georgia, South Carolina, North Carolina",state
state_name,"Florida, Oregon, Maine",state
PROPERTY_STATE,"Ohio, Illinois, Wisconsin",state
State,"Arizona, Nevada, Utah",state
jurisdiction_st,"Georgia, Alabama, Mississippi",state
site_state,"Pennsylvania, Maryland, Virginia",state
St,"Arizona, Pennsylvania, Illinois",state
State,"Washington, Georgia, Colorado",state
jurisdiction_state,"Virginia, Massachusetts, Michigan",state
PROPERTY_STATE,"North Carolina, New Jersey, Tennessee",state
State,"California, New York, Texas",state
state_name,"Illinois, Ohio, Pennsylvania",state
customer_state,"Washington, Oregon, Nevada",state
PROPERTY_STATE,"Arizona, New Mexico, Utah",state
st_full,"North Carolina, South Carolina, Virginia",state
state_cd,"AZ, NM, UT",state_code
jurisdiction_state,"VA, MD, DE",state_code
STATE_ABBR,"WI, MN, IA",state_code
st_code,"FL, SC, NC",state_code
owner_state,"PA, NJ, CT",state_code
state_cd,"AZ, AZ, AZ",state_code
StateAbbr,"VA, VA, VA",state_code
prop_state,"OH, OH, OH",state_code
OWNER_STATE,"CO, CO, CO",state_code
st,"PA, PA, PA",state_code
st,"NY, PA, NJ",state_code
State_Abbreviation,"CA, OR, WA",state_code
state_cd,"TX, OK, AR",state_code
VENDOR_STATE,"MI, WI, MN",state_code
property_st,"VA, MD, DE",state_code
state_code,"CA, OR, WA",state_code
ST,"NY, MA, CT",state_code
addr_state,"TX, FL, GA",state_code
STATE_ABBR,"IL, OH, MI",state_code
propertyState,"CO, UT, AZ",state_code
state,"IL, MN, WI",state_code
state_cd,"OK, AR, LA",state_code
PrpSt,"SC, NC, GA",state_code
JURISDICTION_STATE,"OR, WA, ID",state_code
mail_state_code,"PA, MD, DE",state_code
state,"CA, TX, NY",state_code
state_abbreviation,"WA, OR, ID",state_code
SITE_STATE,"IL, OH, MI",state_code
st_cd,"PA, NJ, DE",state_code
location_st,"AZ, NV, UT",state_code
state_abbrev,"AZ, NM, NV",state_code
state,"IL, IN, OH",state_code
site_state_cd,"VA, NC, SC",state_code
property_st,"MT, WY, ID",state_code
JURISDICTION_STATE,"ME, NH, VT",state_code
st_code,"GA, FL, AL",state_code
STATE_ABBR,"OH, IN, MI",state_code
jurisdiction_st,"AZ, NM, UT",state_code
mailingState,"WA, OR, ID",state_code
state,"VT, NH, ME",state_code
ST_ABBR,"NY, PA, NJ",state_code
state,"TX, OK, LA",state_code
owner_state,"IL, IN, OH",state_code
StateAbbreviation,"AZ, NM, UT",state_code
state,"WI, MN, IA",state_code
primary_state_cd,"FL, SC, NC",state_code
ST_FIPS,"AZ, NM, UT",state_code
state_abbreviation,"PA, MD, DE",state_code
prop_st,"OR, WA, ID",state_code
st_code,"CA, CA, CA",state_code
property_state,"TX, TX, TX",state_code
JURISDICTION_STATE_CODE,"AZ, AZ, AZ",state_code
state_abbreviation,"GA, GA, GA",state_code
State,"OH, OH, OH",state_code
state,"FL, GA, SC",state_code
StateAbbr,"MN, WI, IA",state_code
property_state,"AZ, NV, UT",state_code
JURISDICTION_STATE,"MD, VA, DE",state_code
st_code,"OH, PA, WV",state_code
state_cd,"NY, NJ, PA",state_code
ST,"CA, OR, WA",state_code
state_abbreviation,"TX, OK, AR",state_code
primary_state,"IL, WI, MN",state_code
st_code,"AZ, NV, UT",state_code
state_abbr,"FL, GA, SC",state_code
ST,"AZ, NM, UT",state_code
location_state,"WA, OR, ID",state_code
state_cd,"OH, IN, KY",state_code
state,"ME, NH, VT",state_code
state_code,"CA, TX, FL",state_code
STATE,"NY, IL, OH",state_code
st_abbrev,"WA, OR, CO",state_code
StateAbbr,"GA, NC, VA",state_code
STATE,"OH, PA, WV",state_code
jurisdiction_st,"AZ, NV, UT",state_code
USPS_STATE_CODE,"MT, WY, ID",state_code
st_cd,"AR, LA, MS",state_code
state_cd,"GA, FL, AL",state_code
ST,"NY, PA, NJ",state_code
SiteState,"TX, OK, AR",state_code
state,"CA, AZ, NV",state_code
state_code,"CA, CA, CA",state_code
st,"TX, TX, TX",state_code
primary_state_cd,"NY, NY, NY",state_code
prop_state,"FL, FL, FL",state_code
StateAbbr,"WA, WA, WA",state_code
state_code,"AZ, AZ, AZ",state_code
ST,"GA, GA, GA",state_code
owner_state,"OH, OH, OH",state_code
STATE_ABBREVIATION,"WA, WA, WA",state_code
st_usps,"PA, PA, PA",state_code
state_code,"FL, GA, SC",state_code
ST,"WA, OR, ID",state_code
state_abbreviation,"MN, WI, MI",state_code
customer_st,"PA, OH, WV",state_code
State,"CO, UT, WY",state_code
state,"NY, PA, NJ",state_code
state_code_2,"TX, OK, AR",state_code
st_cd,"WA, OR, CA",state_code
STATE_ABBREV,"VA, MD, DE",state_code
state_abbreviation,"WA, FL, OH",state_code
st_code,"CO, MA, GA",state_code
STATE_ABBR,"IL, WI, MN",state_code
property_state,"LA, TN, SC",state_code
state,"AK, MT, DE",state_code
state,"CA, NY, TX",state_code
location_state_code,"WA, OR, ID",state_code
project_state,"MA, RI, NH",state_code
vendor_st_cd,"NC, SC, VA",state_code
state,"GA, GA, GA",state_code
StateAbbr,"OR, OR, OR",state_code
business_state,"AZ, AZ, AZ",state_code
ST_FIPS,"CO, CO, CO",state_code
state_cd,"VA, VA, VA",state_code
state_abbrev,"GA, WA, MN",state_code
ST,"OH, AZ, VA",state_code
customer_state,"MD, OR, CO",state_code
STATE_CD,"NC, IL, PA",state_code
primary_st,"MI, TN, MA",state_code
state,"NY, CA, TX",state_code
state_abbr,"WA, OR, ID",state_code
ST,"FL, GA, SC",state_code
property_state,"AZ, NM, UT",state_code
JURISDICTION_STATE_CD,"MI, WI, MN",state_code
state_cd,"CA, CA, WA",state_code
st,"TX, FL, TX",state_code
jurisdiction_state,"AZ, NV, UT",state_code
State_Abbreviation,"IL, OH, MI",state_code
vendor_st,"GA, GA, SC",state_code
state_cd,"CA, CA, CA",state_code
STATE,"TX, AZ, NM",state_code
location_state_code,"FL, FL, FL",state_code
state,"CO, UT, WY",state_code
st_code,"PA, PA, PA",state_code
state_code,"NY, NJ, PA",state_code
st,"TX, AZ, NM",state_code
STATE,"IL, WI, MN",state_code
state_abbreviation,"CA, OR, WA",state_code
addr_state,"NC, SC, GA",state_code
state_cd,"PA, PA, PA",state_code
addr_state,"CA, CA, CA",state_code
PROJ_ST,"FL, GA, AL",state_code
StateAbbreviation,"TX, TX, TX",state_code
vendor_state,"WA, OR, ID",state_code
state_abbreviation,"CA, CA, CA",state_code
st_cd,"TX, TX, TX",state_code
primary_state,"NY, MA, CT",state_code
STATE,"WA, OR, ID",state_code
Location_State_Code,"FL, FL, FL",state_code
state_code,"FL, SC, NC",state_code
STATE_ABBR,"AZ, NM, UT",state_code
primary_state,"OH, IN, MI",state_code
St,"DE, MD, VA",state_code
customer_state,"MN, WI, ND",state_code
state,"PA, PA, PA",state_code
st_abbr,"WA, WA, WA",state_code
property_state,"CO, CO, CO",state_code
jurisdiction_st,"GA, GA, GA",state_code
mail_st,"MA, MA, MA",state_code
state_abbrev,"CA, OR, WA",state_code
State,"NY, PA, NJ",state_code
stusps,"TX, LA, MS",state_code
primary_state,"IL, OH, MI",state_code
state_cd,"AZ, NV, UT",state_code
state,"CA, CA, CA",state_code
us_state,"NY, NJ, CT",state_code
State_Code,"TX, FL, GA",state_code
st_abbr,"WA, OR, ID",state_code
jurisdiction_state,"IL, OH, MI",state_code
state_abbrv,"TX, TX, TX",state_code
ST_CODE,"CA, CA, CA",state_code
primary_state,"NY, PA, NJ",state_code
vendor_location_st,"FL, FL, FL",state_code
mail_st,"IL, OH, MI",state_code
state_abbrev,"CA, CA, CA",state_code
ST,"TX, TX, TX",state_code
state_cd,"FL, FL, FL",state_code
address.state,"PA, PA, PA",state_code
SiteState,"CO, CO, CO",state_code
ST_CODE,"TX, FL, NY",state_code
property_state_abbreviation,"AZ, NV, UT",state_code
st,"IL, OH, MI",state_code
StateAbbr,"WA, OR, ID",state_code
state_cd,"UT, AZ, NV",state_code
state_abbrev,"MI, WI, MN",state_code
STATE,"NC, SC, GA",state_code
mail_state,"ME, NH, VT",state_code
site_st,"CO, WY, MT",state_code
state_cd,"TX, CA, NY",state_code
state,"WA, OR, ID",state_code
ST_ABBREV,"AZ, NM, UT",state_code
property_state,"PA, OH, IN",state_code
st_code,"GA, NC, SC",state_code
X_COORD,"987133.04, 987566.12, 987999.21",x_coord
easting_nad83,"-8240062.5, -8240019.1, -8239957.3",x_coord
GIS_X,"632551.0, 632602.0, 632653.0",x_coord
Shape.X,"3112345.67, 3112350.91, 3112355.15",x_coord
x_projected,"-11740523.55, -11740499.81, -11740476.07",x_coord
x_coord_nad83,"2978432.1, 2978500.5, 2978611.9",x_coord
Easting,"654321, 654388, 654450",x_coord
X_WEBMERCATOR,"-8239426.54, -8239555.12, -8239610.99",x_coord
projected_x,"-10012543, -10012678, -10012499",x_coord
GIS_MAP_X,"1154309, 1154321, 1154335",x_coord
X_COORD_PROJ,"-8238495.23, -8239102.45, -8238754.91",x_coord
easting,"634598.12, 635011.87, 634789.55",x_coord
GIS.MapX,"-10023456.78, -10024001.99, -10023876.54",x_coord
site_x,"2154321.9, 2154388.1, 2154401.7",x_coord
xcoordinate,"-13543210.98, -13543290.12, -13543115.43",x_coord
Easting,"642139.875, 642155.125, 642148.500",x_coord
X_COORD_PROJ,"-8238453.21, -8239521.87, -8240111.03",x_coord
gis_x,"1154321.50, 1154333.90, 1154345.25",x_coord
X_UTM,"590000, 590025, 590050",x_coord
horizontal_meters_x,"-13593478.14, -13593502.55, -13593521.90",x_coord
X_WEBMERCATOR,"-8234567.89, -8235123.45, -8234987.65",x_coord
easting,"634567.8, 635123.4, 634987.6",x_coord
gis_coord_x,"2890123.45, 2890567.89, 2890345.67",x_coord
map_x,"-11543210.98, -11543290.12, -11543350.45",x_coord
SITE_EASTING_FT,"1254321.8, 1254987.1, 1255012.3",x_coord
x_coord_proj,"654321.8, 654987.2, 655123.5",x_coord
Easting,"-8345901.12, -8351234.56, -8348876.90",x_coord
X_NAD83,"1234567, 1235678, 1236789",x_coord
map_x,"-11500000.0, -11510000.0, -11505000.0",x_coord
GIS_East,"3152000.55, 3152100.89, 3151980.12",x_coord
Easting_ft,"2154321, 2155678, 2154999",x_coord
X_WEB_MERCATOR,"-8334567, -8335012, -8334789",x_coord
gis_x,"654321, 655000, 654789",x_coord
map_easting,"3123456, 3124567, 3125678",x_coord
PROJECTED_X,"-13542987, -13543110, -13542880",x_coord
east_coord,"2890531, 2910455, 2900112",x_coord
X_WEBM,"-8345991.55, -11987345.01, -9501823.77",x_coord
map_x_ft,"789432.1, 791003.5, 788654.9",x_coord
gis_easting_m,"453210.5, 467890.1, 459987.3",x_coord
PROJ_X,"1876543.21, 1901234.56, 1888999.00",x_coord
Easting,"654321.0, 654987.5, 655123.2",x_coord
X_COORD_WEB_MERCATOR,"-8234567.89, -8234500.12, -8234455.67",x_coord
gis_x_ft,"2154321, 2154333, 2154345",x_coord
map_x,"-13543210.1, -13543200.5, -13543190.9",x_coord
PROJECTED_EASTING_NAD83,"3102555.3, 3102601.7, 3102650.0",x_coord
Easting,"634891.5, 635012.2, 635144.9",x_coord
X_COORD,"1124532.7, 1124567.8, 1124599.1",x_coord
proj_x,"-8234567.1, -8234590.2, -8234612.3",x_coord
map_x_ft,"3100500, 3125450, 3098700",x_coord
GIS_X,"-10900123.45, -10900156.78, -10900190.12",x_coord
Easting,"643218.34, 643255.91, 643199.02",x_coord
X_COORD_PROJ,"-9845321.12, -9845401.56, -9845299.88",x_coord
map_x,"1254321.8, 1254400.2, 1254355.5",x_coord
gis_easting_m,"-11543210.5, -11543299.1, -11543180.8",x_coord
XCoordinate,"3152433.0, 3152401.7, 3152465.4",x_coord
Easting,"654321.8, 654389.2, 654450.1",x_coord
X_PROJ_METERS,"-9854321.9, -9858901.2, -9850045.6",x_coord
map_x,"2850123.45, 2850222.11, 2850345.67",x_coord
GIS_X_COORD,"-8234567.1, -8234678.2, -8234789.3",x_coord
east,"485921.5, 486001.0, 485975.3",x_coord
projected_x_coordinate,"654321, 654987, 655123",x_coord
GIS_X,"-9876543, -9876123, -9875999",x_coord
Easting_ft,"1150234, 1150987, 1151456",x_coord
map_x,"-8234567, -8234901, -8235112",x_coord
x_coord_spcs,"3105000, 3105250, 3104890",x_coord
X_PROJ,"-8234567.12, -8235890.45, -8236123.78",x_coord
gis_easting,"1254321.9, 1254789.2, 1255123.5",x_coord
map_x_coord,"-13590123.45, -13591234.56, -13592345.67",x_coord
X_UTM,"598765, 601234, 603456",x_coord
horizontal_coord_east,"2890123.4, 2890567.8, 2891234.5",x_coord
X_COORD_STATE_PLANE,"2988450, 2988625, 2988700",x_coord
Easting,"543210.5, 543299.8, 543180.2",x_coord
mapX,"-8754321.9, -8754109.2, -8754654.5",x_coord
gis_x_ft,"1024567, 1024890, 1025111",x_coord
prj_east,"-12456789, -12456912, -12457035",x_coord
X_COORD_PROJ,"634692.125, 635111.5, 635530.875",x_coord
Easting,"2984533.1, 2985671.9, 2984002.4",x_coord
x_webmercator,"-8238421.54, -8239577.12, -8236199.85",x_coord
GIS_X,"-10913381.56, -10913251.43, -10913501.99",x_coord
map_coord_east,"1140505, 1140512, 1140519",x_coord
X_COORD_PROJ,"1156780.5, 1157890.2, 1159990.7",x_coord
easting,"485932, 486105, 485999",x_coord
gis_x,"-8234567.89, -8235001.12, -8234444.44",x_coord
MapX_ft,"3125678, 3124590, 3126001",x_coord
ProjectedX,"-11543210, -11544000, -11543555",x_coord
X_COORD,"-9457821.56, -9458012.33, -9457954.89",x_coord
easting,"654321.5, 654388.9, 654412.1",x_coord
map_x_ft,"1125432, 1125678, 1125991",x_coord
PROJECTED_X_COORD,"-13543210.8, -13543115.2, -13543001.7",x_coord
gis_x,"2897654, 2897699, 2897723",x_coord
X_COORD,"2998500.12, 2994250.34, 3012000.56",x_coord
easting,"-8239450.55, -8238867.91, -8240112.33",x_coord
map_x,"654321.8, 654123.9, 654222.7",x_coord
Projected_X,"-13605432.1, -13604321.2, -13606543.3",x_coord
gis_easting_m,"1125432.5, 1125678.9, 1125555.0",x_coord
easting_m,"654321.8, 789012.3, 698765.4",x_coord
X_COORD_PROJ,"1254321, 1267890, 1245678",x_coord
x_web_mercator,"-8234567.89, -11543210.12, -9876543.21",x_coord
gis_easting,"3125432.5, 3119876.0, 3130123.7",x_coord
mapX,"-8345678, -8345991, -8345123",x_coord
projected_x_coord,"-8238401.44, -8238512.90, -8238455.12",x_coord
EASTING,"315670.3, 315899.1, 316045.6",x_coord
x_coord_sp,"2458733.8, 2459102.3, 2458950.0",x_coord
map_x,"-13598765.43, -13598123.90, -13598555.11",x_coord
gis_x,"765432.1, 765555.9, 765498.3",x_coord
Easting,"654321.0, 654333.5, 654345.9",x_coord
X_COORD_PROJ,"-8234567.89, -8234501.23, -8234488.90",x_coord
map_x,"1045234.56, 1045299.12, 1045350.78",x_coord
gis_coord_x,"-13542987.11, -13543001.22, -13543015.33",x_coord
x_spcs_usft,"3125432.1, 3125401.8, 3125389.5",x_coord
X_COORDINATE,"2109876.54, 2109888.12, 2109870.99",x_coord
Easting,"-8765432.1, -8765444.2, -8765421.9",x_coord
map_x,"456789, 456812, 456770",x_coord
projected_x_coord,"-12345678, -12345600, -12345699",x_coord
GIS_X_ft,"3123456.7, 3123460.1, 3123450.5",x_coord
Easting_NAD83_ft,"1184325.6, 1190543.1, 1187765.9",x_coord
X_COORD,"-8453210.55, -8454112.90, -8452987.12",x_coord
map_x,"2890543, 2910002, 2899871",x_coord
gis_easting,"-13543210, -13567890, -13555555",x_coord
PROJECTED_X_COORDINATE,"765432.10, 768901.23, 766543.89",x_coord
X_COORD_PROJ,"3152345.87, 3152399.12, 3152453.65",x_coord
Easting,"678910.1, 678955.3, 679012.9",x_coord
map_x_ft,"-11543210.98, -11543111.01, -11543299.76",x_coord
gis_x,"-8765432.10, -8765555.55, -8765400.00",x_coord
site_east,"1234567, 1234678, 1234789",x_coord
X_COORD,"2988345.18, 2988456.92, 2987990.23",x_coord
map_x,"-9345678.12, -9345987.45, -9345123.89",x_coord
Easting,"654321, 654322, 654319",x_coord
gis_easting_m,"789012.34, 789123.45, 789234.56",x_coord
x_web_mercator,"-12523456.78, -12523987.65, -12524123.45",x_coord
X_COORD_PROJ,"1153205, 1169874, 1158741",x_coord
easting_ft,"763321.4, 764011.9, 763558.1",x_coord
map_x,"-8234567.89, -8235112.34, -8234999.01",x_coord
gis_x_coord,"3150901.5, 3150219.8, 3151111.0",x_coord
X,"-13542789.55, -13551098.32, -13548870.00",x_coord
x_coordinate_sp,"2995000.12, 3011234.56, 3005678.90",x_coord
Easting,"-8805520.4, -9912345.6, -10254321.8",x_coord
map_x,"765432.1, 789012.3, 777888.9",x_coord
gis_x_coord,"1150000.0, 1165000.0, 1157500.0",x_coord
X_PROJ,"-13543210.98, -13654321.09, -13598765.43",x_coord
Easting,"654321.8, 789012.3, 812345.6",x_coord
x_coord_proj,"-8234567.89, -8235001.23, -8234987.65",x_coord
GIS_X,"2987654.32, 2987700.11, 2987699.55",x_coord
x_coord_spcs_ft,"1234567, 1234890, 1234777",x_coord
map_x_mercator,"-13542890.1, -13543112.5, -13542999.0",x_coord
X_COORD_PROJ,"2987654.32, 2987711.98, 2987789.01",x_coord
gis_easting,"-8245123.55, -8245100.21, -8245089.76",x_coord
map_x,"453210.8, 453219.1, 453225.5",x_coord
ProjectedX,"-13580572.0, -13580499.5, -13580450.8",x_coord
x_coord_spcs_ft,"1156789.2, 1156822.5, 1156850.0",x_coord
Easting,"643218.5, 651092.1, 648753.9",x_coord
X_COORD_PROJ,"3150234, 3149876, 3150000",x_coord
MAP_X,"-8234567.89, -8235001.23, -8234789.01",x_coord
gis_x_coord,"-13543210.1, -13543000.5, -13543150.9",x_coord
x_proj,"245000.12, 248765.43, 246543.21",x_coord
Easting,"643215.7, 643229.1, 643244.3",x_coord
X_COORD_PROJ,"-8234567.12, -8234987.45, -8235111.90",x_coord
map_x_ft,"2109876, 2110123, 2109555",x_coord
gis.x,"-13612345.67, -13612589.10, -13612400.00",x_coord
site_east_coord,"3112044.5, 3112059.8, 3112071.2",x_coord
Easting,"2950123, 2950456, 2950789",x_coord
X_COORD_PROJ,"-8354321, -8355543, -8356765",x_coord
map_x,"1205432.5, 1205678.9, 1205999.0",x_coord
gis_easting_ft,"756890, 757120, 758050",x_coord
X,"-10012345.67, -10012456.78, -10012567.89",x_coord
map_x,"-9876543.21, -11223344.55, -10543210.98",x_coord
X_COORD_PROJ,"2890123, 3123456, 2998877",x_coord
gis_easting_m,"456789.1, 467890.2, 478901.3",x_coord
PROJECTED_X,"-8543210.12, -9123456.34, -7987654.56",x_coord
X_COORD,"-8643210.5, -8643215.1, -8643219.7",x_coord
Easting_ft,"2109876, 2109880, 2109884",x_coord
gis_x,"-12345678.9, -12345679.0, -12345679.1",x_coord
map_easting,"453210.55, 453218.91, 453225.27",x_coord
projected_x,"3123456.7, 3123460.8, 3123464.9",x_coord
X_COORD,"-9774695.21, -9775012.88, -9774123.45",x_coord
Easting_ft,"1156789.45, 1158901.23, 1160123.78",x_coord
gis_x_proj,"289765.4, 291002.1, 288543.9",x_coord
map_east_m,"654321, 655789, 654987",x_coord
projected_x,"-13579246.80, -13581357.91, -13578901.23",x_coord
X_COORD,"637039.375, 637039.375, 637040.8125",x_coord
Easting,"2992301.0, 2992301.0, 2992301.0",x_coord
map_x_mercator,"-11688007.41, -11688007.41, -11688007.41",x_coord
gis_easting_ft,"1049971.049, 1049971.049, 1049971.049",x_coord
PROJECTED_X,"-8789564.32, -8789564.32, -8789564.32",x_coord
Easting,"2995400, 2999500, 2996500",x_coord
X_Coord_ft,"754321.8, 754987.2, 755123.5",x_coord
gis_x,"-9845321.56, -9846111.02, -9845789.99",x_coord
MAP_X,"485231, 485300, 485275",x_coord
projected_easting,"1834567.123, 1834601.456, 1834599.789",x_coord
X_COORD,"-9774653.21, -9775012.98, -9774888.03",x_coord
Easting,"2876543.21, 2877123.45, 2876999.87",x_coord
gis_x_coord,"-13456789.01, -13457123.45, -13456987.65",x_coord
MAP_X_FT,"765432.1, 765555.5, 765498.7",x_coord
PROJECTED_X,"1123456.78, 1124567.89, 1123987.65",x_coord
X_COORD,"3123456.78, 3124567.89, 3125678.90",x_coord
Easting,"-9876543.21, -9875432.10, -9874321.09",x_coord
gis_x_coord,"765432, 765543, 765654",x_coord
MAP_X,"-12345678.9, -12345789.0, -12345890.1",x_coord
x_coord_proj,"1234567.89, 1235678.90, 1236789.01",x_coord
y_coord_proj,"456123.4, 457890.1, 459012.3",y_coord
northing_ft,"1234567.89, 1235678.90, 1236789.01",y_coord
GIS_Y,"250100.5, 261200.7, 272300.9",y_coord
map_y,"3100500, 3125600, 3150700",y_coord
property_y_north,"621456.2, 622987.5, 623112.0",y_coord
y_coord_sp,"489321.5, 501234.2, 495678.9",y_coord
Northing,"4560123, 4561234, 4559876",y_coord
map_y,"2154321.8, 2155123.5, 2153999.0",y_coord
PROJECTED_GIS_Y,"3456789, 3457890, 3455678",y_coord
y_coordinate,"1890234, 1891543, 1889765",y_coord
Y_COORD_STATEPLANE_FEET,"287654.12, 312987.55, 299001.03",y_coord
y_nad83,"4890123.5, 4890200.1, 4891543.9",y_coord
projected_y,"1205432.8, 1206789.2, 1205555.0",y_coord
Northing,"4990595.67, 4991234.56, 4990001.23",y_coord
map_y_ft,"543210, 543298, 543100",y_coord
y_coord_sp,"245133, 248901, 251432",y_coord
NORTHING,"483215.5, 499872.1, 501234.9",y_coord
gis_y_ft,"1234567, 1245678, 1256789",y_coord
MapY,"4567890.12, 4578901.23, 4589012.34",y_coord
y_projected,"6200150, 6185430, 6211220",y_coord
y_coord_proj,"4890123.45, 4891567.89, 4889753.21",y_coord
NORTHING,"254321.9, 260123.5, 258765.2",y_coord
gis_y,"1543210, 1544876, 1542987",y_coord
y_coordinate_feet,"876543.21, 877123.45, 875987.65",y_coord
map_y,"3456789.0, 3458213.5, 3455990.2",y_coord
y_coord_proj,"4512345.6, 4512355.1, 4512365.9",y_coord
Y_PROJECTED,"2890533, 2890538, 2890541",y_coord
northing,"245100, 198600, 213400",y_coord
gis_y_ft,"765432.1, 765555.5, 765678.9",y_coord
map_y_us,"6432109, 6431987, 6433001",y_coord
Y_COORD,"222456.89, 222589.12, 222710.34",y_coord
northing_ft,"1295432.1, 1295876.5, 1296001.9",y_coord
gis_y,"4852609, 4852615, 4852622",y_coord
projected_y_crs_3857,"5400123.45, 5400567.89, 5400987.65",y_coord
map_y,"525432.0, 525555.0, 525678.0",y_coord
y_coord_spcs,"212345.67, 212389.12, 212450.05",y_coord
Northing,"4501234, 4501567, 4501890",y_coord
GIS_Y_COORD,"1890000, 1892500, 1895000",y_coord
map_y_ft,"789123.4, 789456.7, 789789.0",y_coord
projected_northing,"6200500, 6200550, 6200600",y_coord
y_coord_spcs,"212345.67, 212400.11, 212455.89",y_coord
Y_PROJECTED,"4890123.45, 4890200.00, 4890250.50",y_coord
northing,"4450123, 4450234, 4450345",y_coord
map_y,"1254321.9, 1254421.8, 1254521.7",y_coord
y,"345678.90, 345890.12, 346123.45",y_coord
y_coord_proj,"345678.9, 345987.1, 346012.3",y_coord
Northing,"4890123.45, 4890567.89, 4890777.11",y_coord
GIS_Y_COORDINATE,"1876543, 1876999, 1877012",y_coord
map_y,"250123.45, 250456.78, 250789.01",y_coord
y_nad83,"1200345.67, 1200567.89, 1200789.01",y_coord
y_coord_utm,"4501234.5, 4501567.8, 4501890.1",y_coord
Northing_ft,"254321.1, 267890.5, 281234.9",y_coord
GIS_PROJ_Y,"1203456, 1203879, 1204123",y_coord
y_nad83,"4321098.7, 4321543.2, 4321987.6",y_coord
map_y,"987654, 987123, 987456",y_coord
Y_COORD_STATEPLANE,"212453.6, 189754.2, 254321.9",y_coord
northing,"4532109, 4533001, 4532587",y_coord
gis_y,"345876.12, 345999.01, 345112.55",y_coord
projected_y,"5432109.8, 5432188.7, 5432001.6",y_coord
map.y.coord,"1890000, 1892345, 1891500",y_coord
y_coord_proj,"4567890.12, 4567991.34, 4568102.56",y_coord
Northing,"289012.3, 1567890.1, 4321987.6",y_coord
MAP_Y,"512345.67, 512389.78, 512411.89",y_coord
y_spcs_ft,"1987654, 2012345, 1999876",y_coord
GIS_y,"345678.9, 345987.6, 345123.4",y_coord
y_coord,"245890, 246112, 245550",y_coord
Northing,"4589012, 4589333, 4590001",y_coord
Y_COORD_PROJ,"6100543, 6102345, 6099876",y_coord
gis_y,"4978654.12, 4978700.50, 4978599.89",y_coord
map_y,"1254321, 1254009, 1255876",y_coord
y_coord_proj,"2890123.45, 2890156.78, 2890199.01",y_coord
NORTHING,"456789.0, 456123.5, 457123.0",y_coord
gis_y_ft,"725432.1, 725444.8, 725419.5",y_coord
y_nad83,"5123456, 5123499, 5123401",y_coord
Site_Y,"120345.67, 120456.78, 120567.89",y_coord
y_coord_spcs,"212345.67, 225000.12, 198765.43",y_coord
northing,"4500123.45, 4512345.67, 4498765.43",y_coord
GIS_PROJ_Y,"320500.2, 320650.8, 320425.1",y_coord
map_y_ft,"1254321.5, 1256789.0, 1250123.2",y_coord
y_coordinate,"6123456, 6123567, 6123678",y_coord
y_coord_utm,"4512345.67, 4509876.54, 4515000.00",y_coord
NORTHING,"1890543, 1923456, 1876543",y_coord
gis_y,"254321.9, 267890.1, 259999.0",y_coord
projected_y_ft,"678910.5, 654321.0, 690123.5",y_coord
map_y_coord,"3456789, 3450123, 3460000",y_coord
y_coord_proj,"489370.88, 489381.12, 489395.74",y_coord
Northing,"4498765.43, 4498801.21, 4499002.99",y_coord
MAP_Y_FT,"225432.1, 226109.8, 225001.5",y_coord
gis_y,"3456789, 3456812, 3456900",y_coord
y_nad83,"5987234.56, 5987250.01, 5987299.87",y_coord
y_coord_proj,"201543.8, 210987.2, 198765.4",y_coord
Northing,"4850301.5, 4850334.8, 4850299.1",y_coord
map_y,"543210, 543290, 543180",y_coord
Y_UTM,"4500123.45, 4500567.89, 4500987.65",y_coord
gis_y_ft,"854321.7, 854012.3, 854678.9",y_coord
y_coord_proj,"209934.33, 210456.12, 208765.99",y_coord
Northing,"4500123.5, 4500789.0, 4499876.2",y_coord
y_coordinate_spcs,"189456, 190234, 188765",y_coord
map_y,"3456789, 3457123, 3456001",y_coord
GIS_Y_COORD,"6201450.7, 6200980.1, 6201880.5",y_coord
Northing_M,"245678.9, 245991.2, 246103.5",y_coord
gis_y,"4532109, 4532890, 4531987",y_coord
y_coord_ft,"1456789.5, 1456992.1, 1457123.8",y_coord
MapY,"3890123, 3890567, 3891002",y_coord
PROJECTED_Y_COORD,"189754.3, 190234.8, 189999.0",y_coord
y_coord_utm,"4891533.25, 4901221.50, 4888765.00",y_coord
northing,"245899, 312455, 288102",y_coord
Y_PROJ_FT,"654321.8, 789012.3, 698765.4",y_coord
map_y,"1890543.12, 1923456.78, 1854321.90",y_coord
GIS.y_coord_sp,"450123.5, 475890.2, 461234.9",y_coord
y_coord_proj,"489987.5, 490123.0, 489955.2",y_coord
northing,"4560123.45, 4560200.12, 4560155.89",y_coord
GIS_Y,"1987654, 1987700, 1987601",y_coord
projected_y,"245112.9, 245001.3, 245225.6",y_coord
map_y,"6234567.8, 6234500.0, 6234612.3",y_coord
Y_COORD_UTM,"4810352, 4810411, 4810299",y_coord
northing,"189345.5, 192333.0, 187456.2",y_coord
GIS_PROJ_Y,"2154321, 2154400, 2154355",y_coord
y_nad83,"6450123.2, 6450150.8, 6450200.1",y_coord
map_y_ft,"854321.75, 855002.10, 854123.50",y_coord
y_coord_proj,"452345.67, 489123.45, 475890.12",y_coord
Northing,"1890234.1, 1890335.2, 1890436.3",y_coord
Y_METERS,"4500123.45, 4601234.56, 4702345.67",y_coord
gis_map_y,"245890.5, 246123.0, 246345.5",y_coord
projected_y,"5432109.8, 5432208.7, 5432307.6",y_coord
y_coord_spcs,"189462.5, 191234.8, 190555.2",y_coord
northing_ftus,"1489021, 1489765, 1490112",y_coord
Y_PROJECTED,"4829015, 4829333, 4830101",y_coord
GIS_NORTH,"682150, 683400, 685920",y_coord
map_y,"3125432.1, 3125678.9, 3125999.8",y_coord
y_coordinate_state_plane,"289054.3, 291003.8, 289945.1",y_coord
Northing,"4567890.12, 4567995.34, 4567811.09",y_coord
SITE_Y,"1543267, 1543301, 1543222",y_coord
map_y_ft,"654321.9, 654388.2, 654401.5",y_coord
projected_y_coord,"4890123.45, 4890135.67, 4890111.23",y_coord
Y_PROJECTED,"450123.4, 450567.8, 451112.2",y_coord
Northing_ft,"1234567, 1235000, 1235567",y_coord
y_coordinate_meters,"5432109.8, 5432200.1, 5432301.5",y_coord
gis_y_coord,"250000, 251000, 252000",y_coord
MAP_Y,"850123.0, 850456.0, 850789.0",y_coord
y_coord,"234567, 210987, 254321",y_coord
Northing,"4500123.45, 4512345.67, 4498765.43",y_coord
PROJ_Y_METERS,"5432109.8, 5431298.7, 5433301.2",y_coord
y_nad83,"654321.0, 654123.5, 654987.2",y_coord
gis_map_y,"1890765, 1901234, 1887654",y_coord
y_coord_sp,"212345.6, 189012.3, 254321.9",y_coord
Northing,"4829000, 4831000, 4829500",y_coord
y_proj,"1234567.89, 1235678.90, 1236789.01",y_coord
GIS.Y,"543210.5, 543310.6, 543410.7",y_coord
map_northing,"4500000, 4501234, 4502345",y_coord
y_coord_sp,"201543.8, 198765.2, 210987.6",y_coord
NORTHING_FT,"1324567, 1325012, 1324988",y_coord
gis_y,"4567890.12, 4567995.34, 4567123.45",y_coord
ProjectedY,"476543, 478901, 477123",y_coord
map_northing,"6234567, 6234501, 6234599",y_coord
y_coord_spcs_ft,"245987.12, 246001.55, 245899.91",y_coord
NORTHING,"4251345.8, 4251987.2, 4252111.0",y_coord
PROJ_Y,"4512345.6, 4512389.0, 4512401.3",y_coord
map_y,"5432109, 5432155, 5432198",y_coord
GIS_Y_COORD,"1890432.54, 1890500.12, 1890477.88",y_coord
y_coordinate_spcs,"212345.6, 251987.2, 180123.9",y_coord
projected_y,"4500100.5, 4500250.7, 4500300.2",y_coord
GIS_Y,"5432109, 5431298, 5433107",y_coord
map_y,"654321.0, 654123.5, 654231.8",y_coord
northing_ft,"225432.89, 225112.34, 224987.65",y_coord
y_proj,"4532109.8, 4532111.2, 4532115.6",y_coord
GIS_Y_COORD,"1895321, 1896789, 1895555",y_coord
map_y,"5432109.78, 5432123.45, 5432098.12",y_coord
y_coord_sp,"123456.78, 123567.89, 123678.90",y_coord
y_coord_proj,"4891533.22, 4891789.01, 4892011.56",y_coord
northing_ftus,"289543.12, 291008.75, 290154.33",y_coord
GIS_Y,"1456789, 1456912, 1457023",y_coord
ProjectedY,"6214321.5, 6214400.9, 6214487.1",y_coord
map_northing,"4321098.76, 4321150.23, 4321201.88",y_coord
Y_COORD_UTM,"4568901.23, 4569012.34, 4569123.45",y_coord
prop_y,"245134.8, 245199.2, 245250.1",y_coord
Northing_ft,"1234567.89, 1234678.90, 1234789.01",y_coord
gis_y_coord,"489012.34, 489123.45, 489234.56",y_coord
projected_y,"3123456, 3123567, 3123678",y_coord
y_coord_sp,"245987.3, 251009.1, 248876.5",y_coord
Y_North,"4500123.99, 4502345.10, 4501789.55",y_coord
projected_y_ft,"987654.32, 989123.45, 987999.01",y_coord
GIS_NORTHING,"3154321, 3156789, 3155555",y_coord
map_y_coord,"1203456.7, 1203567.8, 1203678.9",y_coord
Y_North,"486501.2, 487112.5, 485998.0",y_coord
y_coord_utm,"4532109, 4532890, 4531987",y_coord
Northing_ft,"1890123.4, 1892345.6, 1889765.1",y_coord
gis_map_y,"3456789.12, 3457123.45, 3456999.87",y_coord
PROJECTED_Y,"245123, 245789, 244987",y_coord
y_coord_sp,"212345.67, 230123.45, 165432.10",y_coord
NORTHING,"4567890, 4567995, 4567780",y_coord
gis_map_y,"1234567, 1235678, 1236789",y_coord
projected_y,"5432109.8, 5432210.1, 5432008.5",y_coord
Y_UTM,"4205001.2, 4205123.4, 4204987.6",y_coord
y_coord_proj,"4852631.5, 4849302.1, 4855960.8",y_coord
NORTHING,"245133, 267890, 251234",y_coord
location_y,"1890321.45, 1923456.78, 1888765.43",y_coord
site_y_coord_meters,"4321567, 4322890, 4319876",y_coord
gis_y,"689432.12, 691234.56, 688765.99",y_coord
zip_code,"94103, 94612, 94704",zip5
propertyZip,"33139, 33140, 33109",zip5
Zip,"60601, 60611, 60654",zip5
mailing_zip5,"75201, 76102, 75024",zip5
PROVIDER_ZIP,"02108, 02116, 02215",zip5
zip,"90210, 90001, 91301",zip5
postal_code,"33139, 33109, 33132",zip5
LOCATION_ZIPCODE,"75201, 76102, 75001",zip5
zip_5,"60601, 60611, 60614",zip5
ZipCode,"98101, 98104, 98109",zip5
zip_code,"90210, 90028, 90401",zip5
postal_code,"60601, 60614, 60657",zip5
Zip5,"33139, 33109, 33140",zip5
SIT_ZIP,"78701, 78704, 78751",zip5
mailing_zip,"98101, 98104, 98121",zip5
zip,"90210, 90028, 90272",zip5
postal_code,"33139, 33140, 33109",zip5
APPLICANT_ZIPCODE,"60601, 60614, 60657",zip5
site_zip,"77002, 77005, 77006",zip5
prprty_zip5,"19102, 19103, 19106",zip5
Location Zip Code,"90210, 90069, 90212",zip5
zip,"33139, 33109, 33140",zip5
Postal Code,"60601, 60611, 60614",zip5
OWNER_ZIP,"78701, 78704, 78751",zip5
vendor_zip5,"02116, 02108, 02215",zip5
ZIP,"90210, 90001, 91101",zip5
zip_code,"77002, 75201, 78701",zip5
PostalCode,"33109, 32801, 33480",zip5
propertyZip,"60601, 60611, 60614",zip5
LOCATION_ZIP5,"98101, 98104, 98121",zip5
zip_code,"90210, 94110, 92101",zip5
PostalCode,"77002, 78701, 75201",zip5
addr:postcode,"33132, 32801, 33602",zip5
zip5,"02108, 06103, 02903",zip5
ZIP,"98101, 97201, 98402",zip5
ZIP,"90210, 90028, 90291",zip5
property_zip,"33139, 33140, 33109",zip5
zip_code_5,"60611, 60601, 60654",zip5
Location Zip Code,"77002, 77005, 77056",zip5
postal_code,"98101, 98104, 98121",zip5
ZIP_CODE,"90210, 94110, 90001",zip5
property_zip,"33139, 33132, 33109",zip5
LocationZip,"77002, 78701, 75201",zip5
PSTLCODE,"60605, 60616, 60607",zip5
customerZip,"02110, 02108, 02215",zip5
zip5,"90001, 90210, 90028",zip5
LOCATION_ZIPCODE,"77002, 77056, 77098",zip5
PstlCd,"60601, 60611, 60654",zip5
shipper_zip,"33109, 33139, 33140",zip5
zip_code_5,"10001, 10011, 11201",zip5
ZIP,"90210, 90028, 90272",zip5
property_zip,"78701, 78704, 78751",zip5
ZipCode,"60601, 60614, 60622",zip5
site_zip_code,"02110, 02114, 02215",zip5
PostalCode,"90210, 90028, 90272",zip5
zip_code,"77005, 77098, 77002",zip5
ZIP_CD,"60611, 60601, 60614",zip5
zip,"02116, 02108, 02215",zip5
postal_code,"90210, 90012, 90401",zip5
Zip,"33109, 33139, 33140",zip5
zip_code,"60601, 60614, 60622",zip5
property_zip5,"80202, 80203, 80205",zip5
cust_zip,"90210, 94105, 95050",zip5
Zip Code,"60611, 60605, 60654",zip5
Location Postal Code,"77002, 78701, 75201",zip5
ZIP,"33139, 33109, 33140",zip5
site_zipcode,"89109, 89119, 89102",zip5
ZIP,"90210, 90036, 91105",zip5
postal_code,"75201, 77002, 78701",zip5
mailing_zip,"33131, 33139, 33176",zip5
ZipCode,"60601, 60611, 60654",zip5
geo_zip,"98101, 98104, 98121",zip5
property_zip,"94110, 94608, 94043",zip5
ZIPCODE,"33139, 33109, 33140",zip5
mailing_zip_code,"77002, 78701, 75201",zip5
SiteZip,"60601, 60614, 60657",zip5
patron_zip,"98101, 98104, 98121",zip5
ZIP_CODE,"90210, 90028, 90401",zip5
postal_code,"33139, 33109, 33140",zip5
customer_zip,"77002, 77005, 77006",zip5
school zip,"60614, 60622, 60607",zip5
zip,"80202, 80203, 80204",zip5
zip_code,"90210, 90028, 90291",zip5
address_zip,"78701, 78704, 78751",zip5
ZIP,"60611, 60605, 60614",zip5
mailing_zip,"98109, 98121, 98104",zip5
property_zip,"90012, 90210, 90401",zip5
mail_zip_code,"33139, 33131, 33129",zip5
zip,"77002, 77005, 77006",zip5
postal_code,"60611, 60614, 60654",zip5
site_zip5,"98101, 98104, 98121",zip5
zip_code,"90210, 90028, 90046",zip5
LocationPostalCode,"33109, 33139, 33140",zip5
mailing_zip,"60601, 60611, 60614",zip5
ZIP,"78701, 78704, 78751",zip5
property zc,"98101, 98104, 98109",zip5
zip_code,"90210, 90028, 90212",zip5
PostalCode,"33139, 33140, 33109",zip5
property_zip,"78701, 78704, 78759",zip5
addr_zip,"60601, 60611, 60654",zip5
zip,"98101, 98121, 98104",zip5
zip,"90210, 90034, 90272",zip5
PostalCode,"33139, 33109, 33140",zip5
OWNER_ZIP_CODE,"77002, 77005, 77006",zip5
location_zip5,"60601, 60602, 60603",zip5
PatientZip,"98101, 98104, 98121",zip5
zip_code,"90210, 90272, 90049",zip5
PostalCode,"33133, 33139, 33109",zip5
zip,"75201, 76102, 75001",zip5
customer_zip_5,"60601, 60614, 60657",zip5
location.zipcode,"98101, 98109, 98121",zip5
property_zip,"90210, 90211, 90212",zip5
zip5,"60601, 60602, 60603",zip5
SCHOOL ZIP,"77002, 77005, 77006",zip5
zip_code_5,"02108, 02114, 02116",zip5
zip_code,"90210, 94102, 92101",zip5
postal_code,"77002, 78701, 75201",zip5
zip,"33109, 32801, 33602",zip5
address_zip,"02108, 02215, 02116",zip5
Location Zipcode,"98101, 97201, 98402",zip5
ZIP,"60601, 60611, 60605",zip5
zip5,"98109, 98121, 98104",zip5
ZIP_CODE,"90210, 90001, 91302",zip5
property_zip,"60601, 60614, 60647",zip5
Location Zip,"77002, 75201, 78701",zip5
postal_code,"33109, 32801, 33602",zip5
Zip,"02108, 02115, 02210",zip5
postal_code,"90210, 94105, 92101",zip5
zip,"77002, 78701, 75201",zip5
VENDOR_ZIP,"60606, 60611, 60614",zip5
loc_zip_code,"33139, 33109, 33140",zip5
patient_zip5,"02110, 02114, 02215",zip5
ZIP,"90210, 90012, 90272",zip5
zip_code,"75201, 78701, 77002",zip5
Location Zip Code,"33131, 33139, 33140",zip5
Zip5,"60601, 60611, 60614",zip5
zip_code,"90210, 94103, 95814",zip5
pr_zip,"33131, 32801, 33701",zip5
ZIP,"60601, 60614, 60657",zip5
zip5_cd,"02108, 02115, 02210",zip5
ZIP,"90210, 90028, 91101",zip5
PstlCd,"77002, 77005, 77056",zip5
zip5_code,"60611, 60614, 60654",zip5
property_zip,"98101, 98109, 98121",zip5
zip_code,"90210, 91101, 90012",zip5
Postal Code,"60601, 60614, 60657",zip5
PROPERTY_ZIP,"33139, 33109, 33140",zip5
schoolZip,"77002, 77005, 77019",zip5
zip,"02108, 02111, 02114",zip5
zip_code,"90210, 94103, 92101",zip5
PSTL_CD,"33131, 33602, 32801",zip5
propertyZip,"80202, 84101, 89101",zip5
Location Zip Code,"60611, 60603, 60654",zip5
zip,"98104, 97201, 98121",zip5
zip_code,"90210, 90001, 91101",zip5
customer_zip,"33602, 33131, 32801",zip5
ZIP,"60601, 60611, 60654",zip5
mail_zip,"02108, 02116, 02215",zip5
ZIP,"90210, 90028, 90266",zip5
owner_zip_code,"33139, 33109, 33140",zip5
postal_code,"77002, 75201, 78701",zip5
SITE_ZIP,"60601, 60611, 60654",zip5
mail_zip5,"98104, 98121, 98109",zip5
zip_code,"90210, 90024, 90401",zip5
postalCode,"60611, 60605, 60654",zip5
ZIP,"33139, 33140, 33109",zip5
property_zip_5,"80202, 80302, 80020",zip5
mail_zip,"02116, 02108, 02138",zip5
ZIP,"90210, 90028, 90069",zip5
postal_code,"77002, 77056, 77098",zip5
Location Zip Code,"33139, 33131, 33137",zip5
owner_zip,"60614, 60654, 60601",zip5
site_zip5,"98104, 98121, 98109",zip5
zip,"90210, 90028, 90265",zip5
PostalCode,"60601, 60614, 60657",zip5
addr_zip,"33139, 33109, 33140",zip5
ZIP_CODE_5,"89109, 89119, 89102",zip5
location_zip_code,"98101, 98121, 98109",zip5
postal_code,"90210, 90028, 92101",zip5
zip,"33131, 33139, 32801",zip5
ZIP5,"60601, 60614, 60657",zip5
location_zip,"98101, 98104, 98121",zip5
customer_zip_code,"75201, 78701, 77002",zip5
ZIP,"90210, 90028, 90212",zip5
sender_zip,"78701, 78704, 78751",zip5
customerZip5,"98101, 98104, 98121",zip5
PostalCodePlus4,"94043-1351, 95014-2083, 94304-1606",zip9
zip_code_9,"10004-1903, 10118-0114, 10023-6970",zip9
mailing_zip_full,"33132-2111, 33139-2321, 33156-3201",zip9
ZIP9_CD,"20500-0001, 20002-4521, 20540-0001",zip9
addr:postcode,"98104-3100, 98109-5210, 98195-4550",zip9
zip_code_plus4,"90210-1234, 90069-5678, 90212-9101",zip9
ZIP9,"33131-3014, 33133-5501, 33139-2215",zip9
full_zip,"60601-1209, 60611-3419, 60654-4700",zip9
mailing_zip_ext,"10004-1901, 10007-3001, 10038-1011",zip9
customerZip4,"77002-5001, 77005-1827, 77030-5099",zip9
ZIP_CODE_PLUS4,"90210-1234, 90069-5678, 90211-9012",zip9
zip9_code,"10001-1111, 10023-2222, 10019-3333",zip9
FullZip,"60606-4321, 60611-5432, 60654-6543",zip9
postal_code_ext,"33131-7890, 33130-0987, 33129-6543",zip9
addr:zip_plus_4,"77002-1001, 77010-2002, 77006-3003",zip9
full_zip_code,"90210-2411, 90069-4806, 90212-3617",zip9
PostalCodeExt,"10001-2303, 10012-3932, 10023-6902",zip9
addr_zip4,"77002-5004, 77005-2001, 77019-3510",zip9
zip_plus_4,"33131-3014, 33139-2314, 33140-1921",zip9
PROPERTY_ZIP9,"60611-3008, 60601-2405, 60654-4709",zip9
zip_plus_4,"94105-3415, 94107-2809, 94103-1114",zip9
full_zip,"33131-3016, 33139-2517, 33127-1400",zip9
Z9_CODE,"10019-5813, 10022-2505, 10036-7001",zip9
mailing_zip9,"60601-3103, 60611-1215, 60654-4700",zip9
addr_zip_full,"90210-4819, 90212-3616, 90067-5208",zip9
zip_plus_4,"90210-1234, 94105-5678, 95123-9876",zip9
mail_zip9,"33139-4567, 32801-8765, 33602-1122",zip9
FullZip,"10001-1111, 11201-2222, 10801-3333",zip9
addr_zipfull,"60601-9988, 60611-7766, 60654-5544",zip9
postal_code_ext,"98101-3707, 98104-1904, 98121-3424",zip9
zip_plus_4,"90210-2717, 94103-1502, 95113-2015",zip9
ZIP9_CODE,"77002-5311, 78704-5825, 75240-2819",zip9
mailing_zip_full,"33139-3112, 32819-8108, 33480-4522",zip9
zip9,"10019-1901, 11201-6701, 10004-1004",zip9
PRIMARY_ZIP_PLUS4,"60606-1234, 60614-5678, 60657-9101",zip9
full_zip_code,"90210-1234, 90211-5678, 90212-9012",zip9
PostalCodeFull,"10001-1122, 10003-3344, 10005-5566",zip9
address.zip9,"33133-7890, 33134-4321, 33135-1111",zip9
zip_plus_4,"77002-5555, 77006-4444, 77008-3333",zip9
ZIP+4,"60601-9876, 60604-5432, 60607-1010",zip9
zip_plus_4,"90210-1234, 90069-5678, 90212-9101",zip9
full_zipcode,"33133-1122, 33139-3344, 33109-5566",zip9
OWNER_ZIP9,"60601-1001, 60611-2002, 60654-3003",zip9
mail_zip,"10004-1414, 10005-2525, 10006-3636",zip9
addr_zip_ext,"77002-1234, 77005-5678, 77006-9876",zip9
full_zip_code,"10001-1122, 10019-3344, 10007-5566",zip9
ZIP9,"33131-2005, 33139-3011, 33140-4023",zip9
customer_zip9,"77002-1001, 77006-2002, 77054-3003",zip9
mailing_zip_extended,"60601-9876, 60611-5432, 60654-1234",zip9
full_zip,"90210-1234, 94105-5678, 92618-9012",zip9
zipcode_plus4,"33131-0101, 32801-1122, 33602-3344",zip9
location_zip_full,"10001-1111, 11201-2222, 14202-3333",zip9
ZIP+4,"60606-5544, 60611-3322, 60654-1100",zip9
addr_zip9,"98101-2345, 98104-6789, 98121-1122",zip9
zip9_code,"90210-2711, 94103-1502, 95054-1549",zip9
postal_code_full,"77002-5001, 78704-5833, 75201-3121",zip9
address.zip+4,"33139-1234, 32801-5678, 33606-9101",zip9
zip_plus4,"10004-1901, 11201-6532, 10023-6421",zip9
ZCODE_EXT,"60601-2345, 60614-6789, 60657-1011",zip9
full_zipcode,"90210-2411, 94105-1815, 90069-4009",zip9
zip9_cd,"77002-4507, 75201-3103, 78701-3739",zip9
Address ZIP+4,"60606-1234, 60611-2301, 60654-5432",zip9
mailing_zip_full,"33131-3016, 33109-5101, 32801-2724",zip9
zip_plus_4,"10004-1901, 10019-1122, 11201-6503",zip9
full_zip,"90210-1234, 90069-5678, 90212-9012",zip9
zipcode_plus4,"10001-2222, 10012-3333, 10021-4444",zip9
ZIP9_CD,"33130-1050, 33139-2060, 33140-3070",zip9
property_zip_ext,"77002-1111, 77005-2222, 77019-3333",zip9
mailing_zip_code_9_digit,"60606-5432, 60611-9876, 60654-1122",zip9
ZIP_PLUS4,"90210-1234, 90069-7890, 90012-3456",zip9
Postal_Code_9,"10001-1111, 10019-2222, 11201-3333",zip9
zip9_code,"77002-4567, 75201-8901, 78701-1234",zip9
ADDR_ZIP9,"33131-5678, 33139-9012, 33109-3456",zip9
full_zip,"60601-1122, 60611-3344, 60654-5566",zip9
zip_plus_4,"90210-1234, 94102-5678, 92101-9876",zip9
postal_code_full,"75201-1122, 77002-3344, 78701-5566",zip9
mail_zip9,"33131-4321, 32801-8765, 33602-5432",zip9
PropertyFullZip,"10007-0005, 12207-1019, 14202-3456",zip9
LOCATION_ZIP_EXT,"60601-1212, 62701-2323, 61602-3434",zip9
ZIP_CODE_9,"94102-1234, 94607-5678, 94043-1111",zip9
zip_plus_4,"77002-2222, 78701-3333, 75201-4444",zip9
full_zip,"33131-0101, 33301-0202, 33401-0303",zip9
mailing_zip9,"60601-9876, 60611-5432, 60201-1235",zip9
postal_code_ext,"02108-1122, 02139-3344, 02446-5566",zip9
location_zip9,"94110-1234, 94103-5678, 94117-9012",zip9
zip_plus_4,"33139-1111, 33140-2222, 33109-3333",zip9
full_zipcode,"10001-8765, 10011-4321, 10023-0987",zip9
addr_zip_full,"60605-1992, 60616-3456, 60607-7890",zip9
ZIP_Ext,"78701-1122, 78704-3344, 78751-5566",zip9
zip_plus_4,"90210-1501, 90069-3401, 90048-2412",zip9
full_zipcode,"10001-2302, 10019-1123, 10023-5813",zip9
postal_code_ext,"33139-4401, 33109-0630, 33130-3021",zip9
ZIP9,"60601-1785, 60611-3519, 60654-2525",zip9
property_zip_full,"98101-3707, 98104-3112, 98121-3488",zip9
full_zip_code,"90210-2719, 90069-4201, 90212-3456",zip9
zip_plus_4,"60614-1234, 60657-5678, 60601-9101",zip9
PostalCodeExt,"77002-1111, 77005-2222, 77019-3333",zip9
property_zip9,"33139-4567, 33131-8901, 33140-2345",zip9
Zip_Code_9,"10001-0010, 10011-1122, 10012-3344",zip9
ZIP_PLUS4,"90210-1234, 90012-5678, 90401-9876",zip9
property_zip9,"77002-1111, 77478-2222, 77380-3333",zip9
AddrZip+4,"10021-0001, 11201-1002, 11354-2003",zip9
postal_code_full,"33139-4567, 33134-8910, 33149-1112",zip9
zip_nine,"60601-5432, 60201-6789, 60302-1230",zip9
full_zip_code,"90210-1234, 90069-5678, 90212-9012",zip9
zip_plus_4,"33131-1111, 33139-2222, 33160-3333",zip9
LOCATION_ZIP9,"10001-2345, 10019-6789, 10036-1122",zip9
postal_code_ext,"78701-5000, 78704-6000, 78759-7000",zip9
zipcode9,"60601-1212, 60614-3434, 60654-5656",zip9
property_zip_code_9,"33130-1111, 33139-2222, 33109-3333",zip9
zip+4,"60606-1001, 60611-2002, 60654-3003",zip9
PostalCodeExt,"10004-5048, 10007-1309, 10038-2702",zip9
mail_zip9,"77002-4321, 77005-8765, 77019-1357",zip9
full_zip_code,"90210-1234, 90028-5678, 90266-9012",zip9
ZIP+4,"60601-1122, 60611-3344, 60654-5566",zip9
siteAddressZip9,"77002-2345, 77005-6789, 77019-1011",zip9
mailing_zip,"33139-4567, 33140-8901, 33109-2345",zip9
location.zip_code_plus_4,"19102-1212, 19103-3434, 19106-5656",zip9
full_zipcode,"94103-1122, 94110-3344, 94109-5566",zip9
postal_code_ext,"10001-1234, 10012-5678, 11201-9012",zip9
OWNER_ZIP_PLUS_4,"33139-1001, 33140-2002, 33109-3003",zip9
zip9_cd,"60601-4567, 60611-8901, 60654-2345",zip9
mail_zip_full,"77002-1809, 77006-3411, 77019-5210",zip9
zip_code_full,"90210-1234, 90210-5678, 90211-1111",zip9
property_zip+4,"77002-0101, 77005-2222, 77007-3333",zip9
zip9,"33130-1000, 33131-2000, 33132-3000",zip9
MailingZip9,"10012-4567, 10003-8910, 10014-1112",zip9
full_zip,"60601-0101, 60606-2345, 60611-6789",zip9
ZIP_CODE_PLUS4,"33139-1122, 33140-3344, 33109-5566",zip9
mailing_zip9,"10001-1234, 10012-5678, 10021-9876",zip9
postal_code_full,"77002-1001, 77005-2002, 77019-3003",zip9
zip_ext,"80202-0101, 80203-0202, 80204-0303",zip9
zip_plus4,"90210-1234, 94102-5432, 92101-8765",zip9
full_zip_code,"77002-1001, 78701-0001, 75201-3103",zip9
LOCATION_ZIP9,"10004-1903, 10022-7501, 10118-2300",zip9
mail_zip,"33139-2215, 32801-2508, 33602-5600",zip9
zipcode_extended,"02116-3712, 02215-1502, 02108-3603",zip9
full_zip_code,"90210-2550, 90028-1234, 94105-5401",zip9
zip_plus_4,"33139-2015, 33109-0123, 33140-5555",zip9
postal_code_9_digit,"10003-1234, 11201-5678, 10021-0002",zip9
zip9,"77002-1001, 77005-2345, 77019-6789",zip9
address_zip9,"60601-1111, 60611-2222, 60654-3333",zip9
full_zip_code,"90210-1234, 90211-5678, 90212-9101",zip9
zip+4,"10001-1110, 10022-2220, 10036-3330",zip9
mailing_zip9,"33133-4567, 33134-8901, 33139-2345",zip9
ADDR_ZIP_PLUS4,"60601-6789, 60614-1234, 60654-5678",zip9
zipcode_extended,"75248-1987, 75206-2543, 75230-3111",zip9
property_zip_full,"90210-1234, 90028-5678, 90272-9012",zip9
ZipCode+4,"10001-1111, 10012-2222, 11201-3333",zip9
customer_zip_code_ext,"77002-4567, 75201-8901, 78704-2345",zip9
mail_zip,"33131-6789, 33139-1011, 33109-1213",zip9
ZIP_EXTENDED,"60606-5555, 60614-6666, 60622-7777",zip9
zip_plus_4,"90210-1234, 90012-5678, 90266-9012",zip9
ADDR_ZIP9,"33131-2244, 33139-1111, 32801-5555",zip9
Zp9,"10001-1010, 10012-2020, 11201-3030",zip9
full_zipcode,"60601-1234, 60614-5678, 60657-9012",zip9
mailing_zip,"77002-1111, 77005-2222, 75201-3333",zip9
ZIP_PLUS_4,"90210-2717, 94105-1502, 90012-3456",zip9
mailing_zip9,"33139-4401, 33109-0123, 33178-1111",zip9
zip_full,"10004-1922, 11201-5802, 10023-6504",zip9
PropertyZipPlus4,"77002-5205, 75201-3101, 78701-4074",zip9
zipcode_extended,"60606-1234, 60611-5678, 60654-9101",zip9
postal_code_full,"94105-1234, 94612-5678, 95113-9012",zip9
zip_plus_4,"10019-2101, 11201-6543, 11377-8765",zip9
PropertyZip9,"77002-1122, 75201-3344, 78704-5566",zip9
mail_zip,"33130-9876, 32801-5432, 33602-1098",zip9
addr:zipcode_extended,"60603-1234, 60614-5678, 60657-9012",zip9
zip_code_full,"90210-1234, 90012-5678, 90291-1122",zip9
property_zip+4,"33139-2001, 33109-9998, 33140-1212",zip9
mail_zip9,"10001-0010, 10011-1100, 10023-2300",zip9
ZIP_PLUS_4,"75201-1111, 75202-2222, 75206-3333",zip9
site_zip_extended,"60601-5000, 60606-4000, 60611-3000",zip9
postal_code_full,"94103-1567, 90210-2411, 92101-3845",zip9
zip_plus4,"10004-1901, 11201-6543, 10022-7890",zip9
property_zip9,"33131-1050, 33139-2233, 33140-1122",zip9
MAIL_ZIP_EXT,"60606-2121, 60611-3434, 60654-5656",zip9
zipcode-extended,"77002-4567, 75201-8901, 78701-2345",zip9
zip_plus_4,"90210-1234, 90001-5678, 90266-9101",zip9
full_zipcode,"10001-2345, 11201-6789, 10012-1111",zip9
mailing_zip,"33131-2222, 33139-3333, 33109-4444",zip9
PROPERTY_ZIP9,"77002-5555, 77005-6666, 77019-7777",zip9
locationZip,"80202-8888, 80203-9999, 80204-0101",zip9
full_zip,"90210-2710, 90069-4202, 90212-3315",zip9
propertyZip9,"33139-1512, 33132-2015, 33140-3301",zip9
zipcode_plus4,"10001-1234, 10012-5678, 10023-9101",zip9
MAIL_ZIP_EXT,"60601-2222, 60611-3333, 60654-4444",zip9
zip_ext,"77002-1987, 77006-5412, 77019-3011",zip9
full_zip_code,"90210-1234, 94105-5678, 92101-9876",zip9
ZipPlus4,"33131-1122, 32801-3344, 33602-5566",zip9
mailing_zip_ext,"60601-2345, 60611-6789, 60605-1011",zip9
addr_zip9,"10001-8765, 10012-4321, 10022-0987",zip9
ZIP_CODE_FULL,"78701-4455, 78704-6677, 78751-8899",zip9
property_zip_full,"90210-2411, 90212-4403, 90069-1811",zip9
zip+4,"60601-2802, 60611-3008, 60654-4716",zip9
mailing_zip9,"77002-4503, 77005-1827, 77019-4933",zip9
LOCATION_ZIP_PLUS_4,"19102-3621, 19103-5505, 19106-1525",zip9
fullzip,"33131-3011, 33139-2114, 33109-4726",zip9
property_address,"101 E Main St, Anytown, USA, 2345 N Oak Ave, P.O. Box 1122",address
project_name,"East Main Street Redevelopment Phase 1, North Oak Avenue Beautification Project, Downtown Infrastructure Upgrade 2023",non_spatial
mail_addr,"450 W 33rd Street, New York, NY 10001, 1600 Pennsylvania Avenue NW, Washington, DC 20500, 20 W 34th St., New York, NY 10001",address
case_description,"Case 2023-A: Sidewalk repair inquiry, File 45B: Zoning variance request, Ticket #9876: Public nuisance complaint",non_spatial
SiteAddress,"789 Maple Dr, PO Box 987, 321 Elm Circle, Springfield, IL 62704",address
owner_name,"Springfield Property Management LLC, Maple Drive Homeowners Association, Elm Circle Trust",non_spatial
full_address,"1234 Market St, Philadelphia, PA 19107, 555 California St, San Francisco, CA 94104, 800 N Michigan Ave, Chicago, IL 60611",address
business_name,"Market Street Bakery & Cafe, California Street Financial Group, Michigan Avenue Apparel Inc.",non_spatial
street_location,"4400 Clayton Ave, St. Louis, MO 63110, 1 Museum Drive, Newport News, VA 23606, 525 S. Winchester Blvd, San Jose, CA 95128",address
event_title,"Clayton Avenue Art Fair, Museum Drive Gala 2024, Winchester Mystery House Tour",non_spatial
ADDR1,"P.O. BOX 500, 1 Government Center Pl, Fall River, MA 02722, 1000 Elysian Park Ave, Los Angeles, CA 90012",address
permit_type,"Residential Building Permit, Commercial Electrical Permit, Demolition Permit - Main Structure",non_spatial
physical_loc,"200 E. Colfax Ave., Denver, CO 80203, 1060 W Addison St, Chicago, IL 60613, 1 E 161 St, The Bronx, NY 10451",address
violation_description,"Failure to clear sidewalk of snow, Illegal commercial signage, Operating without a valid license",non_spatial
delivery_address,"1 Infinite Loop, Cupertino, CA 95014, 1 Microsoft Way, Redmond, WA 98052, 1600 Amphitheatre Parkway, Mountain View, CA 94043",address
contact_person,"John Appleseed, Facilities Manager, Satya N. (CEO Office), Sundar Pichai, c/o Executive Services",non_spatial
location,"350 5th Ave, New York, NY 10118, 233 S Wacker Dr, Chicago, IL 60606, 1 World Trade Center, New York, NY 10007",address
address_line_1,"1201 S Figueroa St, 601 Biscayne Blvd, 1 AT&T Way",address
legal_description,"LOT 12 BLOCK A FIGUEROA TRACT, PARCEL 5 OF BISCAYNE SUBDIVISION, TRACT 9987, ARLINGTON PLAT",non_spatial
property_full_address,"465 Huntington Ave, Boston, MA 02115, 555 N 5th St, Phoenix, AZ 85004, 1900 Benjamin Franklin Pkwy, Philadelphia, PA 19103",address
mail_to_addr,"P.O. Box 12345, 75 Rev. Dr. Martin Luther King Jr. Blvd, 100 S Main St",address
account_holder,"Acme Corporation, Main Street Trust #123, MLK Jr. Community Fund",non_spatial
site_addr,"1515 N Courthouse Rd, Arlington, VA 22201, 2100 Clarendon Blvd, Arlington, VA 22201, 1400 N Uhle St, Arlington, VA 22201",address
case_number,"ROB-2024-00123, CLR-2023-98765, PLN-2024-00543",non_spatial
LOCATION_ADDRESS,"900 S. Beretania St., Honolulu, HI 96814, 415 S. Beretania St., Honolulu, HI 96813, 530 S. King St., Honolulu, HI 96813",address
FullAddress,"1000 Robert E. Lee Blvd., New Orleans, LA 70124, 615 Pere Antoine Alley, New Orleans, LA 70116, 1 Collins C. Diboll Cir, New Orleans, LA 70124",address
notes,"Site visit scheduled for next week., Awaiting inspection results., Permit application is incomplete.",non_spatial
str_addr,"2901 E. Lake St., Minneapolis, MN 55406, 300 Nicollet Mall, Minneapolis, MN 55401, 1301 2nd Ave S, Minneapolis, MN 55403",address
contractor_name,"Lake Street Construction Inc., Nicollet Mall Renovators LLC, Second Avenue Electrical Co.",non_spatial
address_full,"P.O. Box 99, Austin, TX 78767, 1100 Congress Ave., Austin, TX 78701, 201 W. 2nd St., Austin, TX 78701",address
prprty_ddrss,"1776 Independence Ave SW, Washington, DC 20003, 2 15th St NW, Washington, DC 20007, 100 Raoul Wallenberg Pl SW, Washington, DC 20024",address
mail_address,"1 Telegraph Hill Blvd, San Francisco, CA 94133, 1 Lincoln Blvd, San Francisco, CA 94129, 1000 Point Lobos Ave, San Francisco, CA 94121",address
service_request_type,"Graffiti Removal, Streetlight Outage, Pothole Repair",non_spatial
ADDR,"123 Main Street, 456 Oak Avenue, Suite 100, PO Box 789",address
internal_comments,"Follow up with Jane Doe, See attached file for details, Pending legal review",non_spatial
bbl,"1-00758-0021, 3-01560-0039, 4-02345-0001",bbl
address,"123 Main St, New York, NY 10001, 456 Oak Ave, Brooklyn, NY 11201, 789 Pine Ln, Queens, NY 11354",address
PROPERTY_BBL,"2-01112-0033, 2-01112-0034, 2-01113-0001",bbl
PROPERTY_ADDRESS,"45 E 131st St, 47 E 131st St, 50 E 132nd St",address
parcel_id,"5-00123-0456, 1-00789-0101, 3-01800-0050",bbl
parcel_location,"100 Victory Blvd, Staten Island, NY 10301, 200 Vesey St, New York, NY 10281, 300 Lafayette Ave, Brooklyn, NY 11238",address
Borough-Block-Lot,"4-01600-0029, 4-01600-0030, 4-01600-0031",bbl
Street Address 1,"120-55 Queens Blvd, 125-01 Queens Blvd, 80-02 Kew Gardens Rd",address
tax_lot_bbl,"3-02021-0014, 3-02021-0015, 3-02021-0016",bbl
tax_lot_address,"857 Lincoln Pl, 859 Lincoln Pl, 861 Lincoln Pl",address
pluto_bbl,"1-01017-0020, 1-01017-0021, 1-01017-7501",bbl
pluto_address,"15 Union Sq W, 1 E 15th St, 15 Union Sq W, New York, NY 10003",address
bbl_string,"2-00245-0008, 2-00245-0009, 2-00245-0010",bbl
address_string,"1000 Grand Concourse, 1020 Grand Concourse, 1040 Grand Concourse",address
BOROBLOCKLOT,"5-03120-0001, 5-03120-0025, 5-03120-0026",bbl
LOCATION_ADDRESS,"26 Central Ave, 28 Central Ave, 30 Central Ave",address
property.bbl,"4-08970-0001, 4-08970-0002, 4-08970-0003",bbl
property.address,"144-02 135th Ave, Jamaica, NY 11436, 144-04 135th Ave, Jamaica, NY 11436, 144-06 135th Ave, Jamaica, NY 11436",address
bbl-10,"3-00890-0045, 3-00890-0046, 3-00890-0047",bbl
address_line_1,"200 Eastern Pkwy, 210 Eastern Pkwy, 220 Eastern Pkwy",address
BBL_ID,"1-00005-0001, 1-00005-7501, 1-00005-7502",bbl
ADDRESS_FULL,"1 State St, 1 Whitehall St, 1 Battery Park Plz",address
Bbl,"2-01842-0001, 2-01842-0002, 2-01842-0003",bbl
Addr,"240 E 175th St, 242 E 175th St, 244 E 175th St",address
bbl_code,"4-03900-0010, 4-03900-0011, 4-03900-0012",bbl
site_addr,"34-12 36th St, 34-14 36th St, 34-16 36th St",address
primary_bbl,"5-00001-0100, 5-00001-0200, 5-00001-0300",bbl
primary_address,"1 Richmond Ter, 10 Richmond Ter, 100 Richmond Ter",address
CONDO_BBL,"3-01234-7501, 3-01234-7502, 3-01234-7503",bbl
CONDO_ADDRESS,"1 Hanson Pl, 1 Hanson Pl, Apt 2A, 1 Hanson Pl, Apt 2B",address
bbl_key,"1-01280-0025, 1-01280-0026, 1-01280-0027",bbl
address_key,"401 W 42nd St, 403 W 42nd St, 405 W 42nd St",address
BBL_,"2-03031-0050, 2-03031-0051, 2-03031-0052",bbl
ADDRESS_,"130 W 183rd St, 132 W 183rd St, 134 W 183rd St",address
BBL (Boro-Block-Lot),"4-00750-0001, 4-00750-0002, 4-00750-0003",bbl
Full Street Address,"25-01 Queens Plz N, 27-01 Queens Plz N, 29-27 41st Ave",address
bbl_hyphenated,"3-05448-0020, 3-05448-0021, 3-05448-0022",bbl
address_with_hyphen,"102-10 66th Rd, Forest Hills, NY 11375, 102-30 66th Rd, Forest Hills, NY 11375, 102-50 66th Rd, Forest Hills, NY 11375",address
nyc_bbl,"1-00500-0010, 1-00500-0011, 1-00500-0012",bbl
nyc_address,"150 W 34th St, 152 W 34th St, 154 W 34th St",address
BBL,"1-00758-0021, 3-01623-0045, 4-01550-0033",bbl
BIN,"1013537, 3045678, 4038634",bin
property_bbl,"2-03489-0001, 2-03489-0002, 2-03489-0003",bbl
property_bin,"2019876, 2019877, 2019878",bin
BOROBLOCKLOT,"5-00123-0750, 1-09876-0001, 3-00001-1001",bbl
BLDG_ID_NUM,"5000123, 1087654, 3000001",bin
nyc_taxlot_id,"4-01550-0033, 4-01550-0034, 4-01550-0035",bbl
nyc_building_id,"4038634, 4038635, 4038636",bin
tax_lot_bbl,"3-01623-0045, 3-01623-1001, 3-01623-1002",bbl
building_num,"3045678, 3045679, 3045680",bin
bbl_num,"1-00789-0012, 2-04567-0034, 5-00123-0056",bbl
bin_num,"1014839, 2098765, 5001234",bin
parcel_identifier_bbl,"4-02345-0067, 4-02345-0068, 4-02345-0069",bbl
structure_identifier_bin,"4056789, 4056790, 4056791",bin
pluto_bbl_key,"3-01890-0001, 3-01890-0002, 3-01890-0003",bbl
building_code,"3054321, 3054322, 3054323",bin
bbl_id,"2-02345-0100, 2-02345-0101, 2-02345-0102",bbl
bin_id,"2001234, 2001235, 2001236",bin
PropertyBBL,"1-01234-0050, 1-01234-0051, 1-01234-0052",bbl
PropertyBIN,"1032109, 1032110, 1032111",bin
tax_parcel_id,"5-03210-0020, 5-03210-0021, 5-03210-0022",bbl
building_identity_no,"5078901, 5078902, 5078903",bin
bbl_string,"3-05432-0001, 3-05432-0002, 3-05432-0003",bbl
bin_number,"3131313, 3131314, 3131315",bin
lot_id_bbl,"4-00987-0075, 4-00987-0076, 4-00987-0077",bbl
bldg_id_bin,"4023948, 4023949, 4023950",bin
BBL_CODE,"1-00025-0001, 1-00025-0002, 1-00025-0003",bbl
BIN_CODE,"1000029, 1000030, 1000031",bin
dof_bbl,"2-03921-0015, 2-03921-0016, 2-03921-0017",bbl
dob_bin,"2028456, 2028457, 2028458",bin
bbl_primary,"3-01300-0010, 3-01300-0011, 3-01300-0012",bbl
bin_primary,"3033000, 3033001, 3033002",bin
parcel_num,"5-00888-0099, 5-00888-0100, 5-00888-0101",bbl
building_unique_id,"5012345, 5012346, 5012347",bin
BBL_FULL,"4-01800-0025, 4-01800-0026, 4-01800-0027",bbl
BIN_FULL,"4045000, 4045001, 4045002",bin
taxlot_identifier,"1-02000-0001, 1-02000-0002, 1-02000-0003",bbl
bldg_identifier,"1059000, 1059001, 1059002",bin
bbl_key_from_pluto,"2-05000-0050, 2-05000-0051, 2-05000-0052",bbl
bin_key_from_dob,"2100000, 2100001, 2100002",bin
BBL,"1-00758-0029, 1-00758-0030, 1-00758-0031",bbl
item_part_revision,"1-758-29, 1-758-30, 1-758-31",non_spatial
bbl_num,"3-01234-0001, 4-05678-0002, 2-09101-0003",bbl
document_id,"3-1234-A, 4-5678-B, 2-9101-C",non_spatial
BORO_BLOCK_LOT,"5-00100-0050, 5-00100-0051, 5-00100-0052",bbl
product_code,"5-100-50-A, 5-100-51-B, 5-100-52-C",non_spatial
nyc_bbl,"2-03333-0075, 2-03333-1001, 2-03333-1002",bbl
version_history,"2.3.75, 2.3.1001, 2.3.1002",non_spatial
Bbl,"4-10001-0020, 4-10001-0021, 4-10001-0022",bbl
internal_ref_id,"410001-20, 410001-21, 410001-22",non_spatial
tax_bbl,"1-01116-0040, 3-01632-0001, 5-04076-0033",bbl
order_number,"101116-0040, 301632-0001, 504076-0033",non_spatial
pluto_bbl,"3-08000-0001, 3-08000-0002, 3-08000-0003",bbl
serial_num,"30-8000-0001, 30-8000-0002, 30-8000-0003",non_spatial
BoroBlockLot,"4-00058-0001, 4-00058-0002, 4-00058-0003",bbl
case_file_id,"2024-0058-01, 2024-0058-02, 2024-0058-03",non_spatial
bbl,"1-00001-0010, 2-00002-0020, 3-00003-0030",bbl
transaction_id,"1-1-10, 2-2-20, 3-3-30",non_spatial
property_bbl,"5-03123-0045, 5-03123-0046, 5-03123-0047",bbl
inventory_sku,"SKU-03123-45, SKU-03123-46, SKU-03123-47",non_spatial
BBL_string,"2-02345-0067, 2-02345-0068, 2-02345-0069",bbl
batch_code,"B2-2345-67, B2-2345-68, B2-2345-69",non_spatial
bbl_id_nyc,"3-05432-0100, 3-05432-0101, 3-05432-0102",bbl
experiment_id,"3_5432_100, 3_5432_101, 3_5432_102",non_spatial
bbl_code,"1-09876-0001, 1-09876-0002, 1-09876-0003",bbl
customer_id,"C1-9876-0001, C1-9876-0002, C1-9876-0003",non_spatial
BBL_NUM,"4-01500-0075, 4-01500-0076, 4-01500-0077",bbl
report_num,"RPT-01500-75, RPT-01500-76, RPT-01500-77",non_spatial
full_bbl,"2-04000-1200, 2-04000-1201, 2-04000-1202",bbl
asset_tag,"ASSET-04000-1200, ASSET-04000-1201, ASSET-04000-1202",non_spatial
dof_bbl,"3-01890-0025, 3-01890-0026, 3-01890-0027",bbl
license_key,"A1B-CDE-25, A1B-CDE-26, A1B-CDE-27",non_spatial
parcel_bbl,"5-00012-0034, 5-00012-0035, 5-00012-0036",bbl
job_code,"500-012-034, 500-012-035, 500-012-036",non_spatial
BBL_ID,"1-00405-0750, 1-00405-0751, 1-00405-0752",bbl
sample_id,"100405-0750, 100405-0751, 100405-0752",non_spatial
bbl_text,"4-02020-0020, 4-02020-0021, 4-02020-0022",bbl
control_number,"40-2020-020, 40-2020-021, 40-2020-022",non_spatial
bbl_full,"2-03030-0030, 2-03030-0031, 2-03030-0032",bbl
part_number,"PN-03030-30, PN-03030-31, PN-03030-32",non_spatial
building_id_num,"1075155, 1075156, 1075157",bin
permit_id,"107515, 107516, 107517",non_spatial
BIN,"3060360, 3060361, 3060362",bin
case_number,"30603601, 30603612, 30603623",non_spatial
bldg_id,"4113470, 4113471, 4113472",bin
account_ref,"AC411347, AC411348, AC411349",non_spatial
building_identification_number,"2005678, 2005679, 2005680",bin
serial_num,"SN200567, SN200568, SN200569",non_spatial
bin_num,"5078910, 5078911, 5078912",bin
transaction_id,"995078910, 995078911, 995078912",non_spatial
buildingIdentificationNumber,"1001234, 1001235, 1001236",bin
employee_id,"101234, 101235, 101236",non_spatial
BLDG_ID,"3334567, 3334568, 3334569",bin
product_code,"P334567, P334568, P334569",non_spatial
nyc_bin,"4445566, 4445577, 4445588",bin
customer_key,"44455660, 44455770, 44455880",non_spatial
building_bin,"2109876, 2109875, 2109874",bin
record_identifier,"210987, 210986, 210985",non_spatial
bin,"1088888, 1088889, 1088890",bin
invoice_num,"INV10888, INV10889, INV10890",non_spatial
prop_bin,"3000111, 3000222, 3000333",bin
license_plate,"300-AAB, 301-AAC, 302-AAD",non_spatial
building_no,"4012345, 4012346, 4012347",bin
order_id,"40123456, 40123467, 40123478",non_spatial
DOB_BIN,"5123456, 5123457, 5123458",bin
accession_number,"AN512345, AN512346, AN512347",non_spatial
bin_of_record,"1079000, 1079001, 1079002",bin
participant_id,"107900, 107901, 107902",non_spatial
buildingId,"2024001, 2024002, 2024003",bin
tracking_code,"TC2024001, TC2024002, TC2024003",non_spatial
BIN_CODE,"3087654, 3087655, 3087656",bin
job_id,"3087654-1, 3087655-1, 3087656-1",non_spatial
property_bin,"4654321, 4654322, 4654323",bin
session_id,"SESS4654321, SESS4654322, SESS4654323",non_spatial
bin_number,"1010101, 2020202, 3030303",bin
user_id,"101010, 202020, 303030",non_spatial
bldg_bin_id,"5005005, 5005006, 5005007",bin
item_sku,"SKU50050, SKU50051, SKU50052",non_spatial
BUILDING_IDENTIFICATION_NO,"4000000, 4000001, 4000002",bin
control_number,"400000001, 400000002, 400000003",non_spatial
Borough,"Manhattan, Brooklyn, Queens",borough
BoroCode,"1, 3, 4",borough_code
BORO_NAME,"Bronx, Staten Island, Manhattan",borough
BORO_NUM,"2, 5, 1",borough_code
BOROUGH,"Brooklyn, Queens, Bronx",borough
Boro,"3, 4, 2",borough_code
boro_name,"Fairbanks North Star, Matanuska-Susitna, Kenai Peninsula",borough
boro_id,"1, 2, 3",borough_code
BoroughName,"Staten Island, Manhattan, Brooklyn",borough
BoroughCode,"5, 1, 3",borough_code
nyc_borough,"Queens, Bronx, Staten Island",borough
nyc_boro_cd,"4, 2, 5",borough_code
Borough,"Anchorage, Juneau, Ketchikan Gateway",borough
BoroIdentifier,"1, 2, 3",borough_code
BORO,"Manhattan, Bronx, Brooklyn",borough
BOROUGH_CODE,"1, 2, 3",borough_code
borough_desc,"Queens, Staten Island, Manhattan",borough
borough_num,"4, 5, 1",borough_code
Borough_1,"Bronx, Brooklyn, Queens",borough
Boro_1,"2, 3, 4",borough_code
boro,"Staten Island, Manhattan, Brooklyn",borough
b_code,"5, 1, 3",borough_code
Borough_Name,"Queens, Bronx, Manhattan",borough
Borough_ID,"4, 2, 1",borough_code
LocationBorough,"Brooklyn, Staten Island, Queens",borough
LocationBoroCode,"3, 5, 4",borough_code
AK_BOROUGH,"Denali, Haines, Yakutat",borough
AK_BORO_CODE,"1, 2, 3",borough_code
Borough,"Manhattan, Bronx, Brooklyn",borough
BOROUGH,"1, 2, 3",borough_code
boro_nm,"Queens, Staten Island, Manhattan",borough
boro_cd,"4, 5, 1",borough_code
BoroughOfRecord,"Bronx, Brooklyn, Queens",borough
BoroCodeOfRecord,"2, 3, 4",borough_code
PropertyBorough,"Staten Island, Manhattan, Brooklyn",borough
PropertyBoroNum,"5, 1, 3",borough_code
incident_borough,"Queens, Bronx, Staten Island",borough
incident_borough_code,"4, 2, 5",borough_code
BoroName,"Manhattan, Brooklyn, Queens",borough
Boro,"1, 3, 4",borough_code
Department,"Parks & Recreation, Finance, Transportation",non_spatial
incident_boro,"Bronx, Staten Island, Brooklyn",borough
incident_category,"Noise Complaint, Sanitation Issue, Parking Violation",non_spatial
BOROUGH_NM,"QUEENS, MANHATTAN, BRONX",borough
AGENCY_NM,"HPD, DOB, DEP",non_spatial
Jurisdiction,"North Slope Borough, Fairbanks North Star Borough, Matanuska-Susitna Borough",borough
ProjectName,"Arctic Gas Pipeline, Tanana River Crossing, Knik Arm Bridge",non_spatial
boro,"Brooklyn, Queens, Manhattan",borough
status,"Approved, Pending, Rejected",non_spatial
pickup_borough,"Staten Island, Bronx, Brooklyn",borough
pickup_day,"Monday, Wednesday, Friday",non_spatial
BoroughOfOccurrence,"Manhattan, Queens, Bronx",borough
TypeOfOccurrence,"Violation, Hearing, Inspection",non_spatial
AK_Borough,"Aleutians East Borough, Bristol Bay Borough, Denali Borough",borough
AK_Permit_Type,"Fishing, Mining, Land Use",non_spatial
boro_name,"Queens, Brooklyn, Staten Island",borough
contact_name,"John Smith, Jane Doe, Peter Jones",non_spatial
BORO,"MANHATTAN, BROOKLYN, QUEENS",borough
ACTION,"ISSUED, RENEWED, CLOSED",non_spatial
school_borough,"Bronx, Manhattan, Brooklyn",borough
school_type,"Public, Charter, Private",non_spatial
Borough Name,"Ketchikan Gateway Borough, City and Borough of Juneau, City and Borough of Sitka",borough
Vessel Name,"Alaska Spirit, Kenai Star, Prince William Explorer",non_spatial
property_borough,"Queens, Staten Island, Manhattan",borough
property_class,"Residential, Commercial, Industrial",non_spatial
Borough_Txt,"Brooklyn, Bronx, Queens",borough
boro_of_violation,"Manhattan, Brooklyn, Staten Island",borough
type_of_violation,"Building Code, Fire Code, Zoning Resolution",non_spatial
nyc_borough,"The Bronx, Manhattan, Brooklyn",borough
nyc_agency,"Department of Buildings, Taxi & Limousine Commission, Department of Health",non_spatial
location_borough,"Queens, Bronx, Manhattan",borough
location_type,"Street, Sidewalk, Park",non_spatial
Borough_of_Service,"Brooklyn, Staten Island, Queens",borough
Channel_of_Service,"Phone, Mobile App, In Person",non_spatial
Borough,"Lake and Peninsula Borough, Kenai Peninsula Borough, Northwest Arctic Borough",borough
Resource,"Oil & Gas, Fisheries, Timber",non_spatial
BORO_DESC,"Staten Island, Manhattan, Brooklyn",borough
JOB_TYPE_DESC,"New Building, Alteration, Demolition",non_spatial
BORO,"1, 3, 5",borough_code
priority,"1, 2, 3",non_spatial
BoroughCode,"2, 4, 1",borough_code
status_code,"1, 3, 2",non_spatial
boro_id,"5, 3, 3",borough_code
inspection_result_id,"1, 2, 1",non_spatial
b_code,"4, 1, 2",borough_code
payment_method_id,"1, 3, 4",non_spatial
nyc_borough,"3, 5, 1",borough_code
service_request_type,"5, 2, 4",non_spatial
BOROUGH,"1, 1, 4",borough_code
num_violations,"0, 1, 3",non_spatial
boro_cd,"2, 3, 5",borough_code
alert_level,"3, 2, 1",non_spatial
BoroNum,"4, 4, 1",borough_code
document_version,"2, 3, 1",non_spatial
borough_identifier,"5, 2, 3",borough_code
case_status_id,"1, 4, 5",non_spatial
B,"1, 4, 2",borough_code
grade_code,"3, 1, 2",non_spatial
boro_code_nyc,"3, 3, 5",borough_code
shift_number,"1, 2, 3",non_spatial
Boro,"2, 1, 4",borough_code
crew_id,"4, 2, 5",non_spatial
borough_num,"5, 1, 3",borough_code
action_code,"1, 3, 2",non_spatial
BOROCODE,"4, 2, 2",borough_code
reason_code,"5, 1, 3",non_spatial
BoroughID,"1, 5, 4",borough_code
num_of_units,"2, 1, 4",non_spatial
brgh_cd,"3, 2, 1",borough_code
vehicle_class,"1, 3, 5",non_spatial
b_id,"2, 5, 3",borough_code
tier,"1, 2, 3",non_spatial
borough_c,"4, 1, 5",borough_code
zone_type,"3, 4, 2",non_spatial
Boro_Code,"1, 3, 2",borough_code
material_code,"5, 2, 1",non_spatial
boro,"5, 4, 1",borough_code
floor_number,"1, 4, 3",non_spatial
city,"Boston, Cambridge, Somerville",city
contact_name,"James Wilson, Patricia Miller, Robert Davis",non_spatial
property_city,"Los Angeles, Pasadena, Santa Monica",city
owner,"Jennifer Garcia, Michael Rodriguez, Linda Martinez",non_spatial
mail_city,"Chicago, Evanston, Oak Park",city
applicant,"William Hernandez, Elizabeth Lopez, David Gonzalez",non_spatial
JURISDICTION,"Houston, Sugar Land, The Woodlands",city
REP_NAME,"Richard Moore, Susan Taylor, Joseph Anderson",non_spatial
Town,"Philadelphia, King of Prussia, Bala Cynwyd",city
artist,"Thomas Thomas, Barbara Jackson, Charles White",non_spatial
site_city,"Phoenix, Scottsdale, Tempe",city
vendor_name,"Harris Inc, Martin and Sons, Thompson LLC",non_spatial
city_of_issuance,"San Antonio, Austin, Dallas",city
account_holder,"Christopher Lee, Jessica Perez, Daniel Sanchez",non_spatial
MUNICIPALITY,"San Diego, Chula Vista, Oceanside",city
patient_name,"Matthew Clark, Sarah Lewis, Anthony Robinson",non_spatial
CityName,"Detroit, Ann Arbor, Dearborn",city
EmployeeName,"Karen Walker, Kevin Young, Nancy Allen",non_spatial
premise_city,"San Jose, Santa Clara, Sunnyvale",city
submitted_by,"Jason King, Lisa Wright, Brian Scott",non_spatial
work_loc_city,"Jacksonville, St. Augustine, Orange Park",city
reviewed_by,"Steven Green, Betty Adams, Paul Baker",non_spatial
city_,"Indianapolis, Carmel, Fishers",city
client,"George Nelson, Donna Carter, Kenneth Mitchell",non_spatial
SIT_CITY,"Columbus, Dublin, Westerville",city
AUTH_REP,"Sandra Roberts, Edward Turner, Carol Phillips",non_spatial
city_name,"Charlotte, Huntersville, Concord",city
manager,"Ronald Campbell, Sharon Parker, Timothy Evans",non_spatial
PROJECT_CITY,"Fort Worth, Arlington, Irving",city
TENANT,"Michelle Edwards, Anthony Collins, Laura Stewart",non_spatial
City_Served,"Seattle, Bellevue, Tacoma",city
Primary_Contact_Person,"Gary Morris, Kimberly Rogers, Jeffrey Reed",non_spatial
business_city,"Denver, Aurora, Lakewood",city
inspector,"Deborah Cook, Larry Morgan, Stephanie Bell",non_spatial
mailcity,"Washington, Arlington, Alexandria",city
customer_name,"Frank Murphy, Amanda Bailey, Scott Rivera",non_spatial
loc_city,"Nashville, Franklin, Murfreesboro",city
payee_name,"Cynthia Cooper, Raymond Richardson, Melissa Cox",non_spatial
city_cln,"Las Vegas, Henderson, North Las Vegas",city
principal_investigator,"Dennis Howard, Heather Ward, Jerry Peterson",non_spatial
City,"Boston, Worcester, Springfield",city
State,"Massachusetts, Rhode Island, Connecticut",state
property_city,"Phoenix, Tucson, Mesa",city
property_state,"Arizona, New Mexico, Utah",state
mail_city,"Atlanta, Savannah, Augusta",city
mail_state,"Georgia, Florida, Alabama",state
municipality,"Philadelphia, Pittsburgh, Allentown",city
jurisdiction_name,"Pennsylvania, Ohio, New Jersey",state
CityName,"Seattle, Tacoma, Spokane",city
StateName,"Washington, Oregon, Idaho",state
owner_city,"Denver, Aurora, Colorado Springs",city
owner_state,"Colorado, Wyoming, Kansas",state
site_city,"Miami, Orlando, Tampa",city
site_state,"Florida, Georgia, South Carolina",state
city_of_record,"Detroit, Grand Rapids, Warren",city
state_of_record,"Michigan, Ohio, Indiana",state
vendor_city,"New Orleans, Baton Rouge, Shreveport",city
vendor_state,"Louisiana, Mississippi, Texas",state
CITY,"Minneapolis, Saint Paul, Rochester",city
STATE,"Minnesota, Wisconsin, Iowa",state
LocationCity,"Charlotte, Raleigh, Greensboro",city
LocationState,"North Carolina, South Carolina, Virginia",state
primary_city,"San Diego, San Jose, Fresno",city
primary_state,"California, Arizona, Nevada",state
proj_city,"Baltimore, Annapolis, Columbia",city
proj_state,"Maryland, Delaware, Virginia",state
city_loc,"Nashville, Memphis, Knoxville",city
state_loc,"Tennessee, Kentucky, Alabama",state
business_city,"Kansas City, Saint Louis, Springfield",city
business_state,"Missouri, Kansas, Illinois",state
mail_address_city,"Indianapolis, Fort Wayne, Evansville",city
mail_address_state,"Indiana, Ohio, Illinois",state
town,"Providence, Warwick, Cranston",city
state_province,"Rhode Island, Connecticut, Massachusetts",state
premise_city,"Las Vegas, Henderson, Reno",city
premise_state,"Nevada, California, Utah",state
client.city,"Milwaukee, Madison, Green Bay",city
client.state,"Wisconsin, Illinois, Michigan",state
city_name,"Portland, Salem, Eugene",city
state_name,"Oregon, Washington, California",state
country_of_origin,"United States, United States, United States",country
origin_type,"Domestic, Domestic, Domestic",non_spatial
nation,"USA, USA, USA",country
nationality_status,"Citizen, Permanent Resident, Citizen",non_spatial
country_code,"USA, USA, USA",country
currency_code,"USD, USD, USD",non_spatial
jurisdiction,"United States of America, United States of America, United States of America",country
jurisdiction_type,"Federal, Federal, Federal",non_spatial
sovereignty,"United States, United States, United States",country
country,"U.S.A., U.S.A., U.S.A.",country
COUNTRY_NAME,"United States, United States, United States",country
COMPANY_NAME,"United Airlines, US Steel, American Express",non_spatial
location_country,"USA, USA, USA",country
location_id,"HQ-001, Branch-42, Site-B",non_spatial
market_country,"United States, United States, United States",country
market_segment,"Enterprise, SMB, Government",non_spatial
legal_entity_country,"USA, USA, USA",country
legal_entity_name,"Corp A, LLC B, Partnership C",non_spatial
sale_country,"United States of America, United States of America, United States of America",country
sale_id,"S-2023-001, S-2023-002, S-2023-003",non_spatial
site_country,"United States, United States, United States",country
site_status,"Active, Inactive, Under Construction",non_spatial
COUNTRY,"U.S.A., U.S.A., U.S.A.",country
ISO3166-1-Alpha-3,"USA, USA, USA",country
ISO_CERTIFICATION,"ISO 9001, ISO 14001, ISO 27001",non_spatial
ship_to_country,"United States, United States, United States",country
shipment_status,"Delivered, In Transit, Processing",non_spatial
vendor_country,"USA, USA, USA",country
vendor_id,"VEN_1001, VEN_1002, VEN_1003",non_spatial
geo_country,"United States, United States, United States",country
geo_restriction,"False, False, True",non_spatial
residence_country,"United States of America, United States of America, United States of America",country
residence_type,"Primary, Secondary, Rental",non_spatial
country_name_official,"United States of America, United States of America, United States of America",country
official_language,"English, English, English",non_spatial
asset_location_country,"USA, USA, USA",country
asset_tag_id,"A1B2-C3D4-E5F6, A1B2-C3D4-E5F7, A1B2-C3D4-E5F8",non_spatial
latitude,"34.0522, 36.1699, 40.7128",latitude
longitude,"-118.2437, -115.1398, -74.0060",longitude
lat,"41.8781, 42.3601, 39.9526",latitude
lon,"-87.6298, -71.0589, -75.1652",longitude
start_lat,"25.7617, 29.7604, 32.7767",latitude
start_lon,"-80.1918, -95.3698, -96.7970",longitude
end_latitude,"47.6062, 45.5051, 38.9072",latitude
end_longitude,"-122.3321, -122.6750, -77.0369",longitude
Y_COORDINATE,"33.4484, 32.7157, 37.7749",latitude
X_COORDINATE,"-112.0740, -117.1611, -122.4194",longitude
pickup_lat,"40.7580, 40.7484, 40.7831",latitude
pickup_lng,"-73.9855, -73.9857, -73.9712",longitude
dropoff-lat,"34.1478, 34.0210, 33.8734",latitude
dropoff-lon,"-118.2551, -118.4965, -118.3398",longitude
lat_wgs84,"44.9778, 44.0582, 42.4440",latitude
lon_wgs84,"-93.2650, -121.3153, -76.5000",longitude
Location_Lat,"30.2672, 29.4241, 31.5493",latitude
Location_Lon,"-97.7431, -98.4936, -106.4424",longitude
lat_dd,"39.7392, 39.0997, 38.6270",latitude
lon_dd,"-104.9903, -94.5786, -90.1994",longitude
y_wgs84,"40.7128, 41.8781, 34.0522",latitude
y_utm10n,"4507500.0, 4636500.0, 3768000.0",y_coord
latitude_nad83,"38.5816, 39.7684, 37.2705",latitude
northing_sp_ft,"215567.0, 501312.0, 148901.0",y_coord
geo_lat,"47.6062, 45.5051, 48.7596",latitude
projected_y_3857,"6028350.5, 5694890.2, 6245136.7",y_coord
x_wgs84,"-74.0060, -87.6298, -118.2437",longitude
x_webmercator,"-8238650.0, -9754800.0, -13163000.0",x_coord
longitude_nad83,"-96.7970, -97.7431, -104.9903",longitude
easting_sp_ft,"2232460.0, 3111040.0, 3140997.0",x_coord
geo_lon,"-122.3321, -122.6750, -122.3493",longitude
gis_x_coord,"512090.0, 447250.0, 511000.0",x_coord
site_lat,"33.7490, 35.2271, 33.9533",latitude
avg_temp_c,"28.5, 31.2, 29.8",non_spatial
LAT,"43.0722, 44.9778, 46.8772",latitude
asset_utilization_pct,"43.1, 45.0, 46.9",non_spatial
site_lon,"-84.3880, -80.8431, -84.5467",longitude
signal_to_noise_db,"-84.4, -80.8, -84.5",non_spatial
LONG,"-121.4944, -119.7871, -122.0364",longitude
financial_performance_index,"-121.5, -119.8, -122.0",non_spatial
lat_dd,"34.0522, 36.1699, 40.7128",latitude
load_factor,"34.05, 36.17, 40.71",non_spatial
LATITUDE,"41.8781, 44.9778, 39.9526",latitude
ASSET_VALUE_MULT,"41.88, 44.98, 39.95",non_spatial
y_coord_dd,"29.7604, 32.7767, 33.7490",latitude
y_axis_reading,"29.76, 32.78, 33.75",non_spatial
Location_Lat,"47.6062, 45.5051, 42.3601",latitude
Transaction_Amt,"47.60, 45.51, 42.36",non_spatial
lat,"38.9072, 37.7749, 39.7392",latitude
rating_val,"3.8, 3.7, 3.9",non_spatial
start_lat,"40.7679, 40.7420, 40.7580",latitude
duration_hr,"0.40, 1.40, 2.40",non_spatial
geo_lat,"25.7617, 27.9506, 30.2672",latitude
geo_mean_index,"25.76, 27.95, 30.27",non_spatial
latitude_wgs84,"41.2565, 43.0731, 38.5816",latitude
sensor_reading_v,"4.12, 4.30, 3.85",non_spatial
CentroidY,"34.1558, 33.9533, 34.0210",latitude
MeasurementY,"34.15, 33.95, 34.02",non_spatial
point_y,"47.6588, 47.6104, 47.5629",latitude
point_in_time_id,"476588, 476104, 475629",non_spatial
facility_latitude,"26.1224, 28.5383, 30.4383",latitude
lat_coord,"41.5055, 41.4997, 41.4822",latitude
acct_balance,"4150.55, 4149.97, 4148.22",non_spatial
Y,"35.2271, 36.1627, 33.4484",latitude
reading_y,"35.22, 36.16, 33.44",non_spatial
stop.lat,"41.8937, 41.9029, 41.9112",latitude
stop.sequence,"41, 42, 43",non_spatial
latitude_of_center,"39.7684, 39.7784, 39.7884",latitude
percent_of_total,"39.76, 39.77, 39.78",non_spatial
lat_nad83,"38.8951, 39.0997, 40.4406",latitude
lot_id_83,"388951, 390997, 404406",non_spatial
Latitude,"34.2011, 34.1808, 34.1605",latitude
Invoice_Amount,"342.01, 341.80, 34.16",non_spatial
end_pt_lat,"40.7128, 42.3601, 34.0522",latitude
end_pt_score,"40.7, 42.3, 34.0",non_spatial
site_lat_dd,"29.4241, 31.7618, 32.7157",latitude
site_visit_hr,"2.9, 3.1, 3.2",non_spatial
y.dd,"44.0582, 44.9428, 43.5445",latitude
y.value,"44.05, 44.94, 43.54",non_spatial
street_centerline_wkt,"LINESTRING(-74.005 40.712, -74.006 40.713, -74.007 40.714), LINESTRING(-73.985 40.758, -73.986 40.759), LINESTRING(-73.991 40.734, -73.992 40.735, -73.993 40.736)",line
street_segments_wkt,"MULTILINESTRING((-74.005 40.712, -74.006 40.713), (-74.007 40.714, -74.008 40.715)), MULTILINESTRING((-73.985 40.758, -73.986 40.759), (-73.987 40.760, -73.988 40.761)), MULTILINESTRING((-73.991 40.734, -73.992 40.735))",multi-line
hydro_line,"LINESTRING(-87.629 41.878, -87.630 41.879, -87.631 41.880), LINESTRING(-87.650 41.890, -87.651 41.891), LINESTRING(-87.642 41.850, -87.643 41.851, -87.644 41.852)",line
hydro_multiline,"MULTILINESTRING((-87.629 41.878, -87.630 41.879), (-87.630 41.879, -87.632 41.877)), MULTILINESTRING((-87.650 41.890, -87.651 41.891), (-87.651 41.891, -87.653 41.889)), MULTILINESTRING((-87.642 41.850, -87.643 41.851), (-87.643 41.851, -87.645 41.849))",multi-line
subway_route,"LINESTRING(-73.984 40.755, -73.979 40.761, -73.973 40.765), LINESTRING(-73.961 40.768, -73.957 40.772), LINESTRING(-74.001 40.714, -73.996 40.721, -73.991 40.728)",line
subway_tracks,"MULTILINESTRING((-73.9841 40.755, -73.9791 40.761), (-73.9839 40.755, -73.9789 40.761)), MULTILINESTRING((-73.9611 40.768, -73.9571 40.772), (-73.9609 40.768, -73.9569 40.772)), MULTILINESTRING((-74.0011 40.714, -73.9961 40.721), (-74.0009 40.714, -73.9959 40.721))",multi-line
utility_geom,"LINESTRING(-122.419 37.774, -122.420 37.775, -122.421 37.776), LINESTRING(-122.408 37.785, -122.409 37.786), LINESTRING(-122.395 37.794, -122.396 37.795, -122.397 37.796)",line
utility_corridor_geom,"MULTILINESTRING((-122.4191 37.774, -122.4211 37.776), (-122.4189 37.774, -122.4209 37.776)), MULTILINESTRING((-122.4081 37.785, -122.4091 37.786), (-122.4079 37.785, -122.4089 37.786)), MULTILINESTRING((-122.395 37.794, -122.397 37.796), (-122.3955 37.794, -122.3975 37.796))",multi-line
trail_path,"LINESTRING(-104.990 39.739, -104.991 39.740, -104.992 39.741), LINESTRING(-105.000 39.750, -105.001 39.751), LINESTRING(-104.985 39.730, -104.986 39.731, -104.987 39.732)",line
trail_system,"MULTILINESTRING((-104.990 39.739, -104.992 39.741), (-104.992 39.741, -104.993 39.740)), MULTILINESTRING((-105.000 39.750, -105.001 39.751), (-105.001 39.751, -105.002 39.750)), MULTILINESTRING((-104.985 39.730, -104.987 39.732), (-104.987 39.732, -104.988 39.731))",multi-line
bike_lane_wkt,"LINESTRING(-95.369 29.760, -95.370 29.761, -95.371 29.762), LINESTRING(-95.380 29.770, -95.381 29.771), LINESTRING(-95.362 29.750, -95.363 29.751, -95.364 29.752)",line
bike_lanes_multi_wkt,"MULTILINESTRING((-95.3691 29.760, -95.3711 29.762), (-95.3689 29.760, -95.3709 29.762)), MULTILINESTRING((-95.3801 29.770, -95.3811 29.771), (-95.3799 29.770, -95.3809 29.771)), MULTILINESTRING((-95.3621 29.750, -95.3641 29.752), (-95.3619 29.750, -95.3639 29.752))",multi-line
flight_path_geom,"LINESTRING(-84.428 33.636, -84.438 33.646, -84.448 33.656), LINESTRING(-84.420 33.630, -84.430 33.640), LINESTRING(-84.415 33.625, -84.425 33.635, -84.435 33.645)",line
approach_paths_geom,"MULTILINESTRING((-84.428 33.636, -84.448 33.656), (-84.420 33.636, -84.440 33.656)), MULTILINESTRING((-84.420 33.630, -84.430 33.640), (-84.418 33.630, -84.428 33.640)), MULTILINESTRING((-84.415 33.625, -84.435 33.645), (-84.410 33.625, -84.430 33.645))",multi-line
fence_line,"LINESTRING(-118.243 34.052, -118.244 34.052, -118.245 34.052), LINESTRING(-118.250 34.060, -118.251 34.060), LINESTRING(-118.235 34.045, -118.236 34.045, -118.237 34.045)",line
fence_sections,"MULTILINESTRING((-118.243 34.052, -118.244 34.052), (-118.2445 34.052, -118.245 34.052)), MULTILINESTRING((-118.250 34.060, -118.2505 34.060), (-118.2508 34.060, -118.251 34.060)), MULTILINESTRING((-118.235 34.045, -118.236 34.045), (-118.2365 34.045, -118.237 34.045))",multi-line
boundary_line,"LINESTRING(-90.071 29.951, -90.071 29.961, -90.071 29.971), LINESTRING(-90.080 29.950, -90.080 29.960), LINESTRING(-90.065 29.945, -90.065 29.955, -90.065 29.965)",line
boundary_segments,"MULTILINESTRING((-90.071 29.951, -90.071 29.961), (-90.071 29.965, -90.071 29.971)), MULTILINESTRING((-90.080 29.950, -90.080 29.955), (-90.080 29.958, -90.080 29.960)), MULTILINESTRING((-90.065 29.945, -90.065 29.955), (-90.065 29.960, -90.065 29.965))",multi-line
contour_wkt,"LINESTRING(-117.161 32.715, -117.160 32.716, -117.159 32.715), LINESTRING(-117.170 32.720, -117.169 32.721), LINESTRING(-117.155 32.710, -117.154 32.711, -117.153 32.710)",line
contours_wkt,"MULTILINESTRING((-117.161 32.715, -117.160 32.716), (-117.160 32.716, -117.159 32.715)), MULTILINESTRING((-117.170 32.720, -117.1695 32.7205), (-117.1695 32.7205, -117.169 32.721)), MULTILINESTRING((-117.155 32.710, -117.154 32.711), (-117.154 32.711, -117.153 32.710))",multi-line
rail_geom,"LINESTRING(-71.058 42.360, -71.068 42.365, -71.078 42.370), LINESTRING(-71.050 42.355, -71.060 42.360), LINESTRING(-71.045 42.350, -71.055 42.355, -71.065 42.360)",line
railyard_tracks_geom,"MULTILINESTRING((-71.058 42.360, -71.078 42.370), (-71.0581 42.3601, -71.0781 42.3701), (-71.0582 42.3602, -71.0782 42.3702)), MULTILINESTRING((-71.050 42.355, -71.060 42.360), (-71.0501 42.3551, -71.0601 42.3601)), MULTILINESTRING((-71.045 42.350, -71.065 42.360), (-71.0451 42.3501, -71.0651 42.3601))",multi-line
curb,"LINESTRING(-77.036 38.907, -77.036 38.908, -77.037 38.908), LINESTRING(-77.040 38.910, -77.040 38.911), LINESTRING(-77.032 38.905, -77.032 38.906, -77.033 38.906)",line
curbs_multiline,"MULTILINESTRING((-77.036 38.907, -77.036 38.908), (-77.036 38.908, -77.037 38.908)), MULTILINESTRING((-77.040 38.910, -77.040 38.911), (-77.0401 38.911, -77.0401 38.9111)), MULTILINESTRING((-77.032 38.905, -77.032 38.906), (-77.032 38.906, -77.033 38.906))",multi-line
pipeline_wkt,"LINESTRING(-97.743 30.267, -97.753 30.267, -97.763 30.267), LINESTRING(-97.740 30.270, -97.750 30.270), LINESTRING(-97.735 30.265, -97.745 30.265, -97.755 30.265)",line
pipeline_network_wkt,"MULTILINESTRING((-97.743 30.267, -97.763 30.267), (-97.753 30.262, -97.753 30.272)), MULTILINESTRING((-97.740 30.270, -97.750 30.270), (-97.745 30.265, -97.745 30.275)), MULTILINESTRING((-97.735 30.265, -97.755 30.265), (-97.745 30.260, -97.745 30.270))",multi-line
sewer_main_line,"LINESTRING(-122.332 47.606, -122.333 47.606, -122.334 47.606), LINESTRING(-122.340 47.610, -122.341 47.610), LINESTRING(-122.325 47.600, -122.326 47.600, -122.327 47.600)",line
sewer_laterals_multiline,"MULTILINESTRING((-122.332 47.606, -122.334 47.606), (-122.333 47.606, -122.333 47.605)), MULTILINESTRING((-122.340 47.610, -122.341 47.610), (-122.3405 47.610, -122.3405 47.609)), MULTILINESTRING((-122.325 47.600, -122.327 47.600), (-122.326 47.600, -122.326 47.599))",multi-line
lane_marking,"LINESTRING(-86.158 39.768, -86.158 39.778, -86.158 39.788), LINESTRING(-86.160 39.770, -86.160 39.780), LINESTRING(-86.155 39.765, -86.155 39.775, -86.155 39.785)",line
lane_markings_geom,"MULTILINESTRING((-86.1581 39.768, -86.1581 39.788), (-86.1579 39.768, -86.1579 39.788)), MULTILINESTRING((-86.1601 39.770, -86.1601 39.780), (-86.1599 39.770, -86.1599 39.780)), MULTILINESTRING((-86.1551 39.765, -86.1551 39.785), (-86.1549 39.765, -86.1549 39.785))",multi-line
bus_route_geom,"LINESTRING(-75.165 39.952, -75.160 39.955, -75.155 39.958), LINESTRING(-75.170 39.950, -75.165 39.953), LINESTRING(-75.162 39.948, -75.157 39.951, -75.152 39.954)",line
bus_route_variants_geom,"MULTILINESTRING((-75.165 39.952, -75.160 39.955), (-75.160 39.955, -75.155 39.958)), MULTILINESTRING((-75.170 39.950, -75.165 39.953), (-75.170 39.950, -75.166 39.949)), MULTILINESTRING((-75.162 39.948, -75.157 39.951), (-75.157 39.951, -75.152 39.954))",multi-line
canal_line,"LINESTRING(-81.379 28.538, -81.389 28.538, -81.399 28.538), LINESTRING(-81.370 28.540, -81.380 28.540), LINESTRING(-81.365 28.535, -81.375 28.535, -81.385 28.535)",line
canal_system_lines,"MULTILINESTRING((-81.379 28.538, -81.385 28.538), (-81.386 28.538, -81.399 28.538)), MULTILINESTRING((-81.370 28.540, -81.375 28.540), (-81.376 28.540, -81.380 28.540)), MULTILINESTRING((-81.365 28.535, -81.375 28.535), (-81.375 28.5351, -81.385 28.5351))",multi-line
isochrone,"LINESTRING(-74.0 40.7, -74.01 40.71, -74.0 40.72, -73.99 40.71, -74.0 40.7), LINESTRING(-87.6 41.8, -87.61 41.81, -87.6 41.82, -87.59 41.81, -87.6 41.8), LINESTRING(-122.4 37.7, -122.41 37.71, -122.4 37.72, -122.39 37.71, -122.4 37.7)",line
isochrones,"MULTILINESTRING((-74.0 40.7, -74.01 40.71, -74.0 40.72), (-73.99 40.73, -73.98 40.72, -73.99 40.71)), MULTILINESTRING((-87.6 41.8, -87.61 41.81), (-87.6 41.82, -87.59 41.81)), MULTILINESTRING((-122.4 37.7, -122.41 37.71, -122.4 37.72), (-122.39 37.71, -122.4 37.7))",multi-line
fault_line_geom,"LINESTRING(-119.813 34.420, -119.803 34.430, -119.793 34.440), LINESTRING(-119.820 34.410, -119.810 34.420), LINESTRING(-119.805 34.425, -119.795 34.435, -119.785 34.445)",line
fault_system_geom,"MULTILINESTRING((-119.813 34.420, -119.803 34.430), (-119.800 34.432, -119.790 34.442)), MULTILINESTRING((-119.820 34.410, -119.810 34.420), (-119.815 34.415, -119.805 34.425)), MULTILINESTRING((-119.805 34.425, -119.795 34.435), (-119.795 34.435, -119.785 34.445))",multi-line
shoreline_wkt,"LINESTRING(-80.130 25.790, -80.131 25.791, -80.130 25.792), LINESTRING(-80.125 25.785, -80.126 25.786), LINESTRING(-80.135 25.795, -80.136 25.796, -80.135 25.797)",line
shoreline_segments_wkt,"MULTILINESTRING((-80.130 25.790, -80.131 25.791), (-80.1305 25.7915, -80.130 25.792)), MULTILINESTRING((-80.125 25.785, -80.1255 25.7855), (-80.1258 25.7858, -80.126 25.786)), MULTILINESTRING((-80.135 25.795, -80.136 25.796), (-80.1355 25.7965, -80.135 25.797))",multi-line
road_centerline_geom,"LINESTRING(-97.742 30.267, -97.742 30.268, -97.743 30.269), LINESTRING(-97.743 30.269, -97.744 30.270), LINESTRING(-97.744 30.270, -97.744 30.271, -97.745 30.272)",line
road_classification_code,"A31, C52, L10",non_spatial
wkt_geometry,"LINESTRING(-122.332 47.606, -122.332 47.610, -122.320 47.610), LINESTRING(-122.479 37.774, -122.470 37.775), LINESTRING(-122.419 37.774, -122.419 37.779)",line
asset_uuid,"a8a2b1e9-4b17-4a0e-8f2b-7e6e5c9f8d1a, b9c3d2f0-5c28-4b1f-9g3c-8f7f6d0g9e2b, c0d4e3g1-6d39-4c2g-0h4d-9g8g7e1h0f3c",non_spatial
stream_path,"LINESTRING(-83.045 42.331, -83.050 42.340, -83.050 42.350), LINESTRING(-83.050 42.350, -83.055 42.355), LINESTRING(-83.055 42.355, -83.060 42.358)",line
stream_order,"1, 2, 3",non_spatial
sewer_main,"LINESTRING(-73.985 40.758, -73.990 40.758, -73.990 40.760), LINESTRING(-73.990 40.760, -73.995 40.761), LINESTRING(-73.995 40.761, -73.995 40.765)",line
sewer_material,"Vitrified Clay Pipe, Ductile Iron, Reinforced Concrete Pipe",non_spatial
flight_track_wkt,"LINESTRING(-118.243 34.052, -118.200 34.080, -118.150 34.110), LINESTRING(-118.150 34.110, -118.100 34.140), LINESTRING(-118.100 34.140, -118.050 34.170)",line
flight_callsign,"AAL215, UAL1849, SWA332",non_spatial
SHAPE,"LINESTRING(-87.629 41.878, -87.635 41.880), LINESTRING(-87.635 41.880, -87.640 41.882), LINESTRING(-87.640 41.882, -87.645 41.884)",line
SHAPE_ID,"LN-0045-A, LN-0045-B, LN-0046-A",non_spatial
bike_route,"LINESTRING(-71.058 42.360, -71.060 42.360, -71.060 42.370), LINESTRING(-71.060 42.370, -71.065 42.375), LINESTRING(-71.065 42.375, -71.070 42.380)",line
bike_route_name,"Charles River Path, Southwest Corridor Greenway, Emerald Necklace Trail",non_spatial
boundary_line,"LINESTRING(-95.363 29.760, -95.363 29.800), LINESTRING(-95.363 29.800, -95.400 29.800), LINESTRING(-95.400 29.800, -95.400 29.760)",line
the_geom,"LINESTRING(-75.165 39.952, -75.170 39.952), LINESTRING(-75.170 39.952, -75.170 39.950), LINESTRING(-75.170 39.950, -75.165 39.950)",line
record_status,"ACTIVE, INACTIVE, PENDING_REVIEW",non_spatial
cable_run_geom,"LINESTRING(-121.886 37.335, -121.886 37.340, -121.890 37.340), LINESTRING(-121.890 37.340, -121.895 37.342), LINESTRING(-121.895 37.342, -121.900 37.345)",line
cable_spec,"288-strand SMF-28, 12-pair Cat6a UTP, RG-59 Coaxial 75 Ohm",non_spatial
GEOM_WKT,"LINESTRING(-84.388 33.748, -84.390 33.750, -84.400 33.760), LINESTRING(-84.400 33.760, -84.410 33.765), LINESTRING(-84.410 33.765, -84.420 33.770)",line
PROJ_ID,"ATL-BRT-001, ATL-LRT-005B, ATL-HWY-285-IMP",non_spatial
trail_centerline,"LINESTRING(-104.990 39.739, -104.990 39.742), LINESTRING(-104.990 39.742, -104.988 39.745), LINESTRING(-104.988 39.745, -104.986 39.748)",line
trail_difficulty_rating,"Easy, Moderate, Strenuous",non_spatial
fault_line_trace,"LINESTRING(-117.80 33.70, -117.90 33.80, -118.00 33.90), LINESTRING(-118.00 33.90, -118.10 34.00), LINESTRING(-118.10 34.00, -118.20 34.10)",line
fault_system_name,"San Andreas, Hayward, Newport-Inglewood",non_spatial
street_seg_geom,"LINESTRING(-90.071 29.950, -90.080 29.950), LINESTRING(-90.080 29.950, -90.080 29.955), LINESTRING(-90.080 29.955, -90.071 29.955)",line
street_seg_id,"10023451, 10023452, 10023453",non_spatial
rail_line_geom,"LINESTRING(-76.612 39.290, -76.620 39.300, -76.620 39.310), LINESTRING(-76.620 39.310, -76.625 39.315), LINESTRING(-76.625 39.315, -76.630 39.320)",line
rail_line_owner,"CSX Transportation, Amtrak, Norfolk Southern Railway",non_spatial
contour_100ft,"LINESTRING(-122.419 37.774, -122.425 37.774, -122.425 37.780), LINESTRING(-122.425 37.780, -122.430 37.782), LINESTRING(-122.430 37.782, -122.435 37.785)",line
contour_elevation,"100, 200, 300",non_spatial
pipeline.wkt,"LINESTRING(-93.265 44.977, -93.270 44.977, -93.270 44.980), LINESTRING(-93.270 44.980, -93.275 44.982), LINESTRING(-93.275 44.982, -93.280 44.985)",line
pipeline.inspection_log,"PIG run 2022-04-15, no anomalies, Cathodic protection reading OK 2023-01-10, ROW visual inspection 2023-03-02",non_spatial
river_geom,"LINESTRING(-86.158 39.766, -86.158 39.770, -86.160 39.780), LINESTRING(-86.160 39.780, -86.162 39.785), LINESTRING(-86.162 39.785, -86.165 39.790)",line
river_gauge_id,"USGS-03353500, USGS-03354000, USGS-03361500",non_spatial
power_line_route,"LINESTRING(-111.891 40.760, -111.900 40.760, -111.900 40.770), LINESTRING(-111.900 40.770, -111.905 40.775), LINESTRING(-111.905 40.775, -111.910 40.780)",line
power_line_voltage,"115kV, 230kV, 345kV",non_spatial
WKT,"LINESTRING(-80.191 25.761, -80.200 25.770), LINESTRING(-80.200 25.770, -80.210 25.775), LINESTRING(-80.210 25.775, -80.220 25.780)",line
DATA_SOURCE_AGENCY,"Miami-Dade County GIS, Florida DOT, Federal Highway Administration",non_spatial
longitude,"-97.7431, -104.9903, -82.4572",longitude
acct_balance,"-1204.33, -89.10, -5432.00",non_spatial
facility_lon,"-78.6382, -80.8431, -75.1652",longitude
signal_strength_dbm,"-85, -92, -78",non_spatial
START_LON,"-118.2437, -122.3321, -117.1611",longitude
TEMP_CHANGE_C,"-2.1, -0.5, -1.4",non_spatial
lng,"-87.6298, -90.0715, -95.3698",longitude
z_score,"-1.96, -0.89, -2.58",non_spatial
centroid_longitude,"-73.9851, -74.0060, -73.9352",longitude
fiscal_year_adjustment,"-15000, -2500, -800",non_spatial
site_longitude_dd,"-121.4944, -119.7871, -122.6750",longitude
measurement_error,"-0.015, -0.203, -1.004",non_spatial
tower_lon,"-96.7970, -97.3308, -95.9928",longitude
transaction_id,"-967970, -973308, -959928",non_spatial
LONG,"-86.7816, -83.0458, -84.5120",longitude
relative_value_unit,"-1.12, -0.45, -2.89",non_spatial
pickup_longitude,"-71.0589, -72.6909, -71.7981",longitude
delay_in_minutes,"-5, -12, -2",non_spatial
lon_wgs84,"-112.0740, -111.6585, -110.9265",longitude
record_key,"-1120740, -1116585, -1109265",non_spatial
asset_lon,"-90.1994, -92.2896, -94.5783",longitude
net_profit_margin,"-0.08, -0.15, -0.02",non_spatial
longitude_of_event,"-81.6557, -81.3792, -82.4572",longitude
voltage_offset,"-0.5, -1.2, -0.8",non_spatial
end_lng,"-106.6504, -105.9378, -106.4454",longitude
inventory_change,"-106, -650, -4",non_spatial
installation_lon,"-76.6122, -77.0369, -76.8867",longitude
sequence_num,"-766122, -770369, -768867",non_spatial
LONGITUDE_DD,"-88.2434, -89.3845, -87.9065",longitude
price_variance,"-8.24, -9.38, -7.90",non_spatial
sample_collection_longitude,"-122.4194, -122.0840, -121.8863",longitude
ph_level_change,"-0.41, -1.08, -0.88",non_spatial
st_lon,"-98.4936, -101.8313, -99.7932",longitude
customer_id,"-984936, -1018313, -997932",non_spatial
lng_coord,"-79.9959, -78.8787, -81.2332",longitude
percent_change,"-7.99, -8.87, -1.23",non_spatial
incident_lon,"-93.2650, -93.0949, -92.1746",longitude
score_delta,"-9.26, -3.09, -2.17",non_spatial
lon,"-115.1398, -115.8113, -116.5453",longitude
internal_code,"-11513, -11581, -11654",non_spatial
wkt_multiline_geom,"MULTILINESTRING((-87.6298 41.8781, -87.6315 41.8781),(-87.6298 41.8795, -87.6315 41.8795)), MULTILINESTRING((-87.6500 41.8819, -87.6520 41.8819)), MULTILINESTRING((-87.6400 41.8900, -87.6400 41.8925),(-87.6410 41.8900, -87.6410 41.8925))",multi-line
task_dependencies,"((task_a, task_b),(task_c, task_d)), ((task_e, task_f)), ((task_g, task_h),(task_i, task_j),(task_k, task_l))",non_spatial
river_network_shape,"MULTILINESTRING((-90.0715 29.9511, -90.0800 29.9600),(-90.0810 29.9610, -90.0850 29.9650)), MULTILINESTRING((-91.2351 38.6270, -91.2400 38.6300)), MULTILINESTRING((-93.2650 44.9778, -93.2700 44.9800))",multi-line
component_assembly,"assembly((part_x-01, part_y-02),(part_z-03, part_a-04)), assembly((part_b-05, part_c-06)), assembly((part_d-07, part_e-08))",non_spatial
the_geom,"MULTILINESTRING((-112.0740 33.4484, -112.0740 33.4584)), MULTILINESTRING((-112.0840 33.4500, -112.0940 33.4500),(-112.0840 33.4510, -112.0940 33.4510)), MULTILINESTRING((-112.0640 33.4400, -112.0640 33.4500))",multi-line
audit_trail,"((user:admin, action:login, ts:1672531200),(user:admin, action:read, ts:1672531260)), ((user:guest, action:login, ts:1672531300)), ((user:editor, action:write, ts:1672531400),(user:editor, action:logout, ts:1672531500))",non_spatial
street_centerlines_wkt,"MULTILINESTRING((-122.3321 47.6062, -122.3351 47.6062)), MULTILINESTRING((-122.3421 47.6082, -122.3421 47.6102),(-122.3431 47.6082, -122.3431 47.6102)), MULTILINESTRING((-122.3300 47.6150, -122.3300 47.6250))",multi-line
revision_history,"((v1.0, 2022-01-15, 'Initial release'),(v1.1, 2022-03-20, 'Bug fixes')), ((v2.0, 2023-01-10, 'Major feature update')), ((v2.0.1, 2023-01-15, 'Hotfix for API issue'))",non_spatial
GEOM_MULTILINE,"MULTILINESTRING((-104.9903 39.7392, -104.9903 39.7492)), MULTILINESTRING((-104.9848 39.7392, -104.9848 39.7492),(-104.9858 39.7392, -104.9858 39.7492)), MULTILINESTRING((-104.9913 39.7500, -104.9953 39.7520))",multi-line
ACCESS_ROLES,"((group:admins, role:superuser),(group:editors, role:contributor)), ((group:viewers, role:readonly)), ((group:auditors, role:readonly),(group:support, role:contributor))",non_spatial
bike_routes,"MULTILINESTRING((-122.6765 45.5231, -122.6785 45.5241),(-122.6785 45.5241, -122.6805 45.5251)), MULTILINESTRING((-122.6500 45.5200, -122.6500 45.5300)), MULTILINESTRING((-122.6600 45.5100, -122.6700 45.5100))",multi-line
ingredient_list,"((flour, 2 cups),(sugar, 1 cup),(eggs, 2)), ((milk, 1 liter)), ((salt, 1 tsp),(pepper, 1 tsp),(olive oil, 2 tbsp))",non_spatial
wkt_representation,"MULTILINESTRING((-71.0589 42.3601, -71.0689 42.3601)), MULTILINESTRING((-71.0589 42.3611, -71.0689 42.3611)), MULTILINESTRING((-71.0599 42.3581, -71.0599 42.3621),(-71.0609 42.3581, -71.0609 42.3621))",multi-line
configuration_settings,"((timeout:30, retries:3, mode:async)), ((timeout:60, retries:5, mode:sync)), ((cache:enabled, size:1024, policy:lru))",non_spatial
stream_network_geom,"MULTILINESTRING((-77.8600 40.7934, -77.8650 40.7954),(-77.8650 40.7954, -77.8700 40.7984)), MULTILINESTRING((-78.0000 40.5000, -78.0100 40.5010)), MULTILINESTRING((-77.5000 40.2732, -77.5000 40.2832))",multi-line
alert_rules,"((metric:cpu, op:gt, val:90),(metric:mem, op:gt, val:85)), ((metric:disk, op:gt, val:95)), ((metric:latency, op:gt, val:500, window:5m))",non_spatial
shape_wkt,"MULTILINESTRING((-80.1918 25.7617, -80.2018 25.7617),(-80.2118 25.7617, -80.2218 25.7617)), MULTILINESTRING((-80.1918 25.7717, -80.1918 25.7817)), MULTILINESTRING((-80.2500 25.7900, -80.2550 25.7950))",multi-line
product_variants,"((color:red, size:L, material:cotton)), ((color:blue, size:M, material:polyester)), ((color:black, size:XL, material:cotton),(option:logo, value:true))",non_spatial
rail_lines_ml,"MULTILINESTRING((-84.3880 33.7490, -84.4880 33.7490)), MULTILINESTRING((-84.3880 33.7590, -84.4880 33.7590)), MULTILINESTRING((-84.3980 33.7400, -84.3980 33.7600),(-84.4080 33.7400, -84.4080 33.7600))",multi-line
event_payload,"{""event_id"": ""evt_123"", ""data"": {""key"": ""val1""}}, {""event_id"": ""evt_124"", ""data"": {""key"": ""val2"", ""source"": ""api""}}, {""event_id"": ""evt_125"", ""data"": {""key"": ""val3"", ""user"": ""usr_abc""}}",non_spatial
hwy_segments,"MULTILINESTRING((-121.4944 38.5816, -121.5000 38.6000),(-121.5000 38.6000, -121.5050 38.6200)), MULTILINESTRING((-118.2437 34.0522, -118.3000 34.1000)), MULTILINESTRING((-117.1611 32.7157, -117.1611 32.8157))",multi-line
user_preferences,"{""theme"": ""dark"", ""notifications"": {""email"": true, ""sms"": false}}, {""theme"": ""light"", ""notifications"": {""email"": true, ""sms"": true}}, {""language"": ""en-US"", ""timezone"": ""America/Los_Angeles""}",non_spatial
multilinestring_geom,"MULTILINESTRING((-96.8089 32.7792, -96.8089 32.7892),(-96.8079 32.7792, -96.8079 32.7892)), MULTILINESTRING((-95.3698 29.7604, -95.3798 29.7604)), MULTILINESTRING((-98.4936 29.4241, -98.5036 29.4251))",multi-line
transaction_details,"tx_id=abc; amount=100.00; currency=USD; items=(1,2), tx_id=def; amount=50.50; currency=USD; items=(3), tx_id=ghi; amount=25.00; currency=USD; items=(4,5,6)",non_spatial
geom_wkt,"MULTILINESTRING((-77.0369 38.9072, -77.0469 38.9072)), MULTILINESTRING((-77.0369 38.8977, -77.0269 38.8977)), MULTILINESTRING((-77.0369 38.9072, -77.0369 38.8872),(-77.0469 38.9072, -77.0469 38.8872))",multi-line
item_attributes,"<attrs><color>blue</color><size>M</size></attrs>, <attrs><material>cotton</material><weight>200g</weight></attrs>, <attrs><color>red</color><size>L</size><style>V-Neck</style></attrs>",non_spatial
water_mains,"MULTILINESTRING((-97.7431 30.2672, -97.7431 30.3672)), MULTILINESTRING((-97.7531 30.2672, -97.7531 30.3672)), MULTILINESTRING((-97.7431 30.2672, -97.7531 30.2672),(-97.7431 30.2772, -97.7531 30.2772))",multi-line
validation_rules,"((field:email, rule:required, format:email),(field:age, rule:min, value:18)), ((field:password, rule:min_length, value:8)), ((field:username, rule:required, rule:alphanumeric))",non_spatial
fiber_optic_lines_wkt,"MULTILINESTRING((-122.4194 37.7749, -122.4294 37.7749)), MULTILINESTRING((-122.4194 37.7749, -122.4194 37.7849),(-122.4294 37.7749, -122.4294 37.7849)), MULTILINESTRING((-122.4080 37.7831, -122.4180 37.7831))",multi-line
permission_set,"((module:billing, access:read_write),(module:users, access:read)), ((module:reports, access:read)), ((module:*, access:admin))",non_spatial
WKT,"MULTILINESTRING((-75.1652 39.9526, -75.1752 39.9526)), MULTILINESTRING((-75.1652 39.9526, -75.1652 39.9626)), MULTILINESTRING((-75.1600 39.9500, -75.1600 39.9600),(-75.1700 39.9500, -75.1700 39.9600))",multi-line
tags,"[('source','api'),('version','v2')], [('customer','enterprise'),('region','us-east')], [('status','processed'),('priority','high')]",non_spatial
trail_segments_geom,"MULTILINESTRING((-119.5383 37.8651, -119.5483 37.8651),(-119.5483 37.8651, -119.5583 37.8681)), MULTILINESTRING((-119.6000 37.8700, -119.6000 37.8800)), MULTILINESTRING((-119.5000 37.8500, -119.5100 37.8510))",multi-line
related_docs,"((type:invoice, id:INV-123),(type:order, id:ORD-456)), ((type:report, id:REP-789)), ((type:ticket, id:TKT-101),(type:comment, id:CMT-102))",non_spatial
SHAPE,"MULTILINESTRING((-115.1728 36.1146, -115.1828 36.1146)), MULTILINESTRING((-115.1728 36.1146, -115.1728 36.1246),(-115.1828 36.1146, -115.1828 36.1246)), MULTILINESTRING((-115.1500 36.1000, -115.1600 36.1050))",multi-line
METADATA,"{""source"": ""sensor-A"", ""timestamp"": ""2023-10-27T10:00:00Z"", ""quality"": 0.95}, {""source"": ""sensor-B"", ""timestamp"": ""2023-10-27T10:00:01Z"", ""quality"": 0.92}, {""source"": ""sensor-A"", ""timestamp"": ""2023-10-27T10:00:02Z"", ""quality"": 0.96, ""flags"": [""recalibrated""]}",non_spatial
geom_multilinestring,"MULTILINESTRING((-98.4936 29.4241, -98.5036 29.4241)), MULTILINESTRING((-98.4936 29.4241, -98.4936 29.4341)), MULTILINESTRING((-98.4836 29.4200, -98.4936 29.4210),(-98.4936 29.4210, -98.5036 29.4220))",multi-line
contact_points,"((type:email, value:a@b.com),(type:phone, value:555-1234)), ((type:phone, value:555-5678)), ((type:email, value:c@d.com),(type:fax, value:555-9012))",non_spatial
gis_object,"MULTILINESTRING((-81.3792 28.5383, -81.3892 28.5383)), MULTILINESTRING((-81.3792 28.5483, -81.3892 28.5483)), MULTILINESTRING((-81.3792 28.5383, -81.3792 28.5483),(-81.3892 28.5383, -81.3892 28.5483))",multi-line
change_log,"((author:jdoe, date:2023-01-01, change:""Initial commit"")), ((author:asmith, date:2023-02-15, change:""Updated schema""), (author:asmith, date:2023-02-16, change:""Fixed typo"")), ((author:jdoe, date:2023-03-10, change:""Refactored code""))",non_spatial
parcel_geom,"MULTIPOLYGON (((-74.00 40.70, -74.01 40.70, -74.01 40.71, -74.00 40.71, -74.00 40.70)), ((-73.99 40.72, -73.98 40.72, -73.98 40.73, -73.99 40.73, -73.99 40.72))), MULTIPOLYGON (((-74.02 40.75, -74.03 40.75, -74.03 40.76, -74.02 40.76, -74.02 40.75)), ((-74.00 40.78, -73.99 40.78, -73.99 40.79, -74.00 40.79, -74.00 40.78))), MULTIPOLYGON (((-73.95 40.65, -73.96 40.65, -73.96 40.66, -73.95 40.66, -73.95 40.65)), ((-73.94 40.67, -73.93 40.67, -73.93 40.68, -73.94 40.68, -73.94 40.67)))",multi-polygon
item_attributes,"ATTRIBUTES (CATEGORY(code=101, name='electronics'), SPECS(power='120V', weight='5kg')), ATTRIBUTES (CATEGORY(code=205, name='apparel'), SPECS(material='cotton', size='M')), ATTRIBUTES (CATEGORY(code=310, name='books'), SPECS(format='hardcover', pages=320))",non_spatial
footprintWKT,"MULTIPOLYGON (((-118.25 34.05, -118.26 34.05, -118.26 34.06, -118.25 34.06, -118.25 34.05)), ((-118.20 34.00, -118.21 34.00, -118.21 34.01, -118.20 34.01, -118.20 34.00))), MULTIPOLYGON (((-118.30 34.10, -118.31 34.10, -118.31 34.11, -118.30 34.11, -118.30 34.10)), ((-118.35 34.15, -118.36 34.15, -118.36 34.16, -118.35 34.16, -118.35 34.15))), MULTIPOLYGON (((-118.40 33.95, -118.41 33.95, -118.41 33.96, -118.40 33.96, -118.40 33.95)), ((-118.45 33.90, -118.46 33.90, -118.46 33.91, -118.45 33.91, -118.45 33.90)))",multi-polygon
system_config,"CONFIG (MODULE(name='auth', version='2.1'), SETTINGS(timeout=30, retries=3)), CONFIG (MODULE(name='logging', level='INFO'), SETTINGS(file='/var/log/app.log')), CONFIG (MODULE(name='database', driver='pgsql'), SETTINGS(host='db.internal', port=5432))",non_spatial
zone_boundaries,"MULTIPOLYGON (((-87.62 41.88, -87.63 41.88, -87.63 41.89, -87.62 41.89, -87.62 41.88)), ((-87.65 41.85, -87.66 41.85, -87.66 41.86, -87.65 41.86, -87.65 41.85))), MULTIPOLYGON (((-87.70 41.90, -87.71 41.90, -87.71 41.91, -87.70 41.91, -87.70 41.90)), ((-87.75 41.95, -87.76 41.95, -87.76 41.96, -87.75 41.96, -87.75 41.95))), MULTIPOLYGON (((-87.80 41.78, -87.81 41.78, -87.81 41.79, -87.80 41.79, -87.80 41.78)), ((-87.85 41.75, -87.86 41.75, -87.86 41.76, -87.85 41.76, -87.85 41.75)))",multi-polygon
access_control_list,"ACL (PERMIT(user='jdoe', actions='read,write'), DENY(group='guests', actions='write')), ACL (PERMIT(role='admin', actions='all')), ACL (DENY(ip_range='192.168.1.0/24', actions='all'), PERMIT(user='auditor', actions='read'))",non_spatial
shape,"MULTIPOLYGON (((-122.40 37.78, -122.41 37.78, -122.41 37.79, -122.40 37.79, -122.40 37.78)), ((-122.42 37.76, -122.43 37.76, -122.43 37.77, -122.42 37.77, -122.42 37.76))), MULTIPOLYGON (((-122.45 37.80, -122.46 37.80, -122.46 37.81, -122.45 37.81, -122.45 37.80)), ((-122.48 37.75, -122.49 37.75, -122.49 37.76, -122.48 37.76, -122.48 37.75))), MULTIPOLYGON (((-122.39 37.72, -122.38 37.72, -122.38 37.73, -122.39 37.73, -122.39 37.72)), ((-122.50 37.70, -122.51 37.70, -122.51 37.71, -122.50 37.71, -122.50 37.70)))",multi-polygon
validation_rule,"RULE (FIELD(name='email'), CHECK(format='email'), CHECK(maxLength=255)), RULE (FIELD(name='age'), CHECK(type='integer'), CHECK(min=18, max=120)), RULE (FIELD(name='status'), CHECK(type='string'), CHECK(enum=['active', 'inactive', 'pending']))",non_spatial
multipolygon_wkt,"MULTIPOLYGON (((-95.36 29.76, -95.37 29.76, -95.37 29.77, -95.36 29.77, -95.36 29.76)), ((-95.40 29.70, -95.41 29.70, -95.41 29.71, -95.40 29.71, -95.40 29.70))), MULTIPOLYGON (((-95.50 29.80, -95.51 29.80, -95.51 29.81, -95.50 29.81, -95.50 29.80)), ((-95.60 29.65, -95.61 29.65, -95.61 29.66, -95.60 29.66, -95.60 29.65))), MULTIPOLYGON (((-95.25 29.90, -95.26 29.90, -95.26 29.91, -95.25 29.91, -95.25 29.90)), ((-95.30 29.85, -95.31 29.85, -95.31 29.86, -95.30 29.86, -95.30 29.85)))",multi-polygon
task_definition,"TASK (ID='abc-123', STEPS(action='fetch', params='url1'), STEPS(action='parse', params='xpath1')), TASK (ID='def-456', STEPS(action='query', params='db1'), STEPS(action='transform', params='script1')), TASK (ID='ghi-789', STEPS(action='aggregate', params='key1'), STEPS(action='load', params='table1'))",non_spatial
the_geom,"MULTIPOLYGON (((-71.06 42.36, -71.07 42.36, -71.07 42.37, -71.06 42.37, -71.06 42.36)), ((-71.10 42.30, -71.11 42.30, -71.11 42.31, -71.10 42.31, -71.10 42.30))), MULTIPOLYGON (((-71.05 42.40, -71.04 42.40, -71.04 42.41, -71.05 42.41, -71.05 42.40)), ((-71.15 42.25, -71.16 42.25, -71.16 42.26, -71.15 42.26, -71.15 42.25))), MULTIPOLYGON (((-70.95 42.35, -70.96 42.35, -70.96 42.36, -70.95 42.36, -70.95 42.35)), ((-71.00 42.20, -71.01 42.20, -71.01 42.21, -71.00 42.21, -71.00 42.20)))",multi-polygon
structured_log_entry,"LOG (TIMESTAMP(1672531200), EVENT('user_login', id='user1'), METADATA(ip='192.168.1.10', success=true)), LOG (TIMESTAMP(1672531260), EVENT('file_access', path='/data/file.txt'), METADATA(user='user2', read=true)), LOG (TIMESTAMP(1672531320), EVENT('db_query', query_hash='a1b2c3d4'), METADATA(duration_ms=55, rows=10))",non_spatial
building_footprints,"MULTIPOLYGON (((-77.03 38.90, -77.04 38.90, -77.04 38.91, -77.03 38.91, -77.03 38.90)), ((-77.00 38.88, -77.01 38.88, -77.01 38.89, -77.00 38.89, -77.00 38.88))), MULTIPOLYGON (((-77.05 38.92, -77.06 38.92, -77.06 38.93, -77.05 38.93, -77.05 38.92)), ((-77.08 38.85, -77.09 38.85, -77.09 38.86, -77.08 38.86, -77.08 38.85))), MULTIPOLYGON (((-76.98 38.95, -76.99 38.95, -76.99 38.96, -76.98 38.96, -76.98 38.95)), ((-76.95 38.80, -76.96 38.80, -76.96 38.81, -76.95 38.81, -76.95 38.80)))",multi-polygon
component_spec,"SPECIFICATION (TYPE(resistor), VALUES(resistance='10kOhm', tolerance='5%'), PACKAGE(smd, size='0805')), SPECIFICATION (TYPE(capacitor), VALUES(capacitance='100nF', voltage='50V'), PACKAGE(through-hole)), SPECIFICATION (TYPE(microcontroller), VALUES(family='ARM-Cortex-M4', clock='120MHz'), PACKAGE(qfp, pins=64))",non_spatial
geom_wkt,"MULTIPOLYGON (((-84.38 33.74, -84.39 33.74, -84.39 33.75, -84.38 33.75, -84.38 33.74)), ((-84.40 33.70, -84.41 33.70, -84.41 33.71, -84.40 33.71, -84.40 33.70))), MULTIPOLYGON (((-84.30 33.80, -84.31 33.80, -84.31 33.81, -84.30 33.81, -84.30 33.80)), ((-84.50 33.65, -84.51 33.65, -84.51 33.66, -84.50 33.66, -84.50 33.65))), MULTIPOLYGON (((-84.20 33.90, -84.21 33.90, -84.21 33.91, -84.20 33.91, -84.20 33.90)), ((-84.60 33.55, -84.61 33.55, -84.61 33.56, -84.60 33.56, -84.60 33.55)))",multi-polygon
dependency_tree,"DEPENDENCIES (PACKAGE('A'), REQUIRES('B', 'C'), OPTIONAL('D')), DEPENDENCIES (PACKAGE('B'), REQUIRES('E')), DEPENDENCIES (PACKAGE('C'), REQUIRES('F', 'G'), OPTIONAL('H', 'I'))",non_spatial
service_areas,"MULTIPOLYGON (((-74.0 40.7, -74.1 40.7, -74.1 40.8, -74.0 40.8, -74.0 40.7)), ((-73.9 40.6, -73.8 40.6, -73.8 40.7, -73.9 40.7, -73.9 40.6))), MULTIPOLYGON (((-74.2 40.5, -74.3 40.5, -74.3 40.6, -74.2 40.6, -74.2 40.5)), ((-73.7 40.9, -73.6 40.9, -73.6 41.0, -73.7 41.0, -73.7 40.9))), MULTIPOLYGON (((-74.1 40.9, -74.0 40.9, -74.0 41.0, -74.1 41.0, -74.1 40.9)), ((-73.8 40.5, -73.9 40.5, -73.9 40.4, -73.8 40.4, -73.8 40.5)))",multi-polygon
land_parcels_mp,"MULTIPOLYGON (((-118.2 34.0, -118.3 34.0, -118.3 34.1, -118.2 34.1, -118.2 34.0)), ((-118.4 33.9, -118.5 33.9, -118.5 34.0, -118.4 34.0, -118.4 33.9))), MULTIPOLYGON (((-118.1 34.2, -118.0 34.2, -118.0 34.3, -118.1 34.3, -118.1 34.2)), ((-118.6 33.8, -118.7 33.8, -118.7 33.9, -118.6 33.9, -118.6 33.8))), MULTIPOLYGON (((-117.9 34.1, -117.8 34.1, -117.8 34.2, -117.9 34.2, -117.9 34.1)), ((-118.8 33.7, -118.9 33.7, -118.9 33.8, -118.8 33.8, -118.8 33.7)))",multi-polygon
product_hierarchy_str,"HIERARCHY (LEVEL1('Electronics'), LEVEL2('Audio'), LEVEL3('Headphones')), HIERARCHY (LEVEL1('Home Goods'), LEVEL2('Kitchen'), LEVEL3('Cookware', 'Utensils')), HIERARCHY (LEVEL1('Clothing'), LEVEL2('Mens'), LEVEL3('Shirts'))",non_spatial
district_boundary,"MULTIPOLYGON (((-87.6 41.8, -87.7 41.8, -87.7 41.9, -87.6 41.9, -87.6 41.8)), ((-87.8 41.7, -87.9 41.7, -87.9 41.8, -87.8 41.8, -87.8 41.7))), MULTIPOLYGON (((-87.5 42.0, -87.4 42.0, -87.4 42.1, -87.5 42.1, -87.5 42.0)), ((-88.0 41.6, -88.1 41.6, -88.1 41.7, -88.0 41.7, -88.0 41.6))), MULTIPOLYGON (((-87.7 41.9, -87.6 41.9, -87.6 42.0, -87.7 42.0, -87.7 41.9)), ((-87.9 41.6, -87.8 41.6, -87.8 41.5, -87.9 41.5, -87.9 41.6)))",multi-polygon
experiment_params,"PARAMS (GROUP('A'), VARS(rate=0.1, size=100), CONTROL(rate=0.0, size=100)), PARAMS (GROUP('B'), VARS(feature_flag='new_ui', enabled=true)), PARAMS (GROUP('C'), VARS(algorithm='algo_x', version='1.2'), VARS(algorithm='algo_y', version='2.0'))",non_spatial
Geom,"MULTIPOLYGON (((-122.4 37.7, -122.5 37.7, -122.5 37.8, -122.4 37.8, -122.4 37.7)), ((-122.3 37.6, -122.2 37.6, -122.2 37.7, -122.3 37.7, -122.3 37.6))), MULTIPOLYGON (((-122.5 37.9, -122.6 37.9, -122.6 38.0, -122.5 38.0, -122.5 37.9)), ((-122.1 37.5, -122.0 37.5, -122.0 37.6, -122.1 37.6, -122.1 37.5))), MULTIPOLYGON (((-122.2 37.8, -122.3 37.8, -122.3 37.9, -122.2 37.9, -122.2 37.8)), ((-122.6 37.6, -122.7 37.6, -122.7 37.7, -122.6 37.7, -122.6 37.6)))",multi-polygon
Test_Case,"CASE (ID(TC-101), SETUP(user='test', data='sample.csv'), ACTION(click='submit'), EXPECT(status=200)), CASE (ID(TC-102), SETUP(user='admin'), ACTION(navigate='/admin'), EXPECT(element='#dashboard')), CASE (ID(TC-103), INPUT(form_field='invalid-email'), ACTION(submit), EXPECT(error_msg='Invalid format'))",non_spatial
wkt_representation,"MULTIPOLYGON (((-95.3 29.7, -95.4 29.7, -95.4 29.8, -95.3 29.8, -95.3 29.7)), ((-95.5 29.6, -95.6 29.6, -95.6 29.7, -95.5 29.7, -95.5 29.6))), MULTIPOLYGON (((-95.2 29.9, -95.1 29.9, -95.1 30.0, -95.2 30.0, -95.2 29.9)), ((-95.7 29.5, -95.8 29.5, -95.8 29.6, -95.7 29.6, -95.7 29.5))), MULTIPOLYGON (((-95.4 29.8, -95.3 29.8, -95.3 29.9, -95.4 29.9, -95.4 29.8)), ((-95.6 29.5, -95.5 29.5, -95.5 29.4, -95.6 29.4, -95.6 29.5)))",multi-polygon
data_pipeline_spec,"PIPELINE (SOURCE(type='s3', bucket='b1'), TRANSFORM(type='spark', script='s1.py'), SINK(type='redshift', table='t1')), PIPELINE (SOURCE(type='kafka', topic='t2'), SINK(type='druid', datasource='d1')), PIPELINE (SOURCE(type='api', url='u1'), TRANSFORM(type='lambda', function='f1'), SINK(type='s3', bucket='b2'))",non_spatial
region_mp,"MULTIPOLYGON (((-71.0 42.3, -71.1 42.3, -71.1 42.4, -71.0 42.4, -71.0 42.3)), ((-71.2 42.2, -71.3 42.2, -71.3 42.3, -71.2 42.3, -71.2 42.2))), MULTIPOLYGON (((-70.9 42.5, -70.8 42.5, -70.8 42.6, -70.9 42.6, -70.9 42.5)), ((-71.4 42.1, -71.5 42.1, -71.5 42.2, -71.4 42.2, -71.4 42.1))), MULTIPOLYGON (((-71.1 42.4, -71.0 42.4, -71.0 42.5, -71.1 42.5, -71.1 42.4)), ((-71.3 42.1, -71.2 42.1, -71.2 42.0, -71.3 42.0, -71.3 42.1)))",multi-polygon
billing_code_structure,"BILLING (CODE('A-100'), ITEMS('SVC-01', 'SVC-02'), MODIFIERS('22', '59')), BILLING (CODE('B-250'), ITEMS('HW-10')), BILLING (CODE('C-50'), ITEMS('CONSULT-30'), MODIFIERS('GT'))",non_spatial
mpoly_geom,"MULTIPOLYGON (((-77.0 38.9, -77.1 38.9, -77.1 39.0, -77.0 39.0, -77.0 38.9)), ((-76.9 38.8, -76.8 38.8, -76.8 38.9, -76.9 38.9, -76.9 38.8))), MULTIPOLYGON (((-77.2 38.7, -77.3 38.7, -77.3 38.8, -77.2 38.8, -77.2 38.7)), ((-76.7 39.1, -76.6 39.1, -76.6 39.2, -76.7 39.2, -76.7 39.1))), MULTIPOLYGON (((-77.1 38.8, -77.2 38.8, -77.2 38.9, -77.1 38.9, -77.1 38.8)), ((-76.8 38.7, -76.9 38.7, -76.9 38.6, -76.8 38.6, -76.8 38.7)))",multi-polygon
routing_rule,"ROUTE (PATH('/users/{id}'), TO(service='user-service', port=8080), METHOD('GET')), ROUTE (PATH('/products'), TO(service='product-service', port=8081), METHOD('GET', 'POST')), ROUTE (PATH('/orders'), TO(service='order-service', port=8082))",non_spatial
area_of_interest,"MULTIPOLYGON (((-84.3 33.7, -84.4 33.7, -84.4 33.8, -84.3 33.8, -84.3 33.7)), ((-84.5 33.6, -84.6 33.6, -84.6 33.7, -84.5 33.7, -84.5 33.6))), MULTIPOLYGON (((-84.2 33.9, -84.1 33.9, -84.1 34.0, -84.2 34.0, -84.2 33.9)), ((-84.7 33.5, -84.8 33.5, -84.8 33.6, -84.7 33.6, -84.7 33.5))), MULTIPOLYGON (((-84.4 33.8, -84.3 33.8, -84.3 33.9, -84.4 33.9, -84.4 33.8)), ((-84.6 33.5, -84.5 33.5, -84.5 33.4, -84.6 33.4, -84.6 33.5)))",multi-polygon
feature_flags,"FEATURES (FLAG(name='new-checkout', enabled=true, users=['a','b']), FLAG(name='beta-dashboard', enabled=false)), FEATURES (FLAG(name='promo-banner', enabled=true, percent=50)), FEATURES (FLAG(name='api-v2', enabled=true, regions=['us-east-1', 'eu-west-1']))",non_spatial
WKT,"MULTIPOLYGON (((-74.01 40.71, -74.02 40.71, -74.02 40.72, -74.01 40.72, -74.01 40.71)), ((-73.98 40.73, -73.97 40.73, -73.97 40.74, -73.98 40.74, -73.98 40.73))), MULTIPOLYGON (((-74.03 40.74, -74.04 40.74, -74.04 40.75, -74.03 40.75, -74.03 40.74)), ((-73.96 40.76, -73.95 40.76, -73.95 40.77, -73.96 40.77, -73.96 40.76))), MULTIPOLYGON (((-74.05 40.69, -74.06 40.69, -74.06 40.70, -74.05 40.70, -74.05 40.69)), ((-73.94 40.71, -73.93 40.71, -73.93 40.72, -73.94 40.72, -73.94 40.71)))",multi-polygon
FORMAT_STRING,"FORMAT (TYPE('currency'), PARAMS(symbol='$', decimal='.', thousands=','), LOCALE('en-US')), FORMAT (TYPE('date'), PARAMS(pattern='YYYY-MM-DD')), FORMAT (TYPE('percent'), PARAMS(precision=2), LOCALE('de-DE'))",non_spatial
management_areas_geom,"MULTIPOLYGON (((-118.22 34.02, -118.23 34.02, -118.23 34.03, -118.22 34.03, -118.22 34.02)), ((-118.28 34.08, -118.29 34.08, -118.29 34.09, -118.28 34.09, -118.28 34.08))), MULTIPOLYGON (((-118.32 34.12, -118.33 34.12, -118.33 34.13, -118.32 34.13, -118.32 34.12)), ((-118.38 34.18, -118.39 34.18, -118.39 34.19, -118.38 34.19, -118.38 34.18))), MULTIPOLYGON (((-118.42 33.92, -118.43 33.92, -118.43 33.93, -118.42 33.93, -118.42 33.92)), ((-118.48 33.88, -118.49 33.88, -118.49 33.89, -118.48 33.89, -118.48 33.88)))",multi-polygon
property_boundary_mp,"MULTIPOLYGON (((-87.64 41.87, -87.65 41.87, -87.65 41.88, -87.64 41.88, -87.64 41.87)), ((-87.67 41.84, -87.68 41.84, -87.68 41.85, -87.67 41.85, -87.67 41.84))), MULTIPOLYGON (((-87.72 41.92, -87.73 41.92, -87.73 41.93, -87.72 41.93, -87.72 41.92)), ((-87.77 41.97, -87.78 41.97, -87.78 41.98, -87.77 41.98, -87.77 41.97))), MULTIPOLYGON (((-87.82 41.77, -87.83 41.77, -87.83 41.78, -87.82 41.78, -87.82 41.77)), ((-87.87 41.74, -87.88 41.74, -87.88 41.75, -87.87 41.75, -87.87 41.74)))",multi-polygon
user_role_mappings,"MAPPING (USER('alice'), ROLES('editor', 'viewer'), TENANT('t1')), MAPPING (USER('bob'), ROLES('admin'), TENANT('t1', 't2')), MAPPING (USER('charlie'), ROLES('viewer'))",non_spatial
conservation_easements,"MULTIPOLYGON (((-122.41 37.77, -122.42 37.77, -122.42 37.78, -122.41 37.78, -122.41 37.77)), ((-122.44 37.75, -122.45 37.75, -122.45 37.76, -122.44 37.76, -122.44 37.75))), MULTIPOLYGON (((-122.46 37.79, -122.47 37.79, -122.47 37.80, -122.46 37.80, -122.46 37.79)), ((-122.49 37.74, -122.50 37.74, -122.50 37.75, -122.49 37.75, -122.49 37.74))), MULTIPOLYGON (((-122.38 37.73, -122.37 37.73, -122.37 37.74, -122.38 37.74, -122.38 37.73)), ((-122.51 37.71, -122.52 37.71, -122.52 37.72, -122.51 37.72, -122.51 37.71)))",multi-polygon
geom,"POINT(-74.0060 40.7128), POINT(-118.2437 34.0522), POINT(-87.6298 41.8781)",point
latitude,"40.7128, 34.0522, 41.8781",latitude
wkt_geometry,"POINT(-95.3698 29.7604), POINT(-112.0740 33.4484), POINT(-75.1652 39.9526)",point
lat,"29.7604, 33.4484, 39.9526",latitude
SHAPE,"POINT(-98.4936 29.4241), POINT(-117.1611 32.7157), POINT(-96.7970 32.7767)",point
lat_dd,"29.4241, 32.7157, 32.7767",latitude
location_point,"POINT(-121.8863 37.3382), POINT(-97.7431 30.2672), POINT(-81.6557 30.3322)",point
geo_lat,"37.3382, 30.2672, 30.3322",latitude
centroid_wkt,"POINT(-97.3308 32.7555), POINT(-82.0998 39.9612), POINT(-83.9965 35.9606)",point
centroid_latitude,"32.7555, 39.9612, 35.9606",latitude
the_geom,"POINT(-122.4194 37.7749), POINT(-86.1581 39.7684), POINT(-122.3321 47.6062)",point
LATITUDE,"37.7749, 39.7684, 47.6062",latitude
wgs84_pt,"POINT(-104.9903 39.7392), POINT(-77.0369 38.9072), POINT(-71.0589 42.3601)",point
y_wgs84,"39.7392, 38.9072, 42.3601",latitude
site_geom_wkt,"POINT(-106.6504 35.0844), POINT(-83.0458 42.3314), POINT(-86.7816 36.1627)",point
site_lat,"35.0844, 42.3314, 36.1627",latitude
point_geometry,"POINT(-122.6765 45.5231), POINT(-90.0715 35.1495), POINT(-97.5164 35.4676)",point
latitude_dec,"45.5231, 35.1495, 35.4676",latitude
GEOM_WKT,"POINT(-115.1398 36.1699), POINT(-85.6681 38.2527), POINT(-76.6122 39.2904)",point
lat_coordinate,"36.1699, 38.2527, 39.2904",latitude
location_as_wkt,"POINT(-84.3880 33.7490), POINT(-80.8431 35.2271), POINT(-80.1918 26.7153)",point
Latitude_of_Location,"33.7490, 35.2271, 26.7153",latitude
pt_shape,"POINT(-90.1994 38.6270), POINT(-94.5786 39.0997), POINT(-93.2650 44.9778)",point
lat_val,"38.6270, 39.0997, 44.9778",latitude
wkt_coord,"POINT(-90.0715 35.1495), POINT(-111.8910 40.7608), POINT(-78.6382 35.7796)",point
lat_wgs84_dd,"35.1495, 40.7608, 35.7796",latitude
geometry_wkt,"POINT(-79.9959 40.4406), POINT(-81.3792 28.5383), POINT(-80.1373 25.7617)",point
LAT,"40.4406, 28.5383, 25.7617",latitude
start_point_geom,"POINT(-90.0490 29.9511), POINT(-81.6557 30.3322), POINT(-82.4572 27.9506)",point
start_lat,"29.9511, 30.3322, 27.9506",latitude
pt_wkt,"POINT(-106.4750 31.7619), POINT(-119.7871 36.7378), POINT(-121.4944 38.5816)",point
latitude_final,"31.7619, 36.7378, 38.5816",latitude
building_centroid,"POINT(-122.2727 37.8716), POINT(-118.4912 34.0195), POINT(-122.0322 37.3861)",point
building_lat,"37.8716, 34.0195, 37.3861",latitude
geom.wkt,"POINT(-73.9851 40.7580), POINT(-73.9352 40.7769), POINT(-73.8704 40.7409)",point
lat_y,"40.7580, 40.7769, 40.7409",latitude
wkt,"POINT(-122.4313 37.7739), POINT(-122.4782 37.8199), POINT(-122.4089 37.8044)",point
latitude_coord,"37.7739, 37.8199, 37.8044",latitude
location_geometry,"POINT(-84.5120 39.1031), POINT(-84.1916 39.7589), POINT(-82.9988 39.9612)",point
location_lat,"39.1031, 39.7589, 39.9612",latitude
the_geom,"POINT(-74.0060 40.7128), POINT(-118.2437 34.0522), POINT(-87.6298 41.8781)",point
the_long,"-74.0060, -118.2437, -87.6298",longitude
location_point,"POINT(-95.3698 29.7604), POINT(-71.0589 42.3601), POINT(-122.3321 47.6062)",point
location_longitude,"-95.3698, -71.0589, -122.3321",longitude
SHAPE,"POINT(-84.3880 33.7490), POINT(-75.1652 39.9526), POINT(-122.6750 45.5051)",point
LON,"-84.3880, -75.1652, -122.6750",longitude
wkt_geometry,"POINT(-97.7431 30.2672), POINT(-104.9903 39.7392), POINT(-117.1611 32.7157)",point
longitude_dd,"-97.7431, -104.9903, -117.1611",longitude
site_geom,"POINT(-86.1581 39.7684), POINT(-83.0458 42.3314), POINT(-93.2650 44.9778)",point
site_lon,"-86.1581, -83.0458, -93.2650",longitude
point_wkt,"POINT(-77.0369 38.9072), POINT(-121.4944 38.5816), POINT(-112.0740 33.4484)",point
point_longitude,"-77.0369, -121.4944, -112.0740",longitude
GEOMETRY,"POINT(-90.0715 29.9511), POINT(-81.6557 30.3322), POINT(-80.1918 25.7617)",point
LONGITUDE,"-90.0715, -81.6557, -80.1918",longitude
facility_location,"POINT(-76.6122 39.2904), POINT(-79.9959 40.4406), POINT(-84.5120 39.1031)",point
facility_lng,"-76.6122, -79.9959, -84.5120",longitude
start_point,"POINT(-111.8910 40.7608), POINT(-106.6504 35.0844), POINT(-96.8089 32.7767)",point
start_lon,"-111.8910, -106.6504, -96.8089",longitude
end_pt_geom,"POINT(-73.935242 40.730610), POINT(-71.109283 42.358433), POINT(-122.419418 37.774929)",point
end_pt_long,"-73.935242, -71.109283, -122.419418",longitude
ASSET_GEOM,"POINT(-88.2434 40.1164), POINT(-92.2896 34.7465), POINT(-85.6681 42.9634)",point
ASSET_LONGITUDE,"-88.2434, -92.2896, -85.6681",longitude
centroid,"POINT(-78.6382 35.7796), POINT(-81.3792 28.5383), POINT(-82.4572 27.9506)",point
centroid_lon,"-78.6382, -81.3792, -82.4572",longitude
wkt_point_repr,"POINT(-94.5786 39.0997), POINT(-89.3985 43.0731), POINT(-91.5302 41.6611)",point
lon_dd_wgs84,"-94.5786, -89.3985, -91.5302",longitude
incident_location,"POINT(-115.1728 36.1146), POINT(-119.7871 36.7378), POINT(-122.6750 45.5051)",point
incident_long,"-115.1728, -119.7871, -122.6750",longitude
geospatial_point,"POINT(-73.7562 42.6526), POINT(-72.6900 41.7658), POINT(-71.4128 41.8240)",point
geospatial_longitude,"-73.7562, -72.6900, -71.4128",longitude
Location 1,"POINT(-86.7816 36.1627), POINT(-85.6023 38.2527), POINT(-89.9711 35.1495)",point
Location 1 Longitude,"-86.7816, -85.6023, -89.9711",longitude
pt,"POINT(-98.4936 29.4241), POINT(-97.3308 32.7555), POINT(-96.8089 32.7767)",point
long,"-98.4936, -97.3308, -96.8089",longitude
node_geometry,"POINT(-105.2705 40.0150), POINT(-104.8214 38.8339), POINT(-106.4454 31.7619)",point
node_longitude,"-105.2705, -104.8214, -106.4454",longitude
pickup_point,"POINT(-74.0021 40.7128), POINT(-73.9857 40.7580), POINT(-73.9967 40.7208)",point
pickup_lon,"-74.0021, -73.9857, -73.9967",longitude
dropoff_geom,"POINT(-118.2500 34.0500), POINT(-118.4081 33.9416), POINT(-118.4912 34.0194)",point
dropoff_lng,"-118.2500, -118.4081, -118.4912",longitude
version_info,"VERSION(1 2), VERSION(1 3), VERSION(2 0)",non_spatial
the_geom,"POINT(-95.3698 29.7604), POINT(-71.0589 42.3601), POINT(-122.3321 47.6062)",point
test_scores,"SCORE(88 100), SCORE(92 100), SCORE(75 100)",non_spatial
wkt_geometry,"POINT(-77.0369 38.9072), POINT(-97.7431 30.2672), POINT(-122.4194 37.7749)",point
item_spec,"SPEC(width 100), SPEC(height 200), SPEC(depth 50)",non_spatial
Location,"POINT(-84.3880 33.7490), POINT(-112.0740 33.4484), POINT(-80.1918 25.7617)",point
Transaction,"TXN(1001 50.25), TXN(1002 12.00), TXN(1003 150.99)",non_spatial
SHAPE,"POINT(-75.1652 39.9526), POINT(-86.1581 39.7684), POINT(-90.0715 29.9511)",point
LOG,"EVENT(user_login success), EVENT(file_upload failure), EVENT(db_query timeout)",non_spatial
point_geom,"POINT(-104.9903 39.7392), POINT(-96.7970 32.7767), POINT(-117.1611 32.7157)",point
record_id,"ID(A-123 B-456), ID(C-789 D-012), ID(E-345 F-678)",non_spatial
centroid,"POINT(-87.6232 41.8818), POINT(-74.0059 40.7128), POINT(-122.4194 37.7749)",point
status_code,"CODE(404 Not Found), CODE(200 OK), CODE(503 Service Unavailable)",non_spatial
wkt,"POINT(-71.0589 42.3601), POINT(-118.2437 34.0522), POINT(-95.3698 29.7604)",point
ref,"REF(ISBN 978-3-16-148410-0), REF(DOI 10.1000/182), REF(ISSN 2049-3630)",non_spatial
GEOMETRY,"POINT(-81.6557 30.3322), POINT(-93.2650 44.9778), POINT(-115.1728 36.1146)",point
MEASUREMENT,"VALUE(15.5 Celsius), VALUE(98.6 Fahrenheit), VALUE(273.15 Kelvin)",non_spatial
pt_location,"POINT(-82.9988 39.9612), POINT(-78.8787 42.8864), POINT(-89.4012 43.0731)",point
acct_balance,"BALANCE(USD 120.50), BALANCE(EUR 85.00), BALANCE(GBP 100.25)",non_spatial
site_point,"POINT(-76.6122 39.2904), POINT(-121.8863 37.3382), POINT(-97.3308 35.2226)",point
job_status,"STATUS(job123 PENDING), STATUS(job124 RUNNING), STATUS(job125 COMPLETE)",non_spatial
wkt_representation,"POINT(-106.6056 35.0844), POINT(-111.8910 40.7608), POINT(-94.5786 39.0997)",point
error_log,"ERROR(code 500), ERROR(type NullPointerException), ERROR(user 12345)",non_spatial
facility_geom,"POINT(-73.9855 40.7580), POINT(-87.6368 41.8758), POINT(-122.6750 45.5051)",point
product_code,"PRODUCT(SKU-12345 10), PRODUCT(SKU-67890 5), PRODUCT(SKU-ABCDE 25)",non_spatial
geom_wkt,"POINT(-80.8431 35.2271), POINT(-86.7816 36.1627), POINT(-84.5120 39.1031)",point
range_specifier,"RANGE(1 100), RANGE(101 200), RANGE(201 300)",non_spatial
location_as_wkt,"POINT(-90.1994 38.6270), POINT(-98.4936 29.4241), POINT(-79.9959 40.4406)",point
document_id,"DOC(UUID abcd-1234), DOC(UUID efgh-5678), DOC(UUID ijkl-9012)",non_spatial
astext,"POINT(-119.4179 36.7783), POINT(-72.5901 42.3732), POINT(-88.7879 43.7844)",point
result,"RESULT(TEST1 PASS), RESULT(TEST2 FAIL), RESULT(TEST3 PASS)",non_spatial
st_astext,"POINT(-99.1332 39.4326), POINT(-70.6693 43.4489), POINT(-88.3816 34.6037)",point
pair_value,"PAIR(key1 value1), PAIR(key2 value2), PAIR(key3 value3)",non_spatial
GEOM_WKT,"POINT(-122.1207 47.2827), POINT(-79.3832 43.6532), POINT(-73.5673 42.5017)",point
FUNC_CALL,"CALL(funcA arg1), CALL(funcB arg2), CALL(funcC arg3)",non_spatial
wkt_string,"POINT(-83.0458 42.3314), POINT(-85.6681 42.9634), POINT(-81.2451 42.9849)",point
data_tuple,"TUPLE(123 ""abc""), TUPLE(456 ""def""), TUPLE(789 ""ghi"")",non_spatial
shape_wkt,"POINT(-114.0719 41.0447), POINT(-104.6189 40.4452), POINT(-97.1384 39.8951)",point
dimension,"DIM(length 10), DIM(width 20), DIM(height 5)",non_spatial
building_centroid,"POINT(-87.6275 41.8785), POINT(-87.6295 41.8805), POINT(-87.6245 41.8755)",point
building_footprint,"POLYGON((-87.628 41.878, -87.627 41.878, -87.627 41.879, -87.628 41.879, -87.628 41.878)), POLYGON((-87.630 41.880, -87.629 41.880, -87.629 41.881, -87.630 41.881, -87.630 41.880)), POLYGON((-87.625 41.875, -87.624 41.875, -87.624 41.876, -87.625 41.876, -87.625 41.875))",polygon
geom_center,"POINT(-118.235 34.055), POINT(-118.245 34.045), POINT(-118.255 34.065)",point
geom_boundary,"POLYGON((-118.24 34.05, -118.23 34.05, -118.23 34.06, -118.24 34.06, -118.24 34.05)), POLYGON((-118.25 34.04, -118.24 34.04, -118.24 34.05, -118.25 34.05, -118.25 34.04)), POLYGON((-118.26 34.06, -118.25 34.06, -118.25 34.07, -118.26 34.07, -118.26 34.06))",polygon
wkt_geometry_pt,"POINT(-73.995 40.715), POINT(-73.975 40.735), POINT(-74.005 40.705)",point
wkt_geometry_poly,"POLYGON((-74.00 40.71, -73.99 40.71, -73.99 40.72, -74.00 40.72, -74.00 40.71)), POLYGON((-73.98 40.73, -73.97 40.73, -73.97 40.74, -73.98 40.74, -73.98 40.73)), POLYGON((-74.01 40.70, -74.00 40.70, -74.00 40.71, -74.01 40.71, -74.01 40.70))",polygon
parcel_centroid_wkt,"POINT(-104.985 39.745), POINT(-104.995 39.735), POINT(-104.965 39.765)",point
parcel_boundary_wkt,"POLYGON((-104.99 39.74, -104.98 39.74, -104.98 39.75, -104.99 39.75, -104.99 39.74)), POLYGON((-105.00 39.73, -104.99 39.73, -104.99 39.74, -105.00 39.74, -105.00 39.73)), POLYGON((-104.97 39.76, -104.96 39.76, -104.96 39.77, -104.97 39.77, -104.97 39.76))",polygon
GEOM_AS_WKT_PT,"POINT(-122.325 47.605), POINT(-122.335 47.625), POINT(-122.345 47.595)",point
GEOM_AS_WKT_POLY,"POLYGON((-122.33 47.60, -122.32 47.60, -122.32 47.61, -122.33 47.61, -122.33 47.60)), POLYGON((-122.34 47.62, -122.33 47.62, -122.33 47.63, -122.34 47.63, -122.34 47.62)), POLYGON((-122.35 47.59, -122.34 47.59, -122.34 47.60, -122.35 47.60, -122.35 47.59))",polygon
loc_pt,"POINT(-80.195 25.775), POINT(-80.215 25.765), POINT(-80.225 25.785)",point
loc_poly,"POLYGON((-80.20 25.77, -80.19 25.77, -80.19 25.78, -80.20 25.78, -80.20 25.77)), POLYGON((-80.22 25.76, -80.21 25.76, -80.21 25.77, -80.22 25.77, -80.22 25.76)), POLYGON((-80.23 25.78, -80.22 25.78, -80.22 25.79, -80.23 25.79, -80.23 25.78))",polygon
SHAPE_centroid,"POINT(-71.055 42.365), POINT(-71.075 42.355), POINT(-71.085 42.345)",point
SHAPE,"POLYGON((-71.06 42.36, -71.05 42.36, -71.05 42.37, -71.06 42.37, -71.06 42.36)), POLYGON((-71.08 42.35, -71.07 42.35, -71.07 42.36, -71.08 42.36, -71.08 42.35)), POLYGON((-71.09 42.34, -71.08 42.34, -71.08 42.35, -71.09 42.35, -71.09 42.34))",polygon
the_geom_pt,"POINT(-75.155 39.955), POINT(-75.165 39.945), POINT(-75.175 39.965)",point
the_geom,"POLYGON((-75.16 39.95, -75.15 39.95, -75.15 39.96, -75.16 39.96, -75.16 39.95)), POLYGON((-75.17 39.94, -75.16 39.94, -75.16 39.95, -75.17 39.95, -75.17 39.94)), POLYGON((-75.18 39.96, -75.17 39.96, -75.17 39.97, -75.18 39.97, -75.18 39.96))",polygon
site_location,"POINT(-95.355 29.765), POINT(-95.375 29.755), POINT(-95.385 29.745)",point
site_boundary,"POLYGON((-95.36 29.76, -95.35 29.76, -95.35 29.77, -95.36 29.77, -95.36 29.76)), POLYGON((-95.38 29.75, -95.37 29.75, -95.37 29.76, -95.38 29.76, -95.38 29.75)), POLYGON((-95.39 29.74, -95.38 29.74, -95.38 29.75, -95.39 29.75, -95.39 29.74))",polygon
wkt_point_geom,"POINT(-112.065 33.455), POINT(-112.075 33.445), POINT(-112.085 33.465)",point
wktPolygonGeom,"POLYGON((-112.07 33.45, -112.06 33.45, -112.06 33.46, -112.07 33.46, -112.07 33.45)), POLYGON((-112.08 33.44, -112.07 33.44, -112.07 33.45, -112.08 33.45, -112.08 33.44)), POLYGON((-112.09 33.46, -112.08 33.46, -112.08 33.47, -112.09 33.47, -112.09 33.46))",polygon
feature_pt,"POINT(-98.485 29.425), POINT(-98.495 29.415), POINT(-98.505 29.435)",point
feature_poly,"POLYGON((-98.49 29.42, -98.48 29.42, -98.48 29.43, -98.49 29.43, -98.49 29.42)), POLYGON((-98.50 29.41, -98.49 29.41, -98.49 29.42, -98.50 29.42, -98.50 29.41)), POLYGON((-98.51 29.43, -98.50 29.43, -98.50 29.44, -98.51 29.44, -98.51 29.43))",polygon
service_center_wkt,"POINT(-117.155 32.715), POINT(-117.165 32.705), POINT(-117.175 32.725)",point
service_area_wkt,"POLYGON((-117.16 32.71, -117.15 32.71, -117.15 32.72, -117.16 32.72, -117.16 32.71)), POLYGON((-117.17 32.70, -117.16 32.70, -117.16 32.71, -117.17 32.71, -117.17 32.70)), POLYGON((-117.18 32.72, -117.17 32.72, -117.17 32.73, -117.18 32.73, -117.18 32.72))",polygon
geom_2023_pt,"POINT(-96.795 32.785), POINT(-96.805 32.775), POINT(-96.815 32.795)",point
geom_2023_poly,"POLYGON((-96.80 32.78, -96.79 32.78, -96.79 32.79, -96.80 32.79, -96.80 32.78)), POLYGON((-96.81 32.77, -96.80 32.77, -96.80 32.78, -96.81 32.78, -96.81 32.77)), POLYGON((-96.82 32.79, -96.81 32.79, -96.81 32.80, -96.82 32.80, -96.82 32.79))",polygon
access_point_geom,"POINT(-121.885 37.335), POINT(-121.895 37.325), POINT(-121.905 37.345)",point
footprint_geom,"POLYGON((-121.89 37.33, -121.88 37.33, -121.88 37.34, -121.89 37.34, -121.89 37.33)), POLYGON((-121.90 37.32, -121.89 37.32, -121.89 37.33, -121.90 37.33, -121.90 37.32)), POLYGON((-121.91 37.34, -121.90 37.34, -121.90 37.35, -121.91 37.35, -121.91 37.34))",polygon
spatial_obj_pt,"POINT(-97.735 30.265), POINT(-97.745 30.255), POINT(-97.755 30.275)",point
spatial_obj_poly,"POLYGON((-97.74 30.26, -97.73 30.26, -97.73 30.27, -97.74 30.27, -97.74 30.26)), POLYGON((-97.75 30.25, -97.74 30.25, -97.74 30.26, -97.75 30.26, -97.75 30.25)), POLYGON((-97.76 30.27, -97.75 30.27, -97.75 30.28, -97.76 30.28, -97.76 30.27))",polygon
CentroidWKT,"POINT(-81.655 30.335), POINT(-81.665 30.325), POINT(-81.675 30.345)",point
BoundaryWKT,"POLYGON((-81.66 30.33, -81.65 30.33, -81.65 30.34, -81.66 30.34, -81.66 30.33)), POLYGON((-81.67 30.32, -81.66 30.32, -81.66 30.33, -81.67 30.33, -81.67 30.32)), POLYGON((-81.68 30.34, -81.67 30.34, -81.67 30.35, -81.68 30.35, -81.68 30.34))",polygon
asset_location_pt,"POINT(-122.415 37.775), POINT(-122.425 37.765), POINT(-122.435 37.785)",point
asset_boundary_poly,"POLYGON((-122.42 37.77, -122.41 37.77, -122.41 37.78, -122.42 37.78, -122.42 37.77)), POLYGON((-122.43 37.76, -122.42 37.76, -122.42 37.77, -122.43 37.77, -122.43 37.76)), POLYGON((-122.44 37.78, -122.43 37.78, -122.43 37.79, -122.44 37.79, -122.44 37.78))",polygon
geom,"POINT(-82.995 39.965), POINT(-83.005 39.955), POINT(-83.015 39.975)",point
geometry,"POLYGON((-83.00 39.96, -82.99 39.96, -82.99 39.97, -83.00 39.97, -83.00 39.96)), POLYGON((-83.01 39.95, -83.00 39.95, -83.00 39.96, -83.01 39.96, -83.01 39.95)), POLYGON((-83.02 39.97, -83.01 39.97, -83.01 39.98, -83.02 39.98, -83.02 39.97))",polygon
zone_center_wkt,"POINT(-80.835 35.225), POINT(-80.845 35.215), POINT(-80.855 35.235)",point
zone_boundary_wkt,"POLYGON((-80.84 35.22, -80.83 35.22, -80.83 35.23, -80.84 35.23, -80.84 35.22)), POLYGON((-80.85 35.21, -80.84 35.21, -80.84 35.22, -80.85 35.22, -80.85 35.21)), POLYGON((-80.86 35.23, -80.85 35.23, -80.85 35.24, -80.86 35.24, -80.86 35.23))",polygon
plot_marker,"POINT(-83.045 42.335), POINT(-83.055 42.325), POINT(-83.065 42.345)",point
plot_polygon,"POLYGON((-83.05 42.33, -83.04 42.33, -83.04 42.34, -83.05 42.34, -83.05 42.33)), POLYGON((-83.06 42.32, -83.05 42.32, -83.05 42.33, -83.06 42.33, -83.06 42.32)), POLYGON((-83.07 42.34, -83.06 42.34, -83.06 42.35, -83.07 42.35, -83.07 42.34))",polygon
geom,"POLYGON((-74.00 40.70, -74.01 40.70, -74.01 40.71, -74.00 40.71, -74.00 40.70)), POLYGON((-118.25 34.05, -118.35 34.05, -118.30 34.15, -118.25 34.05)), POLYGON((-87.63 41.88, -87.64 41.88, -87.64 41.89, -87.63 41.89, -87.63 41.88))",polygon
geometry,"LINESTRING(-73.98 40.76, -73.99 40.77, -73.98 40.78), LINESTRING(-118.24 34.05, -118.24 34.15), LINESTRING(-87.62 41.87, -87.63 41.87, -87.63 41.86)",line
wkt_geometry,"POLYGON((-95.36 29.76, -95.37 29.76, -95.37 29.77, -95.36 29.77, -95.36 29.76)), POLYGON((-112.07 33.45, -112.08 33.45, -112.075 33.46, -112.07 33.45)), POLYGON((-80.19 25.76, -80.20 25.76, -80.20 25.77, -80.19 25.77, -80.19 25.76))",polygon
wkt_geom,"LINESTRING(-95.36 29.75, -95.36 29.74, -95.37 29.74), LINESTRING(-112.07 33.44, -112.09 33.44), LINESTRING(-80.19 25.77, -80.19 25.78, -80.20 25.78)",line
SHAPE,"POLYGON((-122.332 47.606, -122.330 47.606, -122.330 47.608, -122.332 47.608, -122.332 47.606)), POLYGON((-74.0060 40.7128, -74.0050 40.7128, -74.0055 40.7138, -74.0060 40.7128)), POLYGON((-118.2437 34.0522, -118.2427 34.0522, -118.2427 34.0532, -118.2437 34.0532, -118.2437 34.0522))",polygon
shape_wkt,"LINESTRING(-122.335 47.609, -122.335 47.612, -122.337 47.614), LINESTRING(-74.000 40.710, -74.001 40.711), LINESTRING(-118.250 34.050, -118.250 34.060, -118.251 34.060)",line
boundary,"POLYGON((-87.65 41.90, -87.66 41.90, -87.66 41.91, -87.65 41.91, -87.65 41.90)), POLYGON((-95.40 29.80, -95.41 29.80, -95.405 29.81, -95.40 29.80)), POLYGON((-122.30 47.65, -122.31 47.65, -122.31 47.66, -122.30 47.66, -122.30 47.65))",polygon
centerline,"LINESTRING(-87.65 41.89, -87.65 41.92), LINESTRING(-95.40 29.79, -95.42 29.79, -95.42 29.78), LINESTRING(-122.30 47.64, -122.32 47.64)",line
parcel_polygon,"POLYGON((-74.05 40.75, -74.06 40.75, -74.06 40.76, -74.05 40.76, -74.05 40.75)), POLYGON((-118.30 34.10, -118.31 34.10, -118.305 34.11, -118.30 34.10)), POLYGON((-87.70 41.95, -87.71 41.95, -87.71 41.96, -87.70 41.96, -87.70 41.95))",polygon
street_linestring,"LINESTRING(-74.05 40.74, -74.05 40.77), LINESTRING(-118.30 34.09, -118.32 34.09, -118.32 34.08), LINESTRING(-87.70 41.94, -87.72 41.94)",line
footprint_wkt,"POLYGON((-80.21 25.78, -80.22 25.78, -80.22 25.79, -80.21 25.79, -80.21 25.78)), POLYGON((-112.10 33.50, -112.11 33.50, -112.105 33.51, -112.10 33.50)), POLYGON((-95.50 29.70, -95.51 29.70, -95.51 29.71, -95.50 29.71, -95.50 29.70))",polygon
path_wkt,"LINESTRING(-80.21 25.77, -80.21 25.80, -80.22 25.80), LINESTRING(-112.10 33.49, -112.12 33.49), LINESTRING(-95.50 29.69, -95.52 29.69, -95.52 29.68)",line
zone_poly,"POLYGON((-122.35 47.62, -122.36 47.62, -122.36 47.63, -122.35 47.63, -122.35 47.62)), POLYGON((-74.02 40.72, -74.03 40.72, -74.025 40.73, -74.02 40.72)), POLYGON((-118.27 34.07, -118.28 34.07, -118.28 34.08, -118.27 34.08, -118.27 34.07))",polygon
route_line,"LINESTRING(-122.35 47.61, -122.35 47.64), LINESTRING(-74.02 40.71, -74.04 40.71, -74.04 40.70), LINESTRING(-118.27 34.06, -118.29 34.06)",line
area_of_interest,"POLYGON((-87.68 41.85, -87.69 41.85, -87.69 41.86, -87.68 41.86, -87.68 41.85)), POLYGON((-95.38 29.78, -95.39 29.78, -95.385 29.79, -95.38 29.78)), POLYGON((-80.25 25.80, -80.26 25.80, -80.26 25.81, -80.25 25.81, -80.25 25.80))",polygon
linear_feature,"LINESTRING(-87.68 41.84, -87.68 41.87), LINESTRING(-95.38 29.77, -95.40 29.77, -95.40 29.76), LINESTRING(-80.25 25.79, -80.27 25.79)",line
the_geom,"POLYGON((-112.12 33.48, -112.13 33.48, -112.13 33.49, -112.12 33.49, -112.12 33.48)), POLYGON((-122.40 47.60, -122.41 47.60, -122.405 47.61, -122.40 47.60)), POLYGON((-74.08 40.78, -74.09 40.78, -74.09 40.79, -74.08 40.79, -74.08 40.78))",polygon
geom_wkt,"LINESTRING(-112.12 33.47, -112.12 33.50), LINESTRING(-122.40 47.59, -122.42 47.59, -122.42 47.58), LINESTRING(-74.08 40.77, -74.10 40.77)",line
polygon_wkt,"POLYGON((-118.32 34.02, -118.33 34.02, -118.33 34.03, -118.32 34.03, -118.32 34.02)), POLYGON((-87.72 41.92, -87.73 41.92, -87.725 41.93, -87.72 41.92)), POLYGON((-95.42 29.72, -95.43 29.72, -95.43 29.73, -95.42 29.73, -95.42 29.72))",polygon
line_wkt,"LINESTRING(-118.32 34.01, -118.32 34.04), LINESTRING(-87.72 41.91, -87.74 41.91, -87.74 41.90), LINESTRING(-95.42 29.71, -95.44 29.71)",line
building_footprint,"POLYGON((-80.23 25.74, -80.231 25.74, -80.231 25.741, -80.23 25.741, -80.23 25.74)), POLYGON((-112.15 33.46, -112.151 33.46, -112.1505 33.461, -112.15 33.46)), POLYGON((-122.34 47.61, -122.341 47.61, -122.341 47.611, -122.34 47.611, -122.34 47.61))",polygon
utility_line,"LINESTRING(-80.23 25.73, -80.23 25.75), LINESTRING(-112.15 33.45, -112.16 33.45), LINESTRING(-122.34 47.60, -122.34 47.62, -122.35 47.62)",line
Geom_WKT,"POLYGON((-74.001 40.711, -74.002 40.711, -74.002 40.712, -74.001 40.712, -74.001 40.711)), POLYGON((-118.245 34.055, -118.246 34.055, -118.2455 34.056, -118.245 34.055)), POLYGON((-87.635 41.885, -87.636 41.885, -87.636 41.886, -87.635 41.886, -87.635 41.885))",polygon
WKT,"LINESTRING(-74.000 40.710, -74.000 40.713), LINESTRING(-118.245 34.054, -118.247 34.054), LINESTRING(-87.635 41.884, -87.637 41.884, -87.637 41.883)",line
lot_shape,"POLYGON((-95.363 29.763, -95.364 29.763, -95.364 29.764, -95.363 29.764, -95.363 29.763)), POLYGON((-112.073 33.453, -112.074 33.453, -112.0735 33.454, -112.073 33.453)), POLYGON((-80.193 25.763, -80.194 25.763, -80.194 25.764, -80.193 25.764, -80.193 25.763))",polygon
curb_line,"LINESTRING(-95.363 29.762, -95.363 29.765), LINESTRING(-112.073 33.452, -112.075 33.452), LINESTRING(-80.193 25.762, -80.195 25.762, -80.195 25.761)",line
District_Boundary,"POLYGON((-122.33 47.60, -122.34 47.60, -122.34 47.61, -122.33 47.61, -122.33 47.60)), POLYGON((-74.00 40.71, -74.01 40.71, -74.005 40.72, -74.00 40.71)), POLYGON((-118.24 34.05, -118.25 34.05, -118.25 34.06, -118.24 34.06, -118.24 34.05))",polygon
Sewer_Main,"LINESTRING(-122.33 47.59, -122.33 47.62), LINESTRING(-74.00 40.70, -74.02 40.70), LINESTRING(-118.24 34.04, -118.26 34.04, -118.26 34.03)",line
park_geom,"POLYGON((-87.655 41.905, -87.665 41.905, -87.665 41.915, -87.655 41.915, -87.655 41.905)), POLYGON((-95.405 29.805, -95.415 29.805, -95.410 29.815, -95.405 29.805)), POLYGON((-122.305 47.655, -122.315 47.655, -122.315 47.665, -122.305 47.665, -122.305 47.655))",polygon
trail_geom,"LINESTRING(-87.655 41.904, -87.658 41.908, -87.662 41.912), LINESTRING(-95.405 29.804, -95.415 29.804), LINESTRING(-122.305 47.654, -122.308 47.658, -122.312 47.662, -122.315 47.664)",line
waterbody_poly,"POLYGON((-74.055 40.755, -74.065 40.755, -74.065 40.765, -74.055 40.765, -74.055 40.755)), POLYGON((-118.305 34.105, -118.315 34.105, -118.310 34.115, -118.305 34.105)), POLYGON((-87.705 41.955, -87.715 41.955, -87.715 41.965, -87.705 41.965, -87.705 41.955))",polygon
stream_centerline,"LINESTRING(-74.055 40.754, -74.058 40.758, -74.062 40.762), LINESTRING(-118.305 34.104, -118.315 34.104), LINESTRING(-87.705 41.954, -87.708 41.958, -87.712 41.962, -87.715 41.964)",line
spatial_obj,"POLYGON((-80.215 25.785, -80.225 25.785, -80.225 25.795, -80.215 25.795, -80.215 25.785)), POLYGON((-112.105 33.505, -112.115 33.505, -112.110 33.515, -112.105 33.505)), POLYGON((-95.505 29.705, -95.515 29.705, -95.515 29.715, -95.505 29.715, -95.505 29.705))",polygon
spatial_feature,"LINESTRING(-80.215 25.784, -80.218 25.788, -80.222 25.792), LINESTRING(-112.105 33.504, -112.115 33.504), LINESTRING(-95.505 29.704, -95.508 29.708, -95.512 29.712, -95.515 29.714)",line
shape_as_wkt,"POLYGON((-122.355 47.625, -122.365 47.625, -122.365 47.635, -122.355 47.635, -122.355 47.625)), POLYGON((-74.025 40.725, -74.035 40.725, -74.030 40.735, -74.025 40.725)), POLYGON((-118.275 34.075, -118.285 34.075, -118.285 34.085, -118.275 34.085, -118.275 34.075))",polygon
geometry_as_wkt,"LINESTRING(-122.355 47.624, -122.358 47.628, -122.362 47.632), LINESTRING(-74.025 40.724, -74.035 40.724), LINESTRING(-118.275 34.074, -118.278 34.078, -118.282 34.082, -118.285 34.084)",line
land_parcel,"POLYGON((-87.685 41.855, -87.695 41.855, -87.695 41.865, -87.685 41.865, -87.685 41.855)), POLYGON((-95.385 29.785, -95.395 29.785, -95.390 29.795, -95.385 29.785)), POLYGON((-80.255 25.805, -80.265 25.805, -80.265 25.815, -80.255 25.815, -80.255 25.805))",polygon
road_edge,"LINESTRING(-87.685 41.854, -87.688 41.858, -87.692 41.862), LINESTRING(-95.385 29.784, -95.395 29.784), LINESTRING(-80.255 25.804, -80.258 25.808, -80.262 25.812, -80.265 25.814)",line
geom_polygon,"POLYGON((-112.125 33.485, -112.135 33.485, -112.135 33.495, -112.125 33.495, -112.125 33.485)), POLYGON((-122.405 47.605, -122.415 47.605, -122.410 47.615, -122.405 47.605)), POLYGON((-74.085 40.785, -74.095 40.785, -74.095 40.795, -74.085 40.795, -74.085 40.785))",polygon
geom_line,"LINESTRING(-112.125 33.484, -112.128 33.488, -112.132 33.492), LINESTRING(-122.405 47.604, -122.415 47.604), LINESTRING(-74.085 40.784, -74.088 40.788, -74.092 40.792, -74.095 40.794)",line
geom,"POLYGON((-97.74 30.26, -97.73 30.26, -97.73 30.27, -97.74 30.27, -97.74 30.26)), POLYGON((-97.75 30.28, -97.74 30.28, -97.74 30.29, -97.75 30.29, -97.75 30.28)), POLYGON((-97.76 30.30, -97.75 30.30, -97.75 30.31, -97.76 30.31, -97.76 30.30))",polygon
geometry,"MULTIPOLYGON(((-97.74 30.26, -97.73 30.26, -97.73 30.27, -97.74 30.27, -97.74 30.26)), ((-97.72 30.25, -97.71 30.25, -97.71 30.26, -97.72 30.26, -97.72 30.25))), MULTIPOLYGON(((-97.75 30.28, -97.74 30.28, -97.74 30.29, -97.75 30.29, -97.75 30.28)), ((-97.73 30.27, -97.72 30.27, -97.72 30.28, -97.73 30.28, -97.73 30.27))), MULTIPOLYGON(((-97.76 30.30, -97.75 30.30, -97.75 30.31, -97.76 30.31, -97.76 30.30)), ((-97.74 30.29, -97.73 30.29, -97.73 30.30, -97.74 30.30, -97.74 30.29)))",multi-polygon
shape,"POLYGON((-122.41 37.77, -122.40 37.77, -122.40 37.78, -122.41 37.78, -122.41 37.77)), POLYGON((-122.42 37.76, -122.41 37.76, -122.41 37.77, -122.42 37.77, -122.42 37.76)), POLYGON((-122.43 37.75, -122.42 37.75, -122.42 37.76, -122.43 37.76, -122.43 37.75))",polygon
Shape,"MULTIPOLYGON(((-122.41 37.77, -122.40 37.77, -122.40 37.78, -122.41 37.78, -122.41 37.77)), ((-122.39 37.76, -122.38 37.76, -122.38 37.77, -122.39 37.77, -122.39 37.76))), MULTIPOLYGON(((-122.42 37.76, -122.41 37.76, -122.41 37.77, -122.42 37.77, -122.42 37.76)), ((-122.40 37.75, -122.39 37.75, -122.39 37.76, -122.40 37.76, -122.40 37.75))), MULTIPOLYGON(((-122.43 37.75, -122.42 37.75, -122.42 37.76, -122.43 37.76, -122.43 37.75)), ((-122.41 37.74, -122.40 37.74, -122.40 37.75, -122.41 37.75, -122.41 37.74)))",multi-polygon
wkt_geometry,"POLYGON((-74.00 40.71, -73.99 40.71, -73.99 40.72, -74.00 40.72, -74.00 40.71)), POLYGON((-74.01 40.70, -74.00 40.70, -74.00 40.71, -74.01 40.71, -74.01 40.70)), POLYGON((-73.98 40.73, -73.97 40.73, -73.97 40.74, -73.98 40.74, -73.98 40.73))",polygon
wkt_geom,"MULTIPOLYGON(((-74.00 40.71, -73.99 40.71, -73.99 40.72, -74.00 40.72, -74.00 40.71)), ((-73.98 40.70, -73.97 40.70, -73.97 40.71, -73.98 40.71, -73.98 40.70))), MULTIPOLYGON(((-74.01 40.70, -74.00 40.70, -74.00 40.71, -74.01 40.71, -74.01 40.70)), ((-74.02 40.69, -74.01 40.69, -74.01 40.70, -74.02 40.70, -74.02 40.69))), MULTIPOLYGON(((-73.98 40.73, -73.97 40.73, -73.97 40.74, -73.98 40.74, -73.98 40.73)), ((-73.96 40.72, -73.95 40.72, -73.95 40.73, -73.96 40.73, -73.96 40.72)))",multi-polygon
boundary,"POLYGON((-87.62 41.87, -87.61 41.87, -87.61 41.88, -87.62 41.88, -87.62 41.87)), POLYGON((-87.63 41.86, -87.62 41.86, -87.62 41.87, -87.63 41.87, -87.63 41.86)), POLYGON((-87.64 41.85, -87.63 41.85, -87.63 41.86, -87.64 41.86, -87.64 41.85))",polygon
boundaries,"MULTIPOLYGON(((-87.62 41.87, -87.61 41.87, -87.61 41.88, -87.62 41.88, -87.62 41.87)), ((-87.60 41.86, -87.59 41.86, -87.59 41.87, -87.60 41.87, -87.60 41.86))), MULTIPOLYGON(((-87.63 41.86, -87.62 41.86, -87.62 41.87, -87.63 41.87, -87.63 41.86)), ((-87.61 41.85, -87.60 41.85, -87.60 41.86, -87.61 41.86, -87.61 41.85))), MULTIPOLYGON(((-87.64 41.85, -87.63 41.85, -87.63 41.86, -87.64 41.86, -87.64 41.85)), ((-87.62 41.84, -87.61 41.84, -87.61 41.85, -87.62 41.85, -87.62 41.84)))",multi-polygon
area_geom,"POLYGON((-118.24 34.05, -118.23 34.05, -118.23 34.06, -118.24 34.06, -118.24 34.05)), POLYGON((-118.25 34.04, -118.24 34.04, -118.24 34.05, -118.25 34.05, -118.25 34.04)), POLYGON((-118.26 34.03, -118.25 34.03, -118.25 34.04, -118.26 34.04, -118.26 34.03))",polygon
area_geometries,"MULTIPOLYGON(((-118.24 34.05, -118.23 34.05, -118.23 34.06, -118.24 34.06, -118.24 34.05)), ((-118.22 34.04, -118.21 34.04, -118.21 34.05, -118.22 34.05, -118.22 34.04))), MULTIPOLYGON(((-118.25 34.04, -118.24 34.04, -118.24 34.05, -118.25 34.05, -118.25 34.04)), ((-118.23 34.03, -118.22 34.03, -118.22 34.04, -118.23 34.04, -118.23 34.03))), MULTIPOLYGON(((-118.26 34.03, -118.25 34.03, -118.25 34.04, -118.26 34.04, -118.26 34.03)), ((-118.24 34.02, -118.23 34.02, -118.23 34.03, -118.24 34.03, -118.24 34.02)))",multi-polygon
parcel_poly,"POLYGON((-71.06 42.36, -71.05 42.36, -71.05 42.37, -71.06 42.37, -71.06 42.36)), POLYGON((-71.07 42.35, -71.06 42.35, -71.06 42.36, -71.07 42.36, -71.07 42.35)), POLYGON((-71.08 42.34, -71.07 42.34, -71.07 42.35, -71.08 42.35, -71.08 42.34))",polygon
parcel_multipoly,"MULTIPOLYGON(((-71.06 42.36, -71.05 42.36, -71.05 42.37, -71.06 42.37, -71.06 42.36)), ((-71.04 42.35, -71.03 42.35, -71.03 42.36, -71.04 42.36, -71.04 42.35))), MULTIPOLYGON(((-71.07 42.35, -71.06 42.35, -71.06 42.36, -71.07 42.36, -71.07 42.35)), ((-71.05 42.34, -71.04 42.34, -71.04 42.35, -71.05 42.35, -71.05 42.34))), MULTIPOLYGON(((-71.08 42.34, -71.07 42.34, -71.07 42.35, -71.08 42.35, -71.08 42.34)), ((-71.06 42.33, -71.05 42.33, -71.05 42.34, -71.06 42.34, -71.06 42.33)))",multi-polygon
the_geom,"POLYGON((-95.36 29.76, -95.35 29.76, -95.35 29.77, -95.36 29.77, -95.36 29.76)), POLYGON((-95.37 29.75, -95.36 29.75, -95.36 29.76, -95.37 29.76, -95.37 29.75)), POLYGON((-95.38 29.74, -95.37 29.74, -95.37 29.75, -95.38 29.75, -95.38 29.74))",polygon
the_geom,"MULTIPOLYGON(((-95.36 29.76, -95.35 29.76, -95.35 29.77, -95.36 29.77, -95.36 29.76)), ((-95.34 29.75, -95.33 29.75, -95.33 29.76, -95.34 29.76, -95.34 29.75))), MULTIPOLYGON(((-95.37 29.75, -95.36 29.75, -95.36 29.76, -95.37 29.76, -95.37 29.75)), ((-95.35 29.74, -95.34 29.74, -95.34 29.75, -95.35 29.75, -95.35 29.74))), MULTIPOLYGON(((-95.38 29.74, -95.37 29.74, -95.37 29.75, -95.38 29.75, -95.38 29.74)), ((-95.36 29.73, -95.35 29.73, -95.35 29.74, -95.36 29.74, -95.36 29.73)))",multi-polygon
building_footprint,"POLYGON((-77.03 38.90, -77.02 38.90, -77.02 38.91, -77.03 38.91, -77.03 38.90)), POLYGON((-77.04 38.89, -77.03 38.89, -77.03 38.90, -77.04 38.90, -77.04 38.89)), POLYGON((-77.05 38.88, -77.04 38.88, -77.04 38.89, -77.05 38.89, -77.05 38.88))",polygon
building_footprints,"MULTIPOLYGON(((-77.03 38.90, -77.02 38.90, -77.02 38.91, -77.03 38.91, -77.03 38.90)), ((-77.01 38.89, -77.00 38.89, -77.00 38.90, -77.01 38.90, -77.01 38.89))), MULTIPOLYGON(((-77.04 38.89, -77.03 38.89, -77.03 38.90, -77.04 38.90, -77.04 38.89)), ((-77.02 38.88, -77.01 38.88, -77.01 38.89, -77.02 38.89, -77.02 38.88))), MULTIPOLYGON(((-77.05 38.88, -77.04 38.88, -77.04 38.89, -77.05 38.89, -77.05 38.88)), ((-77.03 38.87, -77.02 38.87, -77.02 38.88, -77.03 38.88, -77.03 38.87)))",multi-polygon
zoning_polygon,"POLYGON((-84.38 33.74, -84.37 33.74, -84.37 33.75, -84.38 33.75, -84.38 33.74)), POLYGON((-84.39 33.73, -84.38 33.73, -84.38 33.74, -84.39 33.74, -84.39 33.73)), POLYGON((-84.40 33.72, -84.39 33.72, -84.39 33.73, -84.40 33.73, -84.40 33.72))",polygon
zoning_multipolygon,"MULTIPOLYGON(((-84.38 33.74, -84.37 33.74, -84.37 33.75, -84.38 33.75, -84.38 33.74)), ((-84.36 33.73, -84.35 33.73, -84.35 33.74, -84.36 33.74, -84.36 33.73))), MULTIPOLYGON(((-84.39 33.73, -84.38 33.73, -84.38 33.74, -84.39 33.74, -84.39 33.73)), ((-84.37 33.72, -84.36 33.72, -84.36 33.73, -84.37 33.73, -84.37 33.72))), MULTIPOLYGON(((-84.40 33.72, -84.39 33.72, -84.39 33.73, -84.40 33.73, -84.40 33.72)), ((-84.38 33.71, -84.37 33.71, -84.37 33.72, -84.38 33.72, -84.38 33.71)))",multi-polygon
district_boundary,"POLYGON((-90.07 29.95, -90.06 29.95, -90.06 29.96, -90.07 29.96, -90.07 29.95)), POLYGON((-90.08 29.94, -90.07 29.94, -90.07 29.95, -90.08 29.95, -90.08 29.94)), POLYGON((-90.09 29.93, -90.08 29.93, -90.08 29.94, -90.09 29.94, -90.09 29.93))",polygon
district_boundary,"MULTIPOLYGON(((-90.07 29.95, -90.06 29.95, -90.06 29.96, -90.07 29.96, -90.07 29.95)), ((-90.05 29.94, -90.04 29.94, -90.04 29.95, -90.05 29.95, -90.05 29.94))), MULTIPOLYGON(((-90.08 29.94, -90.07 29.94, -90.07 29.95, -90.08 29.95, -90.08 29.94)), ((-90.06 29.93, -90.05 29.93, -90.05 29.94, -90.06 29.94, -90.06 29.93))), MULTIPOLYGON(((-90.09 29.93, -90.08 29.93, -90.08 29.94, -90.09 29.94, -90.09 29.93)), ((-90.07 29.92, -90.06 29.92, -90.06 29.93, -90.07 29.93, -90.07 29.92)))",multi-polygon
polygon_wkt,"POLYGON((-104.99 39.73, -104.98 39.73, -104.98 39.74, -104.99 39.74, -104.99 39.73)), POLYGON((-105.00 39.72, -104.99 39.72, -104.99 39.73, -105.00 39.73, -105.00 39.72)), POLYGON((-104.97 39.75, -104.96 39.75, -104.96 39.76, -104.97 39.76, -104.97 39.75))",polygon
multipolygon_wkt,"MULTIPOLYGON(((-104.99 39.73, -104.98 39.73, -104.98 39.74, -104.99 39.74, -104.99 39.73)), ((-104.97 39.72, -104.96 39.72, -104.96 39.73, -104.97 39.73, -104.97 39.72))), MULTIPOLYGON(((-105.00 39.72, -104.99 39.72, -104.99 39.73, -105.00 39.73, -105.00 39.72)), ((-105.01 39.71, -105.00 39.71, -105.00 39.72, -105.01 39.72, -105.01 39.71))), MULTIPOLYGON(((-104.97 39.75, -104.96 39.75, -104.96 39.76, -104.97 39.76, -104.97 39.75)), ((-104.95 39.74, -104.94 39.74, -104.94 39.75, -104.95 39.75, -104.95 39.74)))",multi-polygon
shape_wkt,"POLYGON((-75.16 39.95, -75.15 39.95, -75.15 39.96, -75.16 39.96, -75.16 39.95)), POLYGON((-75.17 39.94, -75.16 39.94, -75.16 39.95, -75.17 39.95, -75.17 39.94)), POLYGON((-75.18 39.93, -75.17 39.93, -75.17 39.94, -75.18 39.94, -75.18 39.93))",polygon
shape_wkt,"MULTIPOLYGON(((-75.16 39.95, -75.15 39.95, -75.15 39.96, -75.16 39.96, -75.16 39.95)), ((-75.14 39.94, -75.13 39.94, -75.13 39.95, -75.14 39.95, -75.14 39.94))), MULTIPOLYGON(((-75.17 39.94, -75.16 39.94, -75.16 39.95, -75.17 39.95, -75.17 39.94)), ((-75.15 39.93, -75.14 39.93, -75.14 39.94, -75.15 39.94, -75.15 39.93))), MULTIPOLYGON(((-75.18 39.93, -75.17 39.93, -75.17 39.94, -75.18 39.94, -75.18 39.93)), ((-75.16 39.92, -75.15 39.92, -75.15 39.93, -75.16 39.93, -75.16 39.92)))",multi-polygon
GEOMETRY,"POLYGON((-112.07 33.44, -112.06 33.44, -112.06 33.45, -112.07 33.45, -112.07 33.44)), POLYGON((-112.08 33.43, -112.07 33.43, -112.07 33.44, -112.08 33.44, -112.08 33.43)), POLYGON((-112.09 33.42, -112.08 33.42, -112.08 33.43, -112.09 33.43, -112.09 33.42))",polygon
GEOMETRY,"MULTIPOLYGON(((-112.07 33.44, -112.06 33.44, -112.06 33.45, -112.07 33.45, -112.07 33.44)), ((-112.05 33.43, -112.04 33.43, -112.04 33.44, -112.05 33.44, -112.05 33.43))), MULTIPOLYGON(((-112.08 33.43, -112.07 33.43, -112.07 33.44, -112.08 33.44, -112.08 33.43)), ((-112.06 33.42, -112.05 33.42, -112.05 33.43, -112.06 33.43, -112.06 33.42))), MULTIPOLYGON(((-112.09 33.42, -112.08 33.42, -112.08 33.43, -112.09 33.43, -112.09 33.42)), ((-112.07 33.41, -112.06 33.41, -112.06 33.42, -112.07 33.42, -112.07 33.41)))",multi-polygon
lot_geom,"POLYGON((-96.80 32.77, -96.79 32.77, -96.79 32.78, -96.80 32.78, -96.80 32.77)), POLYGON((-96.81 32.76, -96.80 32.76, -96.80 32.77, -96.81 32.77, -96.81 32.76)), POLYGON((-96.82 32.75, -96.81 32.75, -96.81 32.76, -96.82 32.76, -96.82 32.75))",polygon
lot_geom_multi,"MULTIPOLYGON(((-96.80 32.77, -96.79 32.77, -96.79 32.78, -96.80 32.78, -96.80 32.77)), ((-96.78 32.76, -96.77 32.76, -96.77 32.77, -96.78 32.77, -96.78 32.76))), MULTIPOLYGON(((-96.81 32.76, -96.80 32.76, -96.80 32.77, -96.81 32.77, -96.81 32.76)), ((-96.79 32.75, -96.78 32.75, -96.78 32.76, -96.79 32.76, -96.79 32.75))), MULTIPOLYGON(((-96.82 32.75, -96.81 32.75, -96.81 32.76, -96.82 32.76, -96.82 32.75)), ((-96.80 32.74, -96.79 32.74, -96.79 32.75, -96.80 32.75, -96.80 32.74)))",multi-polygon
gis_polygon,"POLYGON((-117.16 32.71, -117.15 32.71, -117.15 32.72, -117.16 32.72, -117.16 32.71)), POLYGON((-117.17 32.70, -117.16 32.70, -117.16 32.71, -117.17 32.71, -117.17 32.70)), POLYGON((-117.18 32.69, -117.17 32.69, -117.17 32.70, -117.18 32.70, -117.18 32.69))",polygon
gis_multipolygon,"MULTIPOLYGON(((-117.16 32.71, -117.15 32.71, -117.15 32.72, -117.16 32.72, -117.16 32.71)), ((-117.14 32.70, -117.13 32.70, -117.13 32.71, -117.14 32.71, -117.14 32.70))), MULTIPOLYGON(((-117.17 32.70, -117.16 32.70, -117.16 32.71, -117.17 32.71, -117.17 32.70)), ((-117.15 32.69, -117.14 32.69, -117.14 32.70, -117.15 32.70, -117.15 32.69))), MULTIPOLYGON(((-117.18 32.69, -117.17 32.69, -117.17 32.70, -117.18 32.70, -117.18 32.69)), ((-117.16 32.68, -117.15 32.68, -117.15 32.69, -117.16 32.69, -117.16 32.68)))",multi-polygon
feature_geometry,"POLYGON((-80.19 25.76, -80.18 25.76, -80.18 25.77, -80.19 25.77, -80.19 25.76)), POLYGON((-80.20 25.75, -80.19 25.75, -80.19 25.76, -80.20 25.76, -80.20 25.75)), POLYGON((-80.21 25.74, -80.20 25.74, -80.20 25.75, -80.21 25.75, -80.21 25.74))",polygon
feature_geometry,"MULTIPOLYGON(((-80.19 25.76, -80.18 25.76, -80.18 25.77, -80.19 25.77, -80.19 25.76)), ((-80.17 25.75, -80.16 25.75, -80.16 25.76, -80.17 25.76, -80.17 25.75))), MULTIPOLYGON(((-80.20 25.75, -80.19 25.75, -80.19 25.76, -80.20 25.76, -80.20 25.75)), ((-80.18 25.74, -80.17 25.74, -80.17 25.75, -80.18 25.75, -80.18 25.74))), MULTIPOLYGON(((-80.21 25.74, -80.20 25.74, -80.20 25.75, -80.21 25.75, -80.21 25.74)), ((-80.19 25.73, -80.18 25.73, -80.18 25.74, -80.19 25.74, -80.19 25.73)))",multi-polygon
region_poly,"POLYGON((-121.49 38.58, -121.48 38.58, -121.48 38.59, -121.49 38.59, -121.49 38.58)), POLYGON((-121.50 38.57, -121.49 38.57, -121.49 38.58, -121.50 38.58, -121.50 38.57)), POLYGON((-121.51 38.56, -121.50 38.56, -121.50 38.57, -121.51 38.57, -121.51 38.56))",polygon
region_mpoly,"MULTIPOLYGON(((-121.49 38.58, -121.48 38.58, -121.48 38.59, -121.49 38.59, -121.49 38.58)), ((-121.47 38.57, -121.46 38.57, -121.46 38.58, -121.47 38.58, -121.47 38.57))), MULTIPOLYGON(((-121.50 38.57, -121.49 38.57, -121.49 38.58, -121.50 38.58, -121.50 38.57)), ((-121.48 38.56, -121.47 38.56, -121.47 38.57, -121.48 38.57, -121.48 38.56))), MULTIPOLYGON(((-121.51 38.56, -121.50 38.56, -121.50 38.57, -121.51 38.57, -121.51 38.56)), ((-121.49 38.55, -121.48 38.55, -121.48 38.56, -121.49 38.56, -121.49 38.55)))",multi-polygon
outline,"POLYGON((-86.15 39.76, -86.14 39.76, -86.14 39.77, -86.15 39.77, -86.15 39.76)), POLYGON((-86.16 39.75, -86.15 39.75, -86.15 39.76, -86.16 39.76, -86.16 39.75)), POLYGON((-86.17 39.74, -86.16 39.74, -86.16 39.75, -86.17 39.75, -86.17 39.74))",polygon
outlines,"MULTIPOLYGON(((-86.15 39.76, -86.14 39.76, -86.14 39.77, -86.15 39.77, -86.15 39.76)), ((-86.13 39.75, -86.12 39.75, -86.12 39.76, -86.13 39.76, -86.13 39.75))), MULTIPOLYGON(((-86.16 39.75, -86.15 39.75, -86.15 39.76, -86.16 39.76, -86.16 39.75)), ((-86.14 39.74, -86.13 39.74, -86.13 39.75, -86.14 39.75, -86.14 39.74))), MULTIPOLYGON(((-86.17 39.74, -86.16 39.74, -86.16 39.75, -86.17 39.75, -86.17 39.74)), ((-86.15 39.73, -86.14 39.73, -86.14 39.74, -86.15 39.74, -86.15 39.73)))",multi-polygon
wkt_representation,"POLYGON((-93.26 44.97, -93.25 44.97, -93.25 44.98, -93.26 44.98, -93.26 44.97)), POLYGON((-93.27 44.96, -93.26 44.96, -93.26 44.97, -93.27 44.97, -93.27 44.96)), POLYGON((-93.28 44.95, -93.27 44.95, -93.27 44.96, -93.28 44.96, -93.28 44.95))",polygon
wkt_representation,"MULTIPOLYGON(((-93.26 44.97, -93.25 44.97, -93.25 44.98, -93.26 44.98, -93.26 44.97)), ((-93.24 44.96, -93.23 44.96, -93.23 44.97, -93.24 44.97, -93.24 44.96))), MULTIPOLYGON(((-93.27 44.96, -93.26 44.96, -93.26 44.97, -93.27 44.97, -93.27 44.96)), ((-93.25 44.95, -93.24 44.95, -93.24 44.96, -93.25 44.96, -93.25 44.95))), MULTIPOLYGON(((-93.28 44.95, -93.27 44.95, -93.27 44.96, -93.28 44.96, -93.28 44.95)), ((-93.26 44.94, -93.25 44.94, -93.25 44.95, -93.26 44.95, -93.26 44.94)))",multi-polygon
spatial_obj,"POLYGON((-79.99 40.44, -79.98 40.44, -79.98 40.45, -79.99 40.45, -79.99 40.44)), POLYGON((-80.00 40.43, -79.99 40.43, -79.99 40.44, -80.00 40.44, -80.00 40.43)), POLYGON((-80.01 40.42, -80.00 40.42, -80.00 40.43, -80.01 40.43, -80.01 40.42))",polygon
spatial_obj,"MULTIPOLYGON(((-79.99 40.44, -79.98 40.44, -79.98 40.45, -79.99 40.45, -79.99 40.44)), ((-79.97 40.43, -79.96 40.43, -79.96 40.44, -79.97 40.44, -79.97 40.43))), MULTIPOLYGON(((-80.00 40.43, -79.99 40.43, -79.99 40.44, -80.00 40.44, -80.00 40.43)), ((-79.98 40.42, -79.97 40.42, -79.97 40.43, -79.98 40.43, -79.98 40.42))), MULTIPOLYGON(((-80.01 40.42, -80.00 40.42, -80.00 40.43, -80.01 40.43, -80.01 40.42)), ((-79.99 40.41, -79.98 40.41, -79.98 40.42, -79.99 40.42, -79.99 40.41)))",multi-polygon
geom,"POLYGON((-74.01 40.75, -74.00 40.75, -74.00 40.76, -74.01 40.76, -74.01 40.75)), POLYGON((-73.98 40.72, -73.97 40.72, -73.97 40.73, -73.98 40.73, -73.98 40.72)), POLYGON((-74.05 40.69, -74.04 40.69, -74.04 40.70, -74.05 40.70, -74.05 40.69))",polygon
notes,"Area designated for recreational use only. No motorized vehicles., Contains sensitive habitat for local bird species., Subject to seasonal flooding; check local advisories.",non_spatial
wkt_geometry,"POLYGON((-87.63 41.88, -87.62 41.88, -87.62 41.89, -87.63 41.89, -87.63 41.88)), POLYGON((-87.65 41.85, -87.64 41.85, -87.64 41.86, -87.65 41.86, -87.65 41.85)), POLYGON((-87.70 41.90, -87.69 41.90, -87.69 41.91, -87.70 41.91, -87.70 41.90))",polygon
zoning_code_description,"R1-A: Single-Family Residential, minimum lot size 5000 sq ft., C-2: General Commercial, allows for retail and office use., M-1: Light Industrial, manufacturing and warehousing permitted.",non_spatial
SHAPE,"POLYGON((-118.25 34.05, -118.24 34.05, -118.24 34.06, -118.25 34.06, -118.25 34.05)), POLYGON((-118.30 34.10, -118.29 34.10, -118.29 34.11, -118.30 34.11, -118.30 34.10)), POLYGON((-118.20 34.00, -118.19 34.00, -118.19 34.01, -118.20 34.01, -118.20 34.00))",polygon
district_policy_summary,"Policy 4.1.2: All new construction must adhere to green building standards., Summary of Bylaw 11-B: Restrictions on after-hours facility use., Student transfer requests are reviewed on a case-by-case basis.",non_spatial
boundary_polygon,"POLYGON((-95.36 29.76, -95.35 29.76, -95.35 29.77, -95.36 29.77, -95.36 29.76)), POLYGON((-95.40 29.72, -95.39 29.72, -95.39 29.73, -95.40 29.73, -95.40 29.72)), POLYGON((-95.30 29.80, -95.29 29.80, -95.29 29.81, -95.30 29.81, -95.30 29.80))",polygon
demographic_profile_narrative,"This area is characterized by a high density of young professionals and a growing number of families., A diverse, multilingual community with a significant portion of residents born outside the US., Primarily a retirement community with a median age of 62.",non_spatial
polygon_wkt,"POLYGON((-81.5 28.5, -81.6 28.4, -81.5 28.3, -81.4 28.4, -81.5 28.5)), POLYGON((-80.2 25.8, -80.3 25.7, -80.2 25.6, -80.1 25.7, -80.2 25.8)), POLYGON((-82.4 27.9, -82.5 27.8, -82.4 27.7, -82.3 27.8, -82.4 27.9))",polygon
the_geom,"POLYGON((-122.42 37.77, -122.41 37.77, -122.41 37.78, -122.42 37.78, -122.42 37.77)), POLYGON((-122.45 37.75, -122.44 37.75, -122.44 37.76, -122.45 37.76, -122.45 37.75)), POLYGON((-122.40 37.80, -122.39 37.80, -122.39 37.81, -122.40 37.81, -122.40 37.80))",polygon
land_use_regulation_text,"Setback requirements for primary structures are 25 feet from the front property line., Maximum building height is restricted to 35 feet or 2.5 stories., Impervious surface coverage shall not exceed 40% of the total lot area.",non_spatial
footprint,"POLYGON((-71.06 42.36, -71.05 42.36, -71.05 42.37, -71.06 42.37, -71.06 42.36)), POLYGON((-71.10 42.34, -71.09 42.34, -71.09 42.35, -71.10 42.35, -71.10 42.34)), POLYGON((-71.03 42.38, -71.02 42.38, -71.02 42.39, -71.03 42.39, -71.03 42.38))",polygon
building_permit_conditions,"All work must be inspected prior to covering or concealment. Contact inspector 48 hours in advance., Erosion control measures must be installed and maintained throughout the construction period., A final certificate of occupancy is required before the structure can be inhabited.",non_spatial
zone_poly,"POLYGON((-90.07 29.95, -90.06 29.95, -90.06 29.96, -90.07 29.96, -90.07 29.95)), POLYGON((-90.10 29.92, -90.09 29.92, -90.09 29.93, -90.10 29.93, -90.10 29.92)), POLYGON((-90.05 29.98, -90.04 29.98, -90.04 29.99, -90.05 29.99, -90.05 29.98))",polygon
flood_risk_assessment_text,"This property has a 1% annual chance of flooding, also known as the 100-year flood., Low-lying areas may be subject to inundation during periods of heavy rainfall., FEMA flood map panel 06037C0679H indicates this is Zone AE.",non_spatial
service_area_geom,"POLYGON((-117.16 32.71, -117.15 32.71, -117.15 32.72, -117.16 32.72, -117.16 32.71)), POLYGON((-117.20 32.75, -117.19 32.75, -117.19 32.76, -117.20 32.76, -117.20 32.75)), POLYGON((-117.10 32.68, -117.09 32.68, -117.09 32.69, -117.10 32.69, -117.10 32.68))",polygon
service_level_agreement,"Guaranteed uptime of 99.9% per calendar month, with credits for any additional downtime., Response time for critical issues is guaranteed to be under 1 hour., Standard support is available from 9 AM to 5 PM local time, Monday through Friday.",non_spatial
wkt,"POLYGON((-97.74 30.26, -97.73 30.26, -97.73 30.27, -97.74 30.27, -97.74 30.26)), POLYGON((-97.78 30.22, -97.77 30.22, -97.77 30.23, -97.78 30.23, -97.78 30.22)), POLYGON((-97.70 30.30, -97.69 30.30, -97.69 30.31, -97.70 30.31, -97.70 30.30))",polygon
legal_description,"Lot 12 in Block 5 of the SUNSET ACRES SUBDIVISION, as recorded in Plat Book 24, Page 8, of the Public Records of Cook County, Illinois., Beginning at an iron pin found at the northeast corner of Section 15, Township 2 South, Range 28 East; thence South 00°15' West, a distance of 450.00 feet to the point of beginning., The West half of the Northwest quarter of Section 10, Township 10 North, Range 6 West, containing 80 acres, more or less.",non_spatial
district_boundary,"POLYGON((-77.04 38.90, -77.03 38.90, -77.03 38.91, -77.04 38.91, -77.04 38.90)), POLYGON((-77.07 38.88, -77.06 38.88, -77.06 38.89, -77.07 38.89, -77.07 38.88)), POLYGON((-77.01 38.92, -77.00 38.92, -77.00 38.93, -77.01 38.93, -77.01 38.92))",polygon
geom_polygon,"POLYGON((-84.39 33.75, -84.38 33.75, -84.38 33.76, -84.39 33.76, -84.39 33.75)), POLYGON((-84.42 33.72, -84.41 33.72, -84.41 33.73, -84.42 33.73, -84.42 33.72)), POLYGON((-84.35 33.78, -84.34 33.78, -84.34 33.79, -84.35 33.79, -84.35 33.78))",polygon
easement_deed_text,"A perpetual, non-exclusive easement for ingress, egress, and public utilities over, under, and across the southerly 20 feet of the herein described property., Conservation easement prohibiting any future development or subdivision of the land., A temporary construction easement, 15 feet in width, expiring upon completion of the adjacent road project.",non_spatial
parcel_shape,"POLYGON((-112.07 33.45, -112.06 33.45, -112.06 33.46, -112.07 33.46, -112.07 33.45)), POLYGON((-112.10 33.42, -112.09 33.42, -112.09 33.43, -112.10 33.43, -112.10 33.42)), POLYGON((-112.04 33.48, -112.03 33.48, -112.03 33.49, -112.04 33.49, -112.04 33.48))",polygon
tax_assessment_notes,"Valuation reflects recent kitchen and bathroom renovations reported in permit #B2022-1045., Property value adjusted downward due to proximity to newly constructed power substation., Assessment based on comparable sales in the neighborhood from the previous fiscal year.",non_spatial
management_area_poly,"POLYGON((-104.8 39.7, -104.9 39.6, -104.8 39.5, -104.7 39.6, -104.8 39.7)), POLYGON((-105.0 39.8, -105.1 39.7, -105.0 39.6, -104.9 39.7, -105.0 39.8)), POLYGON((-104.7 39.9, -104.8 39.8, -104.7 39.7, -104.6 39.8, -104.7 39.9))",polygon
management_plan_objective,"To restore and maintain the native longleaf pine ecosystem through prescribed burning and invasive species control., Enhance habitat for migratory waterfowl by managing water levels in seasonal wetlands., Provide public access for low-impact recreation such as hiking and birdwatching.",non_spatial
as_wkt,"POLYGON((-75.17 39.95, -75.16 39.95, -75.16 39.96, -75.17 39.96, -75.17 39.95)), POLYGON((-75.20 39.93, -75.19 39.93, -75.19 39.94, -75.20 39.94, -75.20 39.93)), POLYGON((-75.14 39.97, -75.13 39.97, -75.13 39.98, -75.14 39.98, -75.14 39.97))",polygon
historic_designation_report,"The building is a significant example of Art Deco architecture, designed by noted architect John Smith in 1932., This district contains a cohesive collection of late 19th-century Victorian homes., The site is historically significant for its role in the Civil Rights movement of the 1960s.",non_spatial
GEOMETRY,"POLYGON((-121.49 38.58, -121.48 38.58, -121.48 38.59, -121.49 38.59, -121.49 38.58)), POLYGON((-121.52 38.55, -121.51 38.55, -121.51 38.56, -121.52 38.56, -121.52 38.55)), POLYGON((-121.46 38.60, -121.45 38.60, -121.45 38.61, -121.46 38.61, -121.46 38.60))",polygon
noise_abatement_procedure_desc,"Aircraft shall maintain at or above 3,000 feet MSL until established on the final approach course., Use of reverse thrust should be minimized between the hours of 10:00 PM and 7:00 AM., Departing aircraft are requested to use the 'Quiet Climb' profile as outlined in the pilot's manual.",non_spatial
polygon_representation,"POLYGON((-96.80 32.78, -96.79 32.78, -96.79 32.79, -96.80 32.79, -96.80 32.78)), POLYGON((-96.83 32.75, -96.82 32.75, -96.82 32.76, -96.83 32.76, -96.83 32.75)), POLYGON((-96.77 32.81, -96.76 32.81, -96.76 32.82, -96.77 32.82, -96.77 32.81))",polygon
sales_strategy_document,"Focus on acquiring new enterprise-level clients through targeted outreach and product demonstrations., Increase market share by 15% in the next fiscal year by expanding into adjacent verticals., Leverage existing customer relationships to upsell premium service packages.",non_spatial
boundary_wkt,"POLYGON((-122.33 47.61, -122.32 47.61, -122.32 47.62, -122.33 47.62, -122.33 47.61)), POLYGON((-122.36 47.58, -122.35 47.58, -122.35 47.59, -122.36 47.59, -122.36 47.58)), POLYGON((-122.30 47.64, -122.29 47.64, -122.29 47.65, -122.30 47.65, -122.30 47.64))",polygon
fire_district_poly,"POLYGON((-86.16 39.77, -86.15 39.77, -86.15 39.78, -86.16 39.78, -86.16 39.77)), POLYGON((-86.19 39.74, -86.18 39.74, -86.18 39.75, -86.19 39.75, -86.19 39.74)), POLYGON((-86.13 39.80, -86.12 39.80, -86.12 39.81, -86.13 39.81, -86.13 39.80))",polygon
incident_report_narrative,"Upon arrival, Engine 3 found a two-story residential structure with heavy smoke showing from the second floor., Crews initiated a fast attack and had the fire under control within 20 minutes. Primary and secondary searches were all clear., The cause of the fire is under investigation by the Fire Marshal's office.",non_spatial
shape_wkt,"POLYGON((-83.05 42.33, -83.04 42.33, -83.04 42.34, -83.05 42.34, -83.05 42.33)), POLYGON((-83.08 42.30, -83.07 42.30, -83.07 42.31, -83.08 42.31, -83.08 42.30)), POLYGON((-83.02 42.36, -83.01 42.36, -83.01 42.37, -83.02 42.37, -83.02 42.36))",polygon
meeting_minutes_summary,"The council approved the rezoning application for 123 Main Street with a 5-2 vote., A motion to defer the budget discussion to the next meeting was passed unanimously., Public comment period included three speakers who spoke in opposition to the proposed development.",non_spatial
incorp_state,"Delaware, Nevada, Wyoming",state
legal_entity_type,"Corporation, LLC, Partnership",non_spatial
project_state,"California, Texas, Florida",state
current_phase,"Active, On Hold, Completed",non_spatial
PATIENT_STATE,"New York, New Jersey, Connecticut",state
PATIENT_STATUS,"Stable, Critical, Guarded",non_spatial
vendor_state,"Virginia, Maryland, District of Columbia",state
award_type,"Fixed-Price, Cost-Plus, Time and Materials",non_spatial
site.state,"Louisiana, Mississippi, Alabama",state
submission.status,"Submitted, Under Review, Approved",non_spatial
home_state,"Massachusetts, Pennsylvania, Ohio",state
current_standing,"Good Standing, Probation, Suspended",non_spatial
PROPERTY_STATE,"Arizona, Colorado, Utah",state
PROPERTY_CLASS,"Residential, Commercial, Vacant Land",non_spatial
voter_residence_state,"Georgia, North Carolina, Florida",state
registration_status,"Active, Inactive, Pending",non_spatial
reg_state,"Michigan, Illinois, Indiana",state
vehicle_paint_primary,"Blue, Silver, Black",non_spatial
jurisdiction_state,"California, New York, Texas",state
current_case_status,"Open, Closed, Appealed",non_spatial
publisher_state,"New York, Massachusetts, Illinois",state
material_type,"Book, Journal, DVD",non_spatial
customer_st,"Washington, Oregon, Idaho",state
ticket_urgency,"High, Medium, Low",non_spatial
incidentState,"Florida, Texas, Oklahoma",state
claimOutcome,"Paid, Denied, Pending Investigation",non_spatial
applicant.state,"California, Washington, New York",state
application.stage,"Applied, Interview, Offer",non_spatial
branch_state,"North Carolina, South Carolina, Georgia",state
product_type,"Checking, Savings, Investment",non_spatial
dest_state,"New Jersey, Pennsylvania, Delaware",state
shipping_class,"Standard, Express, Overnight",non_spatial
venue_st,"Nevada, Florida, Louisiana",state
event_type,"Conference, Trade Show, Concert",non_spatial
respondent_state,"Minnesota, Wisconsin, Iowa",state
self_reported_health,"Excellent, Good, Poor",non_spatial
district_state,"Texas, California, Florida",state
grade_level_group,"Elementary, Middle, High",non_spatial
DONOR_STATE,"New York, California, District of Columbia",state
CONTRIBUTOR_TYPE,"Individual, PAC, Corporation",non_spatial
state_name,"California, Nevada, Arizona",state
state_abbr,"CA, NV, AZ",state_code
State,"New York, Pennsylvania, New Jersey",state
ST_CD,"NY, PA, NJ",state_code
location_state,"Florida, Georgia, South Carolina",state
location_state_code,"FL, GA, SC",state_code
JURISDICTION_STATE,"Texas, Oklahoma, Louisiana",state
JURISDICTION_STATE_ABBR,"TX, OK, LA",state_code
state,"Washington, Oregon, Idaho",state
st,"WA, OR, ID",state_code
state_full,"Illinois, Indiana, Ohio",state
state_2_letter,"IL, IN, OH",state_code
project_state,"Colorado, Utah, Wyoming",state
proj_st,"CO, UT, WY",state_code
StateName,"Virginia, Maryland, Delaware",state
StateAbbreviation,"VA, MD, DE",state_code
STATE,"Michigan, Wisconsin, Minnesota",state
STATE_CODE,"MI, WI, MN",state_code
site_state,"North Carolina, Tennessee, Kentucky",state
site_st_code,"NC, TN, KY",state_code
state_of_residence,"Massachusetts, Connecticut, Rhode Island",state
residence_st,"MA, CT, RI",state_code
primary_state,"Montana, North Dakota, South Dakota",state
primary_state_usps,"MT, ND, SD",state_code
STATE_NM,"Alabama, Mississippi, Arkansas",state
ST_ABBREV,"AL, MS, AR",state_code
vendor_state,"New Hampshire, Vermont, Maine",state
vendor_state_id,"NH, VT, ME",state_code
MailingState,"Iowa, Missouri, Nebraska",state
MailingSt,"IA, MO, NE",state_code
owner_state,"West Virginia, Virginia, Maryland",state
owner_st_abbr,"WV, VA, MD",state_code
state_desc,"Kansas, Oklahoma, Colorado",state
state_cd,"KS, OK, CO",state_code
us_state,"New Mexico, Arizona, Texas",state
us_state_code,"NM, AZ, TX",state_code
State.Name,"Hawaii, Alaska, California",state
State.Code,"HI, AK, CA",state_code
facility_state,"Pennsylvania, Ohio, West Virginia",state
facility_state_2char,"PA, OH, WV",state_code
state_cd,"CA, OR, WA",state_code
status_cd,"AC, PN, EX",non_spatial
JURISDICTION_STATE,"MA, CT, RI",state_code
JURISDICTION_TYPE,"FD, ST, LC",non_spatial
st,"CO, UT, WY",state_code
cd,"CO, SU, TE",non_spatial
property_st,"FL, GA, SC",state_code
property_cl,"RE, CO, IN",non_spatial
StateAbbr,"IL, IN, OH",state_code
RecordType,"IN, UP, DL",non_spatial
mail_state,"PA, NJ, DE",state_code
mail_class,"FC, PM, MM",non_spatial
site_st,"WA, ID, MT",state_code
site_cat,"HW, SW, FW",non_spatial
STATE,"AZ, NM, NV",state_code
TIER,"GD, SL, BR",non_spatial
vendor_state,"NE, KS, IA",state_code
vendor_code,"A2, B1, C4",non_spatial
st_code,"TN, KY, AL",state_code
acct_code,"SA, CK, MM",non_spatial
state_of_record,"MN, WI, MI",state_code
status_of_record,"OP, CL, AR",non_spatial
us_state,"AK, HI, TX",state_code
stcd,"AR, LA, MS",state_code
prcd,"EL, AP, BK",non_spatial
State,"NY, VA, NC",state_code
Action,"AD, ED, RM",non_spatial
school_st,"MO, OK, SD",state_code
school_typ,"PU, PR, CH",non_spatial
state_code,"CO, MT, WY",state_code
pay_method,"CC, DB, PP",non_spatial
office_state,"CA, NV, OR",state_code
office_type,"HQ, BR, RG",non_spatial
st_abbr,"ME, NH, VT",state_code
doc_abbr,"IN, PO, RC",non_spatial
STATE_ABBREVIATION,"OH, MI, IN",state_code
CLASSIFICATION_CODE,"SC, TS, UC",non_spatial
client_st,"TX, FL, GA",state_code
client_grp,"EN, SM, CR",non_spatial
x_coord_sp,"654321.98, 789012.34, 543210.98",x_coord
longitude_dd,"-74.0060, -73.9857, -74.0100",longitude
Easting,"2890123.45, 2912345.67, 2888765.43",x_coord
Longitude,"-122.4194, -122.4089, -122.4278",longitude
map_x_mercator,"-8238452.12, -8240123.45, -8239567.89",x_coord
lon_wgs84,"-73.9951, -74.0098, -73.9876",longitude
gis.easting.ft,"1023456.78, 1024567.89, 1025678.90",x_coord
gis.longitude.dd,"-87.6298, -87.6502, -87.6324",longitude
X_COORD_STATEPLANE,"3123456.7, 3124567.8, 3125678.9",x_coord
LONGITUDE_WGS84,"-118.2437, -118.2551, -118.3086",longitude
x_east_proj,"-9876543.21, -9875432.10, -9874321.09",x_coord
long_coord,"-88.7879, -88.7980, -88.7778",longitude
projected_x,"456789.01, 457890.12, 458901.23",x_coord
lng,"-95.3698, -95.3811, -95.3589",longitude
EASTING_M,"765432.10, 764321.09, 763210.98",x_coord
LONGITUDE_DECDEG,"-84.3880, -84.3944, -84.4001",longitude
x_web_mercator,"-13600123.45, -13598765.43, -13601234.56",x_coord
longitude_geographic,"-122.1430, -122.1215, -122.1500",longitude
site_easting,"1890123.45, 1891234.56, 1892345.67",x_coord
site_longitude,"-111.8910, -111.9000, -111.8888",longitude
x-nad83,"2501234.56, 2502345.67, 2503456.78",x_coord
lon-wgs84,"-97.7431, -97.7331, -97.7531",longitude
pt_easting_ft,"600123.45, 601234.56, 602345.67",x_coord
pt_lng,"-71.0589, -71.0600, -71.0570",longitude
X_UTM,"-10901234.56, -10902345.67, -10903456.78",x_coord
Lon,"-97.9222, -97.9333, -97.9111",longitude
x_coord_meters,"890123.45, 891234.56, 892345.67",x_coord
lon_coord_dd,"-80.1918, -80.2018, -80.1818",longitude
asset_easting_ft,"3210987.65, 3211987.65, 3212987.65",x_coord
asset_longitude,"-117.1611, -117.1711, -117.1511",longitude
x_coord_spcs_usft,"987654.32, 987554.32, 987454.32",x_coord
lon_dd_wgs84,"-73.935242, -73.945242, -73.955242",longitude
easting_nad83_2011,"1234567.89, 1234567.90, 1234567.91",x_coord
longitude_nad83_2011,"-90.2087, -90.2187, -90.1987",longitude
map_x,"-7901234.56, -7902345.67, -7903456.78",x_coord
map_lon,"-71.0011, -71.0022, -71.0033",longitude
gis_x,"2012345.67, 2013456.78, 2014567.89",x_coord
gis_lon,"-104.9903, -104.9803, -104.9703",longitude
x_coord,"-11500000.1, -11500000.2, -11500000.3",x_coord
lon_coord,"-103.3496, -103.3596, -103.3696",longitude
X_UTM_Easting,"456789.12, 456890.23, 456991.34",x_coord
external_id,"45678912, 45689023, 45699134",non_spatial
x_coord_spcs,"2890123.45, 2890124.56, 2890125.67",x_coord
case_file_number,"2890123, 2890124, 2890125",non_spatial
gis_x,"-9753123.45, -9753124.56, -9753125.67",x_coord
invoice_number,"9753123, 9753124, 9753125",non_spatial
easting,"312890.5, 312990.6, 313090.7",x_coord
sample_id,"312890, 312990, 313090",non_spatial
projected_x_wgs84,"-11543210.98, -11543211.87, -11543212.76",x_coord
account_number,"1154321098, 1154321187, 1154321276",non_spatial
mapX,"1234567.8, 1234568.9, 1234569.0",x_coord
serial_number,"SN12345678, SN12345689, SN12345690",non_spatial
x_nad83,"654321.9, 654322.8, 654323.7",x_coord
employee_id,"654321, 654322, 654323",non_spatial
EAST_FT,"3210987.6, 3210988.5, 3210989.4",x_coord
customer_id,"CUST-32109876, CUST-32109885, CUST-32109894",non_spatial
x_proj,"-8500100.2, -8500101.3, -8500102.4",x_coord
item_sku,"85001002, 85001013, 85001024",non_spatial
Easting_Meters,"555123.4, 555234.5, 555345.6",x_coord
document_id,"DOC-5551234, DOC-5552345, DOC-5553456",non_spatial
x_coord_stateplane,"1890001.1, 1890002.2, 1890003.3",x_coord
tracking_number,"18900011A, 18900022B, 18900033C",non_spatial
x_mercator,"-10012345.67, -10012346.78, -10012347.89",x_coord
policy_number,"1001234567, 1001234678, 1001234789",non_spatial
X_coord,"400100.20, 400101.21, 400102.22",x_coord
record_id,"40010020, 40010121, 40010222",non_spatial
x_coordinate_epsg3857,"-13500000.00, -13500001.11, -13500002.22",x_coord
product_code,"PC13500000, PC13500001, PC13500002",non_spatial
easting_usft,"2500123.45, 2500124.56, 2500125.67",x_coord
participant_id,"P2500123, P2500124, P2500125",non_spatial
map_x_coord,"789012.34, 789013.45, 789014.56",x_coord
accession_number,"AN-78901234, AN-78901345, AN-78901456",non_spatial
X_PROJ_METERS,"654321.09, 654322.98, 654323.87",x_coord
registration_id,"65432109, 65432298, 65432387",non_spatial
x_spc_zone_4701,"3141592.65, 3141593.65, 3141594.65",x_coord
transaction_id,"T314159265, T314159365, T314159465",non_spatial
easting_coord,"-9988776.5, -9988775.4, -9988774.3",x_coord
control_number,"99887765, 99887754, 99887743",non_spatial
gis.easting,"2233445.56, 2233446.67, 2233447.78",x_coord
work_order_num,"WO-2233445, WO-2233446, WO-2233447",non_spatial
x_nad83_sp,"2987123.45, 2987150.91, 2987188.02",x_coord
y_nad83_sp,"456789.12, 456812.34, 456845.67",y_coord
easting_meters,"-9800123.45, -9800150.67, -9800177.89",x_coord
northing_meters,"4100987.65, 4100965.43, 4100943.21",y_coord
MAP_X_FT,"751234.5, 751235.6, 751236.7",x_coord
MAP_Y_FT,"1890123.4, 1890124.5, 1890125.6",y_coord
projected_x_coord,"645890.1, 645990.2, 646090.3",x_coord
projected_y_coord,"2109876.5, 2109976.6, 2110076.7",y_coord
GIS_EAST,"-11543210.98, -11543225.12, -11543240.34",x_coord
GIS_NORTH,"5432109.87, 5432123.45, 5432138.90",y_coord
X_UTM_18N,"345678.9, 345689.0, 345699.1",x_coord
Y_UTM_18N,"4501234.5, 4501245.6, 4501256.7",y_coord
easting_spcs_ny,"987123.45, 987150.91, 987188.02",x_coord
northing_spcs_ny,"210123.45, 210150.91, 210188.02",y_coord
x_coord_webmercator,"-8345678.90, -8345670.12, -8345661.34",x_coord
y_coord_webmercator,"4865432.10, 4865440.98, 4865449.87",y_coord
X_COORD_PROJ,"1234567.8, 1234570.1, 1234572.4",x_coord
Y_COORD_PROJ,"345678.9, 345681.2, 345683.5",y_coord
east_coord_ft,"3125432.1, 3125438.7, 3125445.3",x_coord
north_coord_ft,"543210.9, 543215.5, 543220.1",y_coord
site_x_proj,"456789.01, 456799.11, 456809.21",x_coord
site_y_proj,"4321098.76, 4321088.66, 4321078.56",y_coord
X_EAST,"-13500100.2, -13500150.4, -13500200.6",x_coord
Y_NORTH,"4500100.8, 4500150.6, 4500200.4",y_coord
x_sp_usft,"2500123.45, 2500124.56, 2500125.67",x_coord
y_sp_usft,"800123.45, 800124.56, 800125.67",y_coord
easting_val,"632145.8, 632155.9, 632166.0",x_coord
northing_val,"1458765.3, 1458775.4, 1458785.5",y_coord
map_x_wgs84,"-8901234.56, -8901235.67, -8901236.78",x_coord
map_y_wgs84,"3456789.01, 3456788.90, 3456787.89",y_coord
x_coord_m,"1854321.5, 1854389.2, 1854450.9",x_coord
y_coord_m,"543210.1, 543290.7, 543350.3",y_coord
gis.easting,"289012.3, 289015.6, 289018.9",x_coord
gis.northing,"6123456.7, 6123450.4, 6123444.1",y_coord
X_Projected_Coord,"-7890123.45, -7890124.56, -7890125.67",x_coord
Y_Projected_Coord,"4234567.89, 4234568.90, 4234569.01",y_coord
Easting,"499987.6, 499999.1, 500012.3",x_coord
Northing,"4499987.6, 4499999.1, 4500012.3",y_coord
x_coord_stateplane,"1020304.5, 1020314.5, 1020324.5",x_coord
y_coord_stateplane,"198765.4, 198775.4, 198785.4",y_coord
y_coord_spcs,"289345.1, 298765.4, 301234.9",y_coord
latitude,"40.123, 40.456, 40.789",latitude
northing_m,"4567890.12, 4567999.34, 4567800.0",y_coord
lat_dd,"34.05, 34.15, 34.25",latitude
GIS_Y_COORD,"123456.7, 123567.8, 123678.9",y_coord
Y_WGS84,"42.3601, 42.3584, 42.3642",latitude
y_utm17n,"4480000, 4481000, 4482000",y_coord
site_lat,"40.4406, 40.4416, 40.4426",latitude
Northing,"3456789.1, 3456890.2, 3456991.3",y_coord
LAT,"30.2672, 30.2682, 30.2692",latitude
y_coord_ft,"654321.0, 654432.1, 654543.2",y_coord
Location_Lat,"47.6062, 47.6072, 47.6082",latitude
map_y,"5123456.7, 5123567.8, 5123678.9",y_coord
latitude_coordinate,"46.8797, 46.8787, 46.8777",latitude
projected_y,"2109876.5, 2109987.6, 2109765.4",y_coord
LATITUDE_DECIMAL,"39.7392, 39.7402, 39.7412",latitude
y_nad83_ft,"456789.0, 456890.1, 456901.2",y_coord
lat_wgs84,"32.7157, 32.7167, 32.7177",latitude
y_coordinate_meters,"4765432.1, 4765543.2, 4765654.3",y_coord
Centroid_Lat,"44.9778, 44.9788, 44.9798",latitude
Y_NORTH,"189000.5, 189110.2, 189225.8",y_coord
facility_latitude,"29.7604, 29.7614, 29.7624",latitude
y_proj,"3345678.9, 3345789.0, 3345890.1",y_coord
lat_,"36.1699, 36.1709, 36.1719",latitude
y_web_mercator,"5009377.08, 5009488.19, 5009599.30",y_coord
LatitudeDD,"40.7128, 40.7138, 40.7148",latitude
y_coord_stateplane,"2234567.8, 2234678.9, 2234789.0",y_coord
y_coord_geographic,"41.8781, 41.8791, 41.8801",latitude
northing_ftus,"987654.3, 987765.4, 987876.5",y_coord
lat_coord,"38.9072, 38.9082, 38.9092",latitude
y_coordinate_projected,"4210987.6, 4210876.5, 4210765.4",y_coord
Start_Lat,"33.4484, 33.4494, 33.4504",latitude
Y_UTM_METERS,"4987654.3, 4987765.4, 4987876.5",y_coord
latitude_of_site,"45.5051, 45.5151, 45.5251",latitude
y_coord_m,"3987654.3, 3987765.4, 3987876.5",y_coord
LATITUDE_,"25.7617, 25.7717, 25.7817",latitude
Northing_Value,"765432.1, 765543.2, 765654.3",y_coord
lat_val,"39.9526, 39.9536, 39.9546",latitude
gis.y_coord,"1543210.9, 1543321.0, 1543432.1",y_coord
geo_latitude,"37.7749, 37.7759, 37.7769",latitude
y_coord_meters,"4500123.45, 4500155.12, 4500199.87",y_coord
case_id,"4500123, 4500124, 4500125",non_spatial
y_utm10n,"3890123.5, 3890155.2, 3890199.9",y_coord
fiscal_year,"2020, 2021, 2022",non_spatial
PROJECTED_Y_NAD83,"250123.11, 250155.82, 250199.43",y_coord
permit_number,"25012311, 25015582, 25019943",non_spatial
gis_y_coord,"1234567.89, 1234568.01, 1234569.12",y_coord
y_review_status,"Pending, Approved, Rejected",non_spatial
map_y,"543210.9, 543221.8, 543232.7",y_coord
sample_id,"543210, 543211, 543212",non_spatial
y_spcs_ft,"345678.90, 345789.01, 345890.12",y_coord
account_balance,"3456.78, 3457.89, 3458.90",non_spatial
Northing,"6123456.7, 6123457.8, 6123458.9",y_coord
y_or_n_response,"Y, N, Y",non_spatial
y_coord_proj,"4200100.2, 4200150.3, 4200200.4",y_coord
fiscal_y_end,"2022-06-30, 2023-06-30, 2024-06-30",non_spatial
Y_COORD,"2109876.54, 2109877.65, 2109878.76",y_coord
Y_SALE_PRICE,"210987.65, 210987.76, 210987.87",non_spatial
y_nad83_stateplane_usft,"456789.12, 456799.23, 456809.34",y_coord
parcel_id,"45-6789-12, 45-6799-23, 45-6809-34",non_spatial
y_web_mercator,"5009377.08, 5009400.12, 5009423.16",y_coord
employee_id,"5009377, 5009400, 5009423",non_spatial
y_coordinate_meters,"4750001.23, 4750002.34, 4750003.45",y_coord
y_axis_unit,"Meters, Feet, Inches",non_spatial
Northing_ft,"189000.5, 189050.2, 189100.9",y_coord
call_duration_sec,"189, 190, 189",non_spatial
y_proj,"3210987.6, 3210988.7, 3210989.8",y_coord
y_over_y_growth,"0.05, -0.02, 0.11",non_spatial
Y_EPSG_3857,"4998765.43, 4998776.54, 4998787.65",y_coord
y_category_code,"A499, B765, C543",non_spatial
y_coord_stateplane,"789012.34, 789022.45, 789032.56",y_coord
invoice_num,"INV-789012, INV-789022, INV-789032",non_spatial
gis.y,"234567.8, 234578.9, 234589.0",y_coord
y_chromosome_present,"true, false, true",non_spatial
y_map_coord,"1500250.75, 1500300.50, 1500350.25",y_coord
y_intercept,"150.02, 150.03, 150.03",non_spatial
y_coord_ftus,"987654.32, 987655.43, 987656.54",y_coord
serial_number,"98765432, 98765543, 98765654",non_spatial
y_albers_equal_area,"2233445.56, 2233456.67, 2233467.78",y_coord
report_y_n,"Y, Y, N",non_spatial
zip,"10025, 10026, 10027",zip5
bin,"1081744, 1081745, 1081746",bin
postal_code,"11201, 11217, 11238",zip5
building_id,"3001234, 3001235, 3001236",bin
property_zip,"10461, 10462, 10465",zip5
property_bin,"2098765, 2098766, 2098767",bin
location_zipcode,"11377, 11378, 11101",zip5
location_id_num,"4005432, 4005433, 4005434",bin
addr_zip,"10301, 10304, 10305",zip5
addr_bld_id,"5012345, 5012346, 5012347",bin
ZIP,"10003, 10009, 10012",zip5
BIN_#,"1000055, 1000056, 1000057",bin
zip_5,"11221, 11216, 11233",zip5
building_id_7,"3330101, 3330102, 3330103",bin
owner_zip,"10451, 10452, 10456",zip5
owner_bldg_id,"2000000, 2000001, 2000002",bin
geocoded_zip,"11432, 11433, 11434",zip5
geocoded_bin,"4123456, 4123457, 4123458",bin
site_zip,"10314, 10312, 10309",zip5
site_id,"5080000, 5080001, 5080002",bin
id_zip,"10011, 10014, 10018",zip5
id_bin,"1079111, 1079112, 1079113",bin
nyc_zip,"11226, 11225, 11218",zip5
nyc_id,"3077777, 3077778, 3077779",bin
ZCODE,"10467, 10468, 10458",zip5
BLDG_CODE,"2111111, 2111112, 2111113",bin
zipcode_string,"11368, 11369, 11370",zip5
bin_string,"4444444, 4444445, 4444446",bin
parcel_zip,"10306, 10307, 10308",zip5
parcel_id_num,"5065432, 5065433, 5065434",bin
mail_zip,"10029, 10035, 10128",zip5
building_num,"1050000, 1050001, 1050002",bin
ZipCode,"11206, 11205, 11249",zip5
BuildingID,"3060000, 3060001, 3060002",bin
service_area_zip,"10472, 10473, 10474",zip5
service_bldg_id,"2055555, 2055556, 2055557",bin
tax_payer_zip,"11691, 11692, 11693",zip5
tax_lot_bldg_id,"4220000, 4220001, 4220002",bin
prop_zip_cd,"10036, 10019, 10020",zip5
prop_bldg_ident,"1025000, 1025001, 1025002",bin
zip_code,"10001, 10002, 10003",zip5
boro_code,"1, 2, 3",borough_code
postal_code,"90210, 90211, 90212",zip5
ZIPCODE,"60601, 60602, 60603",zip5
BOROCODE,"2, 3, 4",borough_code
property_zip,"11201, 11215, 11238",zip5
b_code,"3, 3, 3",borough_code
mail_zip,"77002, 77005, 77006",zip5
boro_id,"5, 1, 2",borough_code
z_code,"33130, 33131, 33132",zip5
boro,"1, 3, 5",borough_code
zipcode_5,"19102, 19103, 19104",zip5
borough,"2, 4, 1",borough_code
addr_zip,"02108, 02109, 02110",zip5
bcode,"3, 4, 5",borough_code
PSTL_CD,"94102, 94103, 94104",zip5
BORO,"1, 2, 3",borough_code
location_zip,"10451, 10452, 10453",zip5
location_boro_code,"2, 2, 2",borough_code
site_zip_code,"11354, 11355, 11356",zip5
site_boro_id,"4, 4, 4",borough_code
facilityZip,"98101, 98102, 98104",zip5
primary_zip,"80202, 80203, 80204",zip5
primary_boro_num,"2, 4, 5",borough_code
zip_cd,"20001, 20002, 20003",zip5
boro_cd,"1, 3, 4",borough_code
zipcode,"10301, 10302, 10304",zip5
borough_code,"5, 5, 5",borough_code
ZCTA5,"07302, 07304, 07305",zip5
nyc_boro,"1, 2, 4",borough_code
zip_code_5_digit,"11101, 11102, 11103",zip5
borough_number,"4, 4, 4",borough_code
owner_zip,"10023, 10024, 10025",zip5
bbl_borough_code,"1, 1, 1",borough_code
mailing_zipcode,"11432, 11433, 11434",zip5
boro_identifier,"4, 4, 4",borough_code
zip,"10009, 10010, 10011",zip5
boro_digit,"1, 1, 1",borough_code
business_zip,"94103, 94105, 94107",zip5
business_id,"10521, 10522, 10523",non_spatial
ZIP,"10001, 10011, 10012",zip5
PERMIT_ID,"45001, 45002, 45003",non_spatial
property_zip_code,"75201, 75202, 75206",zip5
property_tax_id,"81034, 81035, 81036",non_spatial
site_zip,"60607, 60614, 60622",zip5
site_code,"33101, 33102, 33103",non_spatial
patient_zip,"02114, 02115, 02118",zip5
patient_record_num,"98455, 98456, 98457",non_spatial
school_zip,"33130, 33131, 33132",zip5
school_id,"10580, 10581, 10582",non_spatial
zIpCoDe,"19102, 19103, 19104",zip5
iNvOiCe_NuM,"75001, 75002, 75003",non_spatial
vendor_postal_code,"90012, 90013, 90014",zip5
vendor_id,"20111, 20112, 20113",non_spatial
RES_ZIP,"77002, 77005, 77006",zip5
RES_ID,"54321, 54322, 54323",non_spatial
Zip5,"11201, 11211, 11215",zip5
ItemID,"18901, 18902, 18903",non_spatial
store_zip,"98101, 98104, 98121",zip5
store_number,"10101, 10102, 10103",non_spatial
applicant_zip,"80202, 80203, 80204",zip5
applicant_case_id,"60051, 60052, 60053",non_spatial
facilityZip,"30303, 30308, 30309",zip5
facilityId,"40401, 40402, 40403",non_spatial
PSTL_CODE,"01852, 01854, 01826",zip5
PART_CODE,"22001, 22002, 22003",non_spatial
office.zip,"20001, 20002, 20003",zip5
office.id,"11001, 11002, 11003",non_spatial
donor_zip_code,"85001, 85003, 85004",zip5
donor_account_num,"91001, 91002, 91003",non_spatial
location_zip,"44102, 44106, 44113",zip5
location_id,"12345, 12346, 12347",non_spatial
client_zip,"92101, 92102, 92103",zip5
client_num,"50010, 50011, 50012",non_spatial
customer_zip,"19120, 19121, 19122",zip5
customer_id,"88801, 88802, 88803",non_spatial
zip_code_5,"63101, 63102, 63103",zip5
form_id_5,"70101, 70102, 70103",non_spatial
zip,"90210, 90211, 90212",zip5
zip_plus_4,"90210-1501, 90211-1602, 90212-1703",zip9
postal_code,"10001, 10002, 10003",zip5
full_zip,"10001-1234, 10002-5678, 10003-9012",zip9
property_zip,"60601, 60602, 60603",zip5
mailing_zip,"60601-2222, 60602-3333, 60603-4444",zip9
ZIP,"33130, 33131, 33132",zip5
ZIP_EXT,"33130-1000, 33131-2000, 33132-3000",zip9
site_zip5,"98101, 98102, 98104",zip5
site_zip9,"98101-3707, 98102-4404, 98104-1902",zip9
ZipCode,"75201, 75202, 75204",zip5
Zip_Plus4,"75201-3101, 75202-5001, 75204-2101",zip9
z_code,"02108, 02109, 02110",zip5
zip4,"02108-3603, 02109-3208, 02110-1301",zip9
primary_zipcode,"80202, 80203, 80204",zip5
delivery_zipcode,"80202-3001, 80203-1001, 80204-4001",zip9
location.zip,"19102, 19103, 19104",zip5
location.zip_extended,"19102-3601, 19103-5101, 19104-6001",zip9
addr_zip,"94102, 94103, 94104",zip5
addr_zip_full,"94102-2501, 94103-1501, 94104-1201",zip9
OWNER_ZIP,"30303, 30305, 30308",zip5
OWNER_ZIP_PLUS_4,"30303-1000, 30305-2000, 30308-3000",zip9
zip_cd_long,"20001-1111, 20002-2222, 20003-3333",zip9
businessZip,"85001, 85003, 85004",zip5
businessZipExt,"85001-9876, 85003-5432, 85004-2109",zip9
facility_zip_code,"77002, 77003, 77004",zip5
facility_zip_code_4,"77002-4567, 77003-8901, 77004-2345",zip9
ZIPCODE_5,"48201, 48202, 48207",zip5
ZIPCODE_9,"48201-1234, 48202-5678, 48207-9012",zip9
office_zip,"55401, 55402, 55403",zip5
office_zip_ext,"55401-1001, 55402-2002, 55403-3003",zip9
PSTL_CD,"97201, 97204, 97205",zip5
PSTL_CD_EXT,"97201-4444, 97204-5555, 97205-6666",zip9
client_zip,"89101, 89102, 89104",zip5
client_zip_plus4,"89101-7890, 89102-6543, 89104-3210",zip9
residence_zip,"70112, 70113, 70115",zip5
residence_zip_full,"70112-1122, 70113-3344, 70115-5566",zip9
billing_zip,"92101, 92102, 92103",zip5
billing_zip9,"92101-9182, 92102-7364, 92103-5498",zip9
zip_code_plus_4,"90210-1234, 90211-5678, 90212-9012",zip9
order_number,"84321-2023, 84322-2023, 84323-2024",non_spatial
full_zip,"10001-2513, 10003-7123, 10012-4587",zip9
document_id,"10001-0001, 10001-0002, 10001-0003",non_spatial
mailing_zip9,"60601-1111, 60602-2222, 60603-3333",zip9
case_file_number,"60601-2021, 60602-2021, 60603-2022",non_spatial
prop_zip9,"33131-2819, 33132-1603, 33133-5506",zip9
invoice_ref,"33131-4567, 33131-4568, 33131-4569",non_spatial
ZIP9_CD,"94102-4503, 94103-1509, 94104-2603",zip9
CUST_ID,"94102-0001, 94103-0002, 94104-0003",non_spatial
zipcode_extended,"77002-5205, 77005-2109, 77006-4614",zip9
tracking_num,"77002-9876, 77005-5432, 77006-1098",non_spatial
site_zip_full,"02108-3603, 02109-3205, 02110-2101",zip9
product_sku,"02108-1000, 02108-1001, 02110-2000",non_spatial
zip_plus4,"20001-1402, 20002-4301, 20003-2705",zip9
record_identifier,"20001-000A, 20002-000B, 20003-000C",non_spatial
OWNER_ZIP9,"80202-4008, 80203-3401, 80204-2205",zip9
ACCOUNT_NUM,"80202-1111, 80203-2222, 80204-3333",non_spatial
zip_full,"98101-3707, 98102-2401, 98104-1928",zip9
permit_id,"98101-2022, 98102-2023, 98104-2023",non_spatial
z_p_4,"19102-3701, 19103-5504, 19104-2819",zip9
serial_code,"19102-0001, 19102-0002, 19102-0003",non_spatial
zip_code_ext,"30303-1604, 30305-4102, 30308-2212",zip9
batch_id,"30303-001A, 30305-002B, 30308-003C",non_spatial
zipcode_9,"85001-1234, 85003-4567, 85004-7890",zip9
transaction_id,"85001-0001, 85001-0002, 85003-0003",non_spatial
fullzipcode,"78701-3456, 78702-6543, 78703-9876",zip9
item_code,"78701-0010, 78701-0020, 78701-0030",non_spatial
zip_nine,"92101-7890, 92102-1122, 92103-3344",zip9
control_number,"92101-000A, 92102-000B, 92103-000C",non_spatial
zip_code_9_digit,"11201-5432, 11211-8765, 11238-1234",zip9
reference_num,"11201-1000, 11201-1001, 11211-2000",non_spatial
zip9_code,"48226-2345, 48201-5432, 48207-8765",zip9
job_number,"48226-2023, 48201-2023, 48207-2024",non_spatial
ZIPCODE_PLUS4,"97201-1234, 97204-5678, 97205-9012",zip9
PART_ID,"97201-0001, 97201-0002, 97204-0003",non_spatial
ZipPlus4,"29401-1111, 29403-2222, 29405-3333",zip9
member_id,"29401-9876, 29403-5432, 29405-1098",non_spatial
zipcode_full,"89101-4444, 89109-5555, 89119-6666",zip9
shipment_id,"89101-0001, 89109-0002, 89119-0003",non_spatial